ts_us	phase	event	task_id
433	lifecycle	spawn	0
456	lifecycle	spawn	1
463	lifecycle	spawn	2
470	lifecycle	spawn	3
476	lifecycle	spawn	4
483	lifecycle	spawn	5
489	lifecycle	spawn	6
494	lifecycle	spawn	7
500	lifecycle	spawn	8
508	lifecycle	spawn	9
514	lifecycle	spawn	10
519	lifecycle	spawn	11
524	lifecycle	spawn	12
529	lifecycle	spawn	13
534	lifecycle	spawn	14
539	lifecycle	spawn	15
544	lifecycle	spawn	16
562	lifecycle	spawn	17
568	lifecycle	spawn	18
573	lifecycle	spawn	19
578	lifecycle	spawn	20
583	lifecycle	spawn	21
587	lifecycle	spawn	22
592	lifecycle	spawn	23
597	lifecycle	spawn	24
602	lifecycle	spawn	25
607	lifecycle	spawn	26
612	lifecycle	spawn	27
617	lifecycle	spawn	28
621	lifecycle	spawn	29
626	lifecycle	spawn	30
631	lifecycle	spawn	31
636	lifecycle	spawn	32
650	lifecycle	spawn	33
655	lifecycle	spawn	34
660	lifecycle	spawn	35
665	lifecycle	spawn	36
670	lifecycle	spawn	37
675	lifecycle	spawn	38
680	lifecycle	spawn	39
685	lifecycle	spawn	40
689	lifecycle	spawn	41
694	lifecycle	spawn	42
699	lifecycle	spawn	43
704	lifecycle	spawn	44
709	lifecycle	spawn	45
714	lifecycle	spawn	46
719	lifecycle	spawn	47
724	lifecycle	spawn	48
729	lifecycle	spawn	49
734	lifecycle	spawn	50
738	lifecycle	spawn	51
743	lifecycle	spawn	52
748	lifecycle	spawn	53
757	lifecycle	spawn	54
762	lifecycle	spawn	55
767	lifecycle	spawn	56
771	lifecycle	spawn	57
776	lifecycle	spawn	58
781	lifecycle	spawn	59
786	lifecycle	spawn	60
791	lifecycle	spawn	61
796	lifecycle	spawn	62
801	lifecycle	spawn	63
805	lifecycle	spawn	64
827	lifecycle	spawn	65
832	lifecycle	spawn	66
837	lifecycle	spawn	67
842	lifecycle	spawn	68
847	lifecycle	spawn	69
852	lifecycle	spawn	70
857	lifecycle	spawn	71
861	lifecycle	spawn	72
866	lifecycle	spawn	73
871	lifecycle	spawn	74
876	lifecycle	spawn	75
881	lifecycle	spawn	76
886	lifecycle	spawn	77
891	lifecycle	spawn	78
896	lifecycle	spawn	79
900	lifecycle	spawn	80
905	lifecycle	spawn	81
910	lifecycle	spawn	82
915	lifecycle	spawn	83
920	lifecycle	spawn	84
925	lifecycle	spawn	85
930	lifecycle	spawn	86
935	lifecycle	spawn	87
939	lifecycle	spawn	88
944	lifecycle	spawn	89
949	lifecycle	spawn	90
954	lifecycle	spawn	91
959	lifecycle	spawn	92
964	lifecycle	spawn	93
969	lifecycle	spawn	94
973	lifecycle	spawn	95
978	lifecycle	spawn	96
983	lifecycle	spawn	97
988	lifecycle	spawn	98
993	lifecycle	spawn	99
998	lifecycle	spawn	100
1003	lifecycle	spawn	101
1008	lifecycle	spawn	102
1013	lifecycle	spawn	103
1018	lifecycle	spawn	104
1022	lifecycle	spawn	105
1027	lifecycle	spawn	106
1032	lifecycle	spawn	107
1037	lifecycle	spawn	108
1042	lifecycle	spawn	109
1047	lifecycle	spawn	110
1051	lifecycle	spawn	111
1056	lifecycle	spawn	112
1061	lifecycle	spawn	113
1070	lifecycle	spawn	114
1075	lifecycle	spawn	115
1080	lifecycle	spawn	116
1085	lifecycle	spawn	117
1089	lifecycle	spawn	118
1094	lifecycle	spawn	119
1099	lifecycle	spawn	120
1104	lifecycle	spawn	121
1109	lifecycle	spawn	122
1114	lifecycle	spawn	123
1118	lifecycle	spawn	124
1123	lifecycle	spawn	125
1128	lifecycle	spawn	126
1133	lifecycle	spawn	127
1141	lifecycle	spawn	128
1178	lifecycle	spawn	129
1184	lifecycle	spawn	130
1189	lifecycle	spawn	131
1193	lifecycle	spawn	132
1198	lifecycle	spawn	133
1204	lifecycle	spawn	134
1209	lifecycle	spawn	135
1213	lifecycle	spawn	136
1218	lifecycle	spawn	137
1223	lifecycle	spawn	138
1228	lifecycle	spawn	139
1233	lifecycle	spawn	140
1238	lifecycle	spawn	141
1243	lifecycle	spawn	142
1248	lifecycle	spawn	143
1253	lifecycle	spawn	144
1258	lifecycle	spawn	145
1263	lifecycle	spawn	146
1268	lifecycle	spawn	147
1273	lifecycle	spawn	148
1278	lifecycle	spawn	149
1283	lifecycle	spawn	150
1288	lifecycle	spawn	151
1292	lifecycle	spawn	152
1297	lifecycle	spawn	153
1302	lifecycle	spawn	154
1307	lifecycle	spawn	155
1312	lifecycle	spawn	156
1317	lifecycle	spawn	157
1322	lifecycle	spawn	158
1326	lifecycle	spawn	159
1331	lifecycle	spawn	160
1336	lifecycle	spawn	161
1341	lifecycle	spawn	162
1346	lifecycle	spawn	163
1351	lifecycle	spawn	164
1356	lifecycle	spawn	165
1360	lifecycle	spawn	166
1365	lifecycle	spawn	167
1370	lifecycle	spawn	168
1375	lifecycle	spawn	169
1380	lifecycle	spawn	170
1385	lifecycle	spawn	171
1398	lifecycle	spawn	172
1404	lifecycle	spawn	173
1409	lifecycle	spawn	174
1413	lifecycle	spawn	175
1418	lifecycle	spawn	176
1423	lifecycle	spawn	177
1432	lifecycle	spawn	178
1437	lifecycle	spawn	179
1443	lifecycle	spawn	180
1448	lifecycle	spawn	181
1452	lifecycle	spawn	182
1457	lifecycle	spawn	183
1462	lifecycle	spawn	184
1467	lifecycle	spawn	185
1472	lifecycle	spawn	186
1477	lifecycle	spawn	187
1482	lifecycle	spawn	188
1487	lifecycle	spawn	189
1492	lifecycle	spawn	190
1496	lifecycle	spawn	191
1501	lifecycle	spawn	192
1511	lifecycle	spawn	193
1516	lifecycle	spawn	194
1521	lifecycle	spawn	195
1526	lifecycle	spawn	196
1531	lifecycle	spawn	197
1536	lifecycle	spawn	198
1541	lifecycle	spawn	199
1546	lifecycle	spawn	200
1551	lifecycle	spawn	201
1556	lifecycle	spawn	202
1560	lifecycle	spawn	203
1564	lifecycle	spawn	204
1569	lifecycle	spawn	205
1573	lifecycle	spawn	206
1578	lifecycle	spawn	207
1582	lifecycle	spawn	208
1587	lifecycle	spawn	209
1591	lifecycle	spawn	210
1595	lifecycle	spawn	211
1600	lifecycle	spawn	212
1604	lifecycle	spawn	213
1609	lifecycle	spawn	214
1613	lifecycle	spawn	215
1617	lifecycle	spawn	216
1622	lifecycle	spawn	217
1626	lifecycle	spawn	218
1631	lifecycle	spawn	219
1635	lifecycle	spawn	220
1640	lifecycle	spawn	221
1644	lifecycle	spawn	222
1648	lifecycle	spawn	223
1653	lifecycle	spawn	224
1657	lifecycle	spawn	225
1662	lifecycle	spawn	226
1666	lifecycle	spawn	227
1670	lifecycle	spawn	228
1675	lifecycle	spawn	229
1679	lifecycle	spawn	230
1684	lifecycle	spawn	231
1688	lifecycle	spawn	232
1692	lifecycle	spawn	233
1697	lifecycle	spawn	234
1701	lifecycle	spawn	235
1706	lifecycle	spawn	236
1710	lifecycle	spawn	237
1714	lifecycle	spawn	238
1719	lifecycle	spawn	239
1723	lifecycle	spawn	240
1728	lifecycle	spawn	241
1732	lifecycle	spawn	242
1736	lifecycle	spawn	243
1741	lifecycle	spawn	244
1745	lifecycle	spawn	245
1750	lifecycle	spawn	246
1754	lifecycle	spawn	247
1758	lifecycle	spawn	248
1763	lifecycle	spawn	249
1767	lifecycle	spawn	250
1777	lifecycle	spawn	251
1788	lifecycle	spawn	252
1798	lifecycle	spawn	253
1805	lifecycle	spawn	254
1815	lifecycle	spawn	255
1858	lifecycle	spawn	256
1867	lifecycle	spawn	257
1874	lifecycle	spawn	258
1880	lifecycle	spawn	259
1887	heartbeat	spawn	260
1892	network	open	261
2155	network	connect	262
2318	network	connect	263
2429	network	connect	264
2532	network	connect	265
2640	network	connect	266
2742	network	connect	267
2842	network	connect	268
2950	network	connect	269
3073	network	connect	270
3182	network	connect	271
3299	network	connect	272
3402	network	connect	273
3502	network	connect	274
3602	network	connect	275
3709	network	connect	276
4907	network	reply	262
4949	network	reply	263
4979	network	reply	264
5007	network	reply	265
5036	network	reply	266
5064	network	reply	267
5092	network	reply	268
5121	network	reply	269
5149	network	reply	270
5177	network	reply	271
5206	network	reply	272
5234	network	reply	273
5262	network	reply	274
5290	network	reply	275
5318	network	reply	276
8989	lifecycle	wave	256
9019	lifecycle	wave	255
9026	lifecycle	wave	254
9031	lifecycle	wave	253
9037	lifecycle	wave	252
9043	lifecycle	wave	251
9049	lifecycle	wave	250
10338	lifecycle	wave	259
10347	lifecycle	wave	258
10353	lifecycle	wave	257
14263	lifecycle	wave	250
14279	lifecycle	wave	251
14285	lifecycle	wave	252
14291	lifecycle	wave	253
14297	lifecycle	wave	254
14403	lifecycle	wave	255
14410	lifecycle	wave	256
15707	lifecycle	wave	257
15716	lifecycle	wave	258
15722	lifecycle	wave	259
19594	lifecycle	wave	256
19609	lifecycle	wave	255
19615	lifecycle	wave	254
19622	lifecycle	wave	253
19628	lifecycle	wave	252
19634	lifecycle	wave	251
19640	lifecycle	wave	250
20959	lifecycle	wave	259
20974	lifecycle	wave	258
20981	lifecycle	wave	257
24954	lifecycle	wave	250
24969	lifecycle	wave	251
24976	lifecycle	wave	252
24982	lifecycle	wave	253
24988	lifecycle	wave	254
24995	lifecycle	wave	255
25001	lifecycle	wave	256
26346	lifecycle	wave	257
26355	lifecycle	wave	258
26361	lifecycle	wave	259
30121	lifecycle	wave	256
30130	lifecycle	wave	255
30136	lifecycle	wave	254
30142	lifecycle	wave	253
30148	lifecycle	wave	252
30161	lifecycle	wave	251
30167	lifecycle	wave	250
31611	lifecycle	wave	259
31620	lifecycle	wave	258
31625	lifecycle	wave	257
35440	lifecycle	wave	250
35450	lifecycle	wave	251
35456	lifecycle	wave	252
35462	lifecycle	wave	253
35469	lifecycle	wave	254
35475	lifecycle	wave	255
35482	lifecycle	wave	256
36768	lifecycle	wave	257
36776	lifecycle	wave	258
36782	lifecycle	wave	259
40642	lifecycle	wave	256
40651	lifecycle	wave	255
40657	lifecycle	wave	254
40663	lifecycle	wave	253
40668	lifecycle	wave	252
40674	lifecycle	wave	251
40680	lifecycle	wave	250
41962	lifecycle	wave	259
41970	lifecycle	wave	258
41976	lifecycle	wave	257
45896	lifecycle	wave	250
45906	lifecycle	wave	251
45912	lifecycle	wave	252
45918	lifecycle	wave	253
45924	lifecycle	wave	254
45930	lifecycle	wave	255
45936	lifecycle	wave	256
47384	lifecycle	wave	257
47393	lifecycle	wave	258
47400	lifecycle	wave	259
51185	lifecycle	wave	256
51196	lifecycle	wave	255
51204	lifecycle	wave	254
51210	lifecycle	wave	253
51217	lifecycle	wave	252
51225	lifecycle	wave	251
51231	lifecycle	wave	250
51420	heartbeat	tick	277
52701	lifecycle	wave	259
52709	lifecycle	wave	258
52715	lifecycle	wave	257
56678	timer	op	96
56698	timer	op	97
56703	timer	op	98
56708	timer	op	99
56713	timer	op	100
56718	timer	op	101
56723	timer	op	102
56728	timer	op	103
56733	timer	op	104
56738	timer	op	105
56743	timer	op	106
56862	lifecycle	wave	250
56892	lifecycle	wave	251
56900	lifecycle	wave	252
56907	lifecycle	wave	253
56915	lifecycle	wave	254
56923	lifecycle	wave	255
56930	lifecycle	wave	256
58130	timer	op	172
58145	timer	op	173
58150	timer	op	174
58155	timer	op	175
58160	timer	op	176
58165	timer	op	177
58171	timer	op	178
58176	timer	op	179
58181	timer	op	180
58185	timer	op	181
58190	timer	op	182
58195	timer	op	183
58200	timer	op	184
58205	timer	op	185
58210	timer	op	186
58215	timer	op	187
58219	timer	op	188
58233	timer	op	189
58238	timer	op	190
58243	timer	op	191
58248	timer	op	192
58253	timer	op	193
58258	timer	op	194
58262	timer	op	195
58267	timer	op	196
58272	timer	op	197
58277	timer	op	198
58440	lifecycle	wave	257
58452	lifecycle	wave	258
58459	lifecycle	wave	259
59697	timer	op	85
59703	timer	op	86
59708	timer	op	87
59713	timer	op	88
59718	timer	op	89
59723	timer	op	90
59728	timer	op	91
59733	timer	op	92
59738	timer	op	93
59743	timer	op	94
59747	timer	op	95
59752	timer	op	166
59757	timer	op	167
59762	timer	op	168
59767	timer	op	169
59772	timer	op	170
59777	timer	op	171
59782	timer	op	107
59787	timer	op	108
59792	timer	op	109
59797	timer	op	110
59802	timer	op	111
59807	timer	op	112
59811	timer	op	113
59816	timer	op	114
59821	timer	op	115
59826	timer	op	116
59831	timer	op	117
59836	timer	op	118
59845	timer	op	119
59850	timer	op	120
59855	timer	op	121
59859	timer	op	122
59864	timer	op	123
59870	timer	op	124
59875	timer	op	125
59880	timer	op	126
59885	timer	op	127
59890	timer	op	128
59903	timer	op	129
59908	timer	op	130
59913	timer	op	131
59918	timer	op	132
59923	timer	op	133
59928	timer	op	134
59933	timer	op	135
59937	timer	op	136
59942	timer	op	137
59947	timer	op	138
59952	timer	op	139
59957	timer	op	140
59962	timer	op	141
59967	timer	op	142
59972	timer	op	143
59977	timer	op	144
59982	timer	op	145
59987	timer	op	146
59991	timer	op	147
59996	timer	op	148
60001	timer	op	149
60006	timer	op	150
60011	timer	op	151
60016	timer	op	152
60021	timer	op	153
60026	timer	op	154
60031	timer	op	155
60036	timer	op	156
60040	timer	op	157
60056	timer	op	158
60061	timer	op	159
60066	timer	op	160
60071	timer	op	161
60076	timer	op	162
61306	timer	op	199
61425	lifecycle	wave	256
61436	lifecycle	wave	255
61443	lifecycle	wave	254
61450	lifecycle	wave	253
61457	lifecycle	wave	252
61464	lifecycle	wave	251
61472	lifecycle	wave	250
62719	timer	op	83
62731	timer	op	84
62737	timer	op	163
62742	timer	op	164
62747	timer	op	165
62752	timer	op	33
62756	timer	op	34
62761	timer	op	35
62766	timer	op	36
62771	timer	op	37
62776	timer	op	38
62781	timer	op	39
62786	timer	op	40
62790	timer	op	41
62795	timer	op	42
62800	timer	op	43
62805	timer	op	44
62814	timer	op	45
62819	timer	op	46
62824	timer	op	47
62829	timer	op	48
62834	timer	op	49
62839	timer	op	50
62854	timer	op	51
62859	timer	op	52
62864	timer	op	53
62869	timer	op	54
62874	timer	op	55
62879	timer	op	56
62884	timer	op	57
62889	timer	op	58
62894	timer	op	59
62899	timer	op	60
62903	timer	op	61
62912	timer	op	62
62917	timer	op	63
62922	timer	op	64
62927	timer	op	65
62932	timer	op	66
62937	timer	op	67
62942	timer	op	68
62947	timer	op	69
62952	timer	op	70
62956	timer	op	71
62961	timer	op	72
62966	timer	op	73
62971	timer	op	74
62976	timer	op	75
62981	timer	op	76
62986	timer	op	77
62990	timer	op	78
62995	timer	op	79
63000	timer	op	80
63035	timer	op	81
63040	timer	op	82
64458	timer	op	0
64473	timer	op	1
64479	timer	op	2
64485	timer	op	3
64490	timer	op	4
64496	timer	op	5
64502	timer	op	6
64508	timer	op	7
64513	timer	op	8
64519	timer	op	9
64525	timer	op	10
64530	timer	op	11
64535	timer	op	12
64540	timer	op	13
64545	timer	op	14
64550	timer	op	15
64558	timer	op	16
64564	timer	op	17
64568	timer	op	18
64573	timer	op	19
64578	timer	op	20
64583	timer	op	21
64588	timer	op	22
64592	timer	op	23
64597	timer	op	24
64602	timer	op	25
64607	timer	op	26
64612	timer	op	27
64617	timer	op	28
64622	timer	op	29
64626	timer	op	30
64631	timer	op	31
64636	timer	op	32
64659	lifecycle	wave	259
64670	lifecycle	wave	258
64677	lifecycle	wave	257
66004	network	connect	278
66203	network	connect	279
66316	network	connect	280
66420	network	connect	281
66523	network	connect	282
66625	network	connect	283
66727	network	connect	284
66836	network	connect	285
66939	network	connect	286
67074	network	connect	287
67186	network	connect	288
67305	network	connect	289
67406	network	connect	290
67509	network	connect	291
67612	network	connect	292
68633	lifecycle	wave	250
68647	lifecycle	wave	251
68654	lifecycle	wave	252
68662	lifecycle	wave	253
68669	lifecycle	wave	254
68677	lifecycle	wave	255
68685	lifecycle	wave	256
68748	network	reply	278
68787	network	reply	279
68817	network	reply	280
68845	network	reply	281
68874	network	reply	282
68902	network	reply	283
68930	network	reply	284
68958	network	reply	285
68986	network	reply	286
69015	network	reply	287
69043	network	reply	288
69071	network	reply	289
69100	network	reply	290
69128	network	reply	291
69156	network	reply	292
70064	lifecycle	wave	257
70077	lifecycle	wave	258
70085	lifecycle	wave	259
75450	lifecycle	wave	259
75469	lifecycle	wave	258
75477	lifecycle	wave	257
75485	lifecycle	wave	256
75492	lifecycle	wave	255
75499	lifecycle	wave	254
75506	lifecycle	wave	253
75513	lifecycle	wave	252
75520	lifecycle	wave	251
75527	lifecycle	wave	250
80966	lifecycle	wave	250
80985	lifecycle	wave	251
80993	lifecycle	wave	252
81000	lifecycle	wave	253
81007	lifecycle	wave	254
81014	lifecycle	wave	255
81022	lifecycle	wave	256
81028	lifecycle	wave	257
81036	lifecycle	wave	258
81043	lifecycle	wave	259
86410	lifecycle	wave	259
86422	lifecycle	wave	258
86429	lifecycle	wave	257
86436	lifecycle	wave	256
86443	lifecycle	wave	255
86450	lifecycle	wave	254
86457	lifecycle	wave	253
86464	lifecycle	wave	252
86484	lifecycle	wave	251
86492	lifecycle	wave	250
91687	lifecycle	wave	250
91698	lifecycle	wave	251
91705	lifecycle	wave	252
91712	lifecycle	wave	253
91719	lifecycle	wave	254
91727	lifecycle	wave	255
91733	lifecycle	wave	256
91740	lifecycle	wave	257
91747	lifecycle	wave	258
91754	lifecycle	wave	259
97016	lifecycle	wave	259
97028	lifecycle	wave	258
97035	lifecycle	wave	257
97042	lifecycle	wave	256
97049	lifecycle	wave	255
97056	lifecycle	wave	254
97063	lifecycle	wave	253
97070	lifecycle	wave	252
97077	lifecycle	wave	251
97084	lifecycle	wave	250
101414	heartbeat	tick	293
101445	lifecycle	wave	252
101454	lifecycle	wave	253
101461	lifecycle	wave	254
101468	lifecycle	wave	255
101475	lifecycle	wave	256
101483	lifecycle	wave	257
101489	lifecycle	wave	258
101496	lifecycle	wave	259
102843	lifecycle	wave	250
102852	lifecycle	wave	251
106718	lifecycle	wave	259
106728	lifecycle	wave	258
106735	lifecycle	wave	257
106742	lifecycle	wave	256
106750	lifecycle	wave	255
106757	lifecycle	wave	254
106764	lifecycle	wave	253
106771	lifecycle	wave	252
108117	lifecycle	wave	251
108126	lifecycle	wave	250
109422	coop	yield	239
109428	coop	yield	240
109433	coop	yield	241
109446	coop	yield	242
109450	coop	yield	243
109455	coop	yield	244
109459	coop	yield	245
109464	coop	yield	246
109468	coop	yield	247
109473	coop	yield	248
109477	coop	yield	249
109483	coop	yield	206
109488	coop	yield	207
109492	coop	yield	208
109497	coop	yield	209
109501	coop	yield	210
109505	coop	yield	211
109510	coop	yield	212
109514	coop	yield	213
109519	coop	yield	214
109523	coop	yield	215
109527	coop	yield	216
109532	coop	yield	217
109536	coop	yield	218
109540	coop	yield	219
109545	coop	yield	220
109549	coop	yield	221
109554	coop	yield	222
109558	coop	yield	223
109563	coop	yield	224
109567	coop	yield	225
109571	coop	yield	226
109576	coop	yield	227
109580	coop	yield	228
109584	coop	yield	229
109589	coop	yield	230
109593	coop	yield	231
109597	coop	yield	232
109602	coop	yield	233
109606	coop	yield	234
109611	coop	yield	235
109615	coop	yield	236
109619	coop	yield	237
109624	coop	yield	238
112231	lifecycle	wave	252
112242	lifecycle	wave	253
112249	lifecycle	wave	254
112256	lifecycle	wave	255
112263	lifecycle	wave	256
112449	coop	yield	200
112454	coop	yield	201
112460	coop	yield	202
112465	coop	yield	203
112469	coop	yield	204
112474	coop	yield	205
112486	lifecycle	wave	257
112495	lifecycle	wave	258
112502	lifecycle	wave	259
112535	lifecycle	wave	250
112543	lifecycle	wave	251
117737	lifecycle	wave	251
117748	lifecycle	wave	250
117756	lifecycle	wave	259
117763	lifecycle	wave	258
117770	lifecycle	wave	257
117777	lifecycle	wave	256
117784	lifecycle	wave	255
117791	lifecycle	wave	254
117798	lifecycle	wave	253
117805	lifecycle	wave	252
120380	timer	op	96
120387	timer	op	97
120392	timer	op	98
120397	timer	op	99
120411	timer	op	100
120416	timer	op	101
120421	timer	op	102
120426	timer	op	103
120431	timer	op	104
120436	timer	op	105
120441	timer	op	106
121702	timer	op	172
121708	timer	op	173
121713	timer	op	174
121718	timer	op	175
121723	timer	op	176
121727	timer	op	177
122988	timer	op	87
123018	timer	op	88
123023	timer	op	89
123028	timer	op	90
123033	timer	op	91
123038	timer	op	92
123043	timer	op	93
123047	timer	op	94
123052	timer	op	95
123057	timer	op	166
123062	timer	op	167
123067	timer	op	168
123072	timer	op	169
123077	timer	op	170
123082	timer	op	171
123087	timer	op	107
123092	timer	op	108
123097	timer	op	109
123102	timer	op	110
123107	timer	op	111
123112	timer	op	112
123117	timer	op	113
123121	timer	op	114
123126	timer	op	115
123131	timer	op	116
123136	timer	op	117
123141	timer	op	118
123146	timer	op	119
123151	timer	op	120
123156	timer	op	121
123161	timer	op	122
123166	timer	op	123
123171	timer	op	124
123176	timer	op	125
123181	timer	op	126
123186	timer	op	127
123191	timer	op	128
123205	timer	op	129
123210	timer	op	130
123214	timer	op	131
123219	timer	op	132
123229	timer	op	133
123234	timer	op	134
123239	timer	op	135
123244	timer	op	136
123248	timer	op	137
123253	timer	op	138
123258	timer	op	139
123263	timer	op	140
123268	timer	op	141
123273	timer	op	142
123278	timer	op	143
123283	timer	op	144
123288	timer	op	145
123293	timer	op	146
123298	timer	op	147
123303	timer	op	148
123308	timer	op	149
123396	lifecycle	wave	252
123405	lifecycle	wave	253
123412	lifecycle	wave	254
123419	lifecycle	wave	255
123426	lifecycle	wave	256
123559	lifecycle	wave	257
123568	lifecycle	wave	258
123576	lifecycle	wave	259
123583	lifecycle	wave	250
123591	lifecycle	wave	251
124791	timer	op	85
124797	timer	op	86
124908	timer	op	150
124914	timer	op	151
124919	timer	op	152
124924	timer	op	153
124929	timer	op	154
124934	timer	op	155
124939	timer	op	156
124944	timer	op	157
124949	timer	op	158
124954	timer	op	159
124959	timer	op	178
124964	timer	op	179
124969	timer	op	180
124973	timer	op	181
124978	timer	op	182
124983	timer	op	183
124988	timer	op	184
124993	timer	op	185
124998	timer	op	186
125003	timer	op	187
125008	timer	op	188
125013	timer	op	189
125018	timer	op	190
125023	timer	op	191
125028	timer	op	192
125032	timer	op	193
125037	timer	op	194
125042	timer	op	195
125047	timer	op	196
125057	timer	op	197
125062	timer	op	198
125091	timer	op	199
126222	timer	op	160
126228	timer	op	161
126233	timer	op	162
126322	timer	op	83
126327	timer	op	84
126332	timer	op	163
126345	timer	op	164
126350	timer	op	165
126355	timer	op	33
126360	timer	op	34
126365	timer	op	35
126370	timer	op	36
126374	timer	op	37
126379	timer	op	38
126384	timer	op	39
126389	timer	op	40
126394	timer	op	41
126399	timer	op	42
126404	timer	op	43
126409	timer	op	44
126414	timer	op	45
126423	timer	op	46
126428	timer	op	47
126433	timer	op	48
126438	timer	op	49
126443	timer	op	50
126448	timer	op	51
126452	timer	op	52
126457	timer	op	53
126462	timer	op	54
126467	timer	op	55
126472	timer	op	56
126477	timer	op	57
126482	timer	op	58
126487	timer	op	59
126492	timer	op	60
126497	timer	op	61
126502	timer	op	62
126511	timer	op	63
126516	timer	op	64
126521	timer	op	65
126525	timer	op	66
126530	timer	op	67
126535	timer	op	68
126540	timer	op	69
126545	timer	op	70
126550	timer	op	71
126555	timer	op	72
126560	timer	op	73
126565	timer	op	74
126570	timer	op	75
126575	timer	op	76
127716	timer	op	77
127723	timer	op	78
127728	timer	op	79
127733	timer	op	80
127738	timer	op	81
127742	timer	op	82
127800	timer	op	0
127805	timer	op	1
127810	timer	op	2
127815	timer	op	3
127820	timer	op	4
127825	timer	op	5
127830	timer	op	6
127835	timer	op	7
127840	timer	op	8
127845	timer	op	9
127850	timer	op	10
127855	timer	op	11
127860	timer	op	12
127864	timer	op	13
127870	timer	op	14
127874	timer	op	15
127879	timer	op	16
127884	timer	op	17
127889	timer	op	18
127894	timer	op	19
127899	timer	op	20
127904	timer	op	21
127909	timer	op	22
127914	timer	op	23
127919	timer	op	24
127924	timer	op	25
127929	timer	op	26
127934	timer	op	27
127939	timer	op	28
127944	timer	op	29
127948	timer	op	30
127953	timer	op	31
127958	timer	op	32
129376	lifecycle	wave	251
129386	lifecycle	wave	250
129393	lifecycle	wave	259
129400	lifecycle	wave	258
129407	lifecycle	wave	257
129440	lifecycle	wave	256
129447	lifecycle	wave	255
129454	lifecycle	wave	254
129461	lifecycle	wave	253
129470	lifecycle	wave	252
129533	network	connect	294
129692	network	connect	295
129802	network	connect	296
129905	network	connect	297
130008	network	connect	298
130114	network	connect	299
130215	network	connect	300
130317	network	connect	301
130417	network	connect	302
130518	network	connect	303
130619	network	connect	304
130731	network	connect	305
130832	network	connect	306
130939	network	connect	307
131071	network	connect	308
132057	network	reply	294
132096	network	reply	295
132126	network	reply	296
132155	network	reply	297
132183	network	reply	298
132212	network	reply	299
132240	network	reply	300
132268	network	reply	301
132297	network	reply	302
132325	network	reply	303
132354	network	reply	304
132382	network	reply	305
132410	network	reply	306
132438	network	reply	307
132466	network	reply	308
134664	lifecycle	wave	251
137418	lifecycle	wave	252
137429	lifecycle	wave	253
137436	lifecycle	wave	254
137444	lifecycle	wave	255
137451	lifecycle	wave	256
137458	lifecycle	wave	257
137465	lifecycle	wave	258
137472	lifecycle	wave	259
137479	lifecycle	wave	250
140085	lifecycle	wave	251
142704	lifecycle	wave	250
142714	lifecycle	wave	259
142721	lifecycle	wave	258
142728	lifecycle	wave	257
142735	lifecycle	wave	256
142743	lifecycle	wave	255
142750	lifecycle	wave	254
142756	lifecycle	wave	253
142763	lifecycle	wave	252
145417	lifecycle	wave	251
147989	lifecycle	wave	252
147999	lifecycle	wave	253
148006	lifecycle	wave	254
148013	lifecycle	wave	255
148020	lifecycle	wave	256
148028	lifecycle	wave	257
148035	lifecycle	wave	258
148041	lifecycle	wave	259
148049	lifecycle	wave	250
150704	lifecycle	wave	251
151978	heartbeat	tick	309
153416	lifecycle	wave	250
153427	lifecycle	wave	259
153434	lifecycle	wave	258
153441	lifecycle	wave	257
153448	lifecycle	wave	256
153455	lifecycle	wave	255
153462	lifecycle	wave	254
153469	lifecycle	wave	253
153476	lifecycle	wave	252
156075	lifecycle	wave	251
158692	lifecycle	wave	252
158703	lifecycle	wave	253
158710	lifecycle	wave	254
158716	lifecycle	wave	255
158724	lifecycle	wave	256
158731	lifecycle	wave	257
158738	lifecycle	wave	258
158745	lifecycle	wave	259
158752	lifecycle	wave	250
161399	lifecycle	wave	251
163969	lifecycle	wave	250
163979	lifecycle	wave	259
163986	lifecycle	wave	258
163993	lifecycle	wave	257
164012	lifecycle	wave	256
164019	lifecycle	wave	255
164026	lifecycle	wave	254
164033	lifecycle	wave	253
164040	lifecycle	wave	252
166690	lifecycle	wave	251
169406	lifecycle	wave	252
169417	lifecycle	wave	253
169424	lifecycle	wave	254
169431	lifecycle	wave	255
169438	lifecycle	wave	256
169446	lifecycle	wave	257
169452	lifecycle	wave	258
169459	lifecycle	wave	259
169466	lifecycle	wave	250
172068	lifecycle	wave	251
174679	lifecycle	wave	250
174690	lifecycle	wave	259
174697	lifecycle	wave	258
174703	lifecycle	wave	257
174710	lifecycle	wave	256
174718	lifecycle	wave	255
174725	lifecycle	wave	254
174731	lifecycle	wave	253
174739	lifecycle	wave	252
177390	lifecycle	wave	251
179960	lifecycle	wave	252
179971	lifecycle	wave	253
179978	lifecycle	wave	254
179985	lifecycle	wave	255
179992	lifecycle	wave	256
179999	lifecycle	wave	257
180006	lifecycle	wave	258
180013	lifecycle	wave	259
180020	lifecycle	wave	250
182662	lifecycle	wave	251
185400	timer	op	96
185407	timer	op	97
185441	lifecycle	wave	250
185450	lifecycle	wave	259
185457	lifecycle	wave	258
185464	lifecycle	wave	257
185472	lifecycle	wave	256
185480	lifecycle	wave	255
185488	lifecycle	wave	254
185495	lifecycle	wave	253
185503	lifecycle	wave	252
186687	timer	op	166
186693	timer	op	167
186698	timer	op	168
186703	timer	op	169
186708	timer	op	170
186713	timer	op	171
186718	timer	op	107
186723	timer	op	108
186728	timer	op	109
186733	timer	op	110
186738	timer	op	111
186743	timer	op	112
186748	timer	op	113
186753	timer	op	114
186758	timer	op	115
186763	timer	op	116
186768	timer	op	98
186773	timer	op	99
186778	timer	op	100
186783	timer	op	101
186788	timer	op	102
186793	timer	op	103
186798	timer	op	104
186803	timer	op	105
186808	timer	op	106
186913	timer	op	172
186918	timer	op	173
186923	timer	op	174
186932	timer	op	175
186937	timer	op	176
186942	timer	op	177
188100	timer	op	87
188106	timer	op	88
188111	timer	op	89
188116	timer	op	90
188121	timer	op	91
188126	timer	op	92
188131	timer	op	93
188136	timer	op	94
188141	timer	op	95
188254	timer	op	117
188259	timer	op	118
188265	timer	op	119
188270	timer	op	120
188275	timer	op	121
188280	timer	op	122
188357	timer	op	123
188362	timer	op	124
188367	timer	op	125
188372	timer	op	126
188377	timer	op	127
188382	timer	op	128
188394	lifecycle	wave	251
189655	timer	op	33
189661	timer	op	34
189666	timer	op	35
189671	timer	op	36
189676	timer	op	37
189681	timer	op	38
189686	timer	op	39
189691	timer	op	40
189696	timer	op	41
189703	timer	op	199
189733	timer	op	129
189739	timer	op	130
189744	timer	op	131
189749	timer	op	132
189754	timer	op	133
189759	timer	op	134
189763	timer	op	135
189768	timer	op	136
189773	timer	op	137
189778	timer	op	138
189783	timer	op	139
189788	timer	op	140
189793	timer	op	141
189798	timer	op	142
189807	timer	op	143
189812	timer	op	144
189817	timer	op	145
189822	timer	op	146
189827	timer	op	147
189832	timer	op	148
189837	timer	op	149
189882	timer	op	85
189887	timer	op	86
191038	timer	op	42
191044	timer	op	43
191049	timer	op	44
191054	timer	op	45
191059	timer	op	46
191064	timer	op	47
191069	timer	op	48
191074	timer	op	49
191079	timer	op	50
191084	timer	op	51
191089	timer	op	52
191094	timer	op	53
191099	timer	op	54
191104	timer	op	55
191109	timer	op	56
191115	timer	op	57
191120	timer	op	58
191124	timer	op	59
191129	timer	op	60
191134	timer	op	61
191139	timer	op	62
191144	timer	op	63
191149	timer	op	64
191154	timer	op	65
191159	timer	op	66
191164	timer	op	67
191169	timer	op	68
191174	timer	op	69
191179	timer	op	70
191184	timer	op	71
191194	timer	op	72
191199	timer	op	73
191204	timer	op	74
191209	timer	op	75
191214	timer	op	76
191228	timer	op	150
191233	timer	op	151
191238	timer	op	152
191243	timer	op	153
191248	timer	op	154
191253	timer	op	155
191258	timer	op	156
191263	timer	op	157
191268	timer	op	158
191273	timer	op	159
191278	timer	op	178
191283	timer	op	179
191288	timer	op	180
191293	timer	op	181
191298	timer	op	182
191303	timer	op	183
191308	timer	op	184
191313	timer	op	185
191318	timer	op	186
191323	timer	op	187
191328	timer	op	188
191333	timer	op	189
191338	timer	op	190
191343	timer	op	191
191348	timer	op	192
191361	timer	op	193
191366	timer	op	194
191371	timer	op	195
191376	timer	op	196
191380	timer	op	197
191385	timer	op	198
191494	timer	op	83
191499	timer	op	84
191504	timer	op	163
191509	timer	op	164
191514	timer	op	165
191558	lifecycle	wave	252
191567	lifecycle	wave	253
191574	lifecycle	wave	254
191581	lifecycle	wave	255
191588	lifecycle	wave	256
191631	lifecycle	wave	257
191639	lifecycle	wave	258
191647	lifecycle	wave	259
191654	lifecycle	wave	250
192867	timer	op	0
192873	timer	op	1
192878	timer	op	2
192883	timer	op	3
192888	timer	op	4
192893	timer	op	5
192898	timer	op	6
192903	timer	op	7
192908	timer	op	8
192913	timer	op	9
192935	timer	op	10
192940	timer	op	11
192945	timer	op	12
192950	timer	op	13
192955	timer	op	14
192960	timer	op	15
192965	timer	op	16
192970	timer	op	17
192975	timer	op	18
192980	timer	op	19
192985	timer	op	20
192990	timer	op	21
192994	timer	op	22
192999	timer	op	23
193005	timer	op	24
193010	timer	op	25
193015	timer	op	26
193020	timer	op	27
193024	timer	op	28
193029	timer	op	29
193034	timer	op	30
193039	timer	op	31
193044	timer	op	32
193115	timer	op	160
193121	timer	op	161
193126	timer	op	162
193159	timer	op	78
193164	timer	op	79
193169	timer	op	80
193174	timer	op	81
193179	timer	op	82
193205	network	connect	310
193416	network	connect	311
193526	network	connect	312
193630	network	connect	313
193732	network	connect	314
193832	network	connect	315
193934	network	connect	316
194034	network	connect	317
194136	network	connect	318
194236	network	connect	319
194343	network	connect	320
194444	network	connect	321
194545	network	connect	322
194646	network	connect	323
194747	network	connect	324
195201	timer	op	77
195837	network	reply	310
195875	network	reply	311
195905	network	reply	312
195934	network	reply	313
195962	network	reply	314
195990	network	reply	315
196018	network	reply	316
196047	network	reply	317
196075	network	reply	318
196103	network	reply	319
196129	lifecycle	wave	251
196157	network	reply	320
196187	network	reply	321
196215	network	reply	322
196244	network	reply	323
196272	network	reply	324
197217	lifecycle	wave	250
197230	lifecycle	wave	259
197422	lifecycle	wave	258
197431	lifecycle	wave	257
197438	lifecycle	wave	256
197445	lifecycle	wave	255
197453	lifecycle	wave	254
197461	lifecycle	wave	253
197469	lifecycle	wave	252
201224	heartbeat	tick	325
202726	lifecycle	wave	252
202737	lifecycle	wave	253
202744	lifecycle	wave	254
202751	lifecycle	wave	255
202758	lifecycle	wave	256
202766	lifecycle	wave	257
202773	lifecycle	wave	258
202780	lifecycle	wave	259
202787	lifecycle	wave	250
202793	lifecycle	wave	251
208001	lifecycle	wave	251
208012	lifecycle	wave	250
208019	lifecycle	wave	259
208026	lifecycle	wave	258
208033	lifecycle	wave	257
208041	lifecycle	wave	256
208047	lifecycle	wave	255
208054	lifecycle	wave	254
208062	lifecycle	wave	253
208069	lifecycle	wave	252
213684	lifecycle	wave	252
213696	lifecycle	wave	253
213703	lifecycle	wave	254
213710	lifecycle	wave	255
213717	lifecycle	wave	256
213725	lifecycle	wave	257
213732	lifecycle	wave	258
213739	lifecycle	wave	259
213747	lifecycle	wave	250
213753	lifecycle	wave	251
218976	lifecycle	wave	251
218987	lifecycle	wave	250
218994	lifecycle	wave	259
219001	lifecycle	wave	258
219017	lifecycle	wave	257
219025	lifecycle	wave	256
219032	lifecycle	wave	255
219039	lifecycle	wave	254
219046	lifecycle	wave	253
219054	lifecycle	wave	252
220424	coop	yield	239
220430	coop	yield	240
220435	coop	yield	241
220439	coop	yield	242
220444	coop	yield	243
220448	coop	yield	244
220453	coop	yield	245
220457	coop	yield	246
220462	coop	yield	247
220466	coop	yield	248
220471	coop	yield	249
220477	coop	yield	206
220481	coop	yield	207
220486	coop	yield	208
220490	coop	yield	209
220495	coop	yield	210
220499	coop	yield	211
220503	coop	yield	212
220508	coop	yield	213
220512	coop	yield	214
220517	coop	yield	215
220521	coop	yield	216
220526	coop	yield	217
220530	coop	yield	218
220535	coop	yield	219
220539	coop	yield	220
220543	coop	yield	221
220548	coop	yield	222
220552	coop	yield	223
220557	coop	yield	224
220561	coop	yield	225
220566	coop	yield	226
220570	coop	yield	227
220575	coop	yield	228
220588	coop	yield	229
220592	coop	yield	230
220597	coop	yield	231
220601	coop	yield	232
220606	coop	yield	233
220610	coop	yield	234
220614	coop	yield	235
220619	coop	yield	236
220623	coop	yield	237
220628	coop	yield	238
223401	coop	yield	200
223407	coop	yield	201
223412	coop	yield	202
223416	coop	yield	203
223420	coop	yield	204
223425	coop	yield	205
223467	lifecycle	wave	252
223477	lifecycle	wave	253
223484	lifecycle	wave	254
223491	lifecycle	wave	255
223499	lifecycle	wave	256
223506	lifecycle	wave	257
223513	lifecycle	wave	258
223520	lifecycle	wave	259
223541	lifecycle	wave	250
223548	lifecycle	wave	251
228780	lifecycle	wave	251
228792	lifecycle	wave	250
228799	lifecycle	wave	259
228806	lifecycle	wave	258
228813	lifecycle	wave	257
228821	lifecycle	wave	256
228828	lifecycle	wave	255
228835	lifecycle	wave	254
228842	lifecycle	wave	253
228849	lifecycle	wave	252
234431	lifecycle	wave	252
234443	lifecycle	wave	253
234451	lifecycle	wave	254
234458	lifecycle	wave	255
234465	lifecycle	wave	256
234473	lifecycle	wave	257
234481	lifecycle	wave	258
234488	lifecycle	wave	259
234496	lifecycle	wave	250
234504	lifecycle	wave	251
239729	lifecycle	wave	251
239740	lifecycle	wave	250
239747	lifecycle	wave	259
239754	lifecycle	wave	258
239761	lifecycle	wave	257
239769	lifecycle	wave	256
239776	lifecycle	wave	255
239783	lifecycle	wave	254
239790	lifecycle	wave	253
239797	lifecycle	wave	252
245006	lifecycle	wave	252
245017	lifecycle	wave	253
245024	lifecycle	wave	254
245031	lifecycle	wave	255
245038	lifecycle	wave	256
245045	lifecycle	wave	257
245052	lifecycle	wave	258
245059	lifecycle	wave	259
245066	lifecycle	wave	250
245073	lifecycle	wave	251
247764	timer	op	96
247771	timer	op	97
247794	timer	op	172
247799	timer	op	173
247804	timer	op	174
247809	timer	op	175
247814	timer	op	176
247819	timer	op	177
247876	timer	op	102
247882	timer	op	103
247887	timer	op	104
247892	timer	op	105
247897	timer	op	106
249224	timer	op	87
249230	timer	op	88
249235	timer	op	89
249240	timer	op	90
249245	timer	op	91
249250	timer	op	92
249255	timer	op	93
249260	timer	op	94
249277	timer	op	95
249295	timer	op	166
249342	timer	op	129
249347	timer	op	130
249352	timer	op	131
249357	timer	op	132
249363	timer	op	133
249368	timer	op	134
249373	timer	op	135
249378	timer	op	136
249383	timer	op	137
249388	timer	op	138
249393	timer	op	139
249398	timer	op	140
249403	timer	op	141
249409	timer	op	142
249413	timer	op	143
249418	timer	op	144
249423	timer	op	145
249428	timer	op	146
249433	timer	op	147
249438	timer	op	148
249443	timer	op	149
249494	timer	op	101
249511	timer	op	117
249516	timer	op	118
249521	timer	op	119
249526	timer	op	120
249531	timer	op	121
249536	timer	op	122
249587	lifecycle	wave	259
249596	lifecycle	wave	258
249603	lifecycle	wave	257
249610	lifecycle	wave	256
249617	lifecycle	wave	255
249624	lifecycle	wave	254
249631	lifecycle	wave	253
249638	lifecycle	wave	252
250816	timer	op	85
250822	timer	op	86
250839	timer	op	167
250844	timer	op	168
250849	timer	op	169
250854	timer	op	170
250859	timer	op	171
250864	timer	op	107
250869	timer	op	108
250874	timer	op	109
250879	timer	op	110
250884	timer	op	111
250889	timer	op	112
250894	timer	op	113
250899	timer	op	114
250904	timer	op	115
250909	timer	op	116
250914	timer	op	98
250919	timer	op	99
250924	timer	op	100
250929	timer	op	152
250934	timer	op	153
250938	timer	op	154
250943	timer	op	155
250948	timer	op	156
250953	timer	op	157
250958	timer	op	158
250963	timer	op	159
250968	timer	op	178
250973	timer	op	179
250978	timer	op	180
250983	timer	op	181
250988	timer	op	182
250993	timer	op	183
250998	timer	op	184
251003	timer	op	185
251017	timer	op	186
251022	timer	op	187
251027	timer	op	188
251032	timer	op	189
251036	timer	op	190
251042	timer	op	191
251047	timer	op	192
251052	timer	op	193
251057	timer	op	194
251062	timer	op	195
251067	timer	op	196
251072	timer	op	197
251076	timer	op	198
251112	timer	op	123
251117	timer	op	124
251122	timer	op	125
251127	timer	op	126
251132	timer	op	127
251137	timer	op	128
251229	lifecycle	wave	251
251237	lifecycle	wave	250
251285	timer	op	33
251291	timer	op	34
251296	timer	op	35
251301	timer	op	36
251314	timer	op	37
251324	timer	op	38
251329	timer	op	39
251334	timer	op	40
251339	timer	op	41
251346	timer	op	199
251376	timer	op	160
251381	timer	op	161
251386	timer	op	162
251431	timer	op	73
251436	timer	op	74
251441	timer	op	75
251446	timer	op	76
251477	timer	op	150
251482	timer	op	151
251487	heartbeat	tick	326
252603	timer	op	78
252609	timer	op	79
252614	timer	op	80
252619	timer	op	81
252624	timer	op	82
252743	timer	op	42
252749	timer	op	43
252754	timer	op	44
252759	timer	op	45
252763	timer	op	46
252768	timer	op	47
252773	timer	op	48
252783	timer	op	49
252788	timer	op	50
252793	timer	op	51
252798	timer	op	52
252803	timer	op	53
252807	timer	op	54
252812	timer	op	55
252817	timer	op	56
252822	timer	op	57
252827	timer	op	58
252832	timer	op	59
252837	timer	op	60
252842	timer	op	61
252847	timer	op	62
252852	timer	op	63
252857	timer	op	64
252862	timer	op	65
252867	timer	op	66
252872	timer	op	67
254064	timer	op	83
254070	timer	op	84
254075	timer	op	163
254080	timer	op	164
254085	timer	op	165
254115	timer	op	27
254120	timer	op	28
254125	timer	op	29
254130	timer	op	30
254135	timer	op	31
254140	timer	op	32
254240	timer	op	68
254246	timer	op	69
254251	timer	op	70
254256	timer	op	71
254261	timer	op	72
254315	timer	op	77
254381	timer	op	0
254386	timer	op	1
254391	timer	op	2
254396	timer	op	3
254401	timer	op	4
254406	timer	op	5
254411	timer	op	6
254416	timer	op	7
254421	timer	op	8
254426	timer	op	9
254431	timer	op	10
254436	timer	op	11
254440	timer	op	12
254445	timer	op	13
254450	timer	op	14
254455	timer	op	15
254460	timer	op	16
254465	timer	op	17
254470	timer	op	18
254475	timer	op	19
254480	timer	op	20
254485	timer	op	21
254490	timer	op	22
254495	timer	op	23
254500	timer	op	24
254505	timer	op	25
254510	timer	op	26
254535	lifecycle	wave	252
254544	lifecycle	wave	253
254551	lifecycle	wave	254
254558	lifecycle	wave	255
254566	lifecycle	wave	256
254572	lifecycle	wave	257
254579	lifecycle	wave	258
254593	lifecycle	wave	259
257230	lifecycle	wave	250
257239	lifecycle	wave	251
257246	network	connect	327
257413	network	connect	328
257522	network	connect	329
257626	network	connect	330
257729	network	connect	331
257831	network	connect	332
257932	network	connect	333
258033	network	connect	334
258134	network	connect	335
258235	network	connect	336
258336	network	connect	337
258436	network	connect	338
258536	network	connect	339
258638	network	connect	340
258743	network	connect	341
259850	lifecycle	wave	259
259864	lifecycle	wave	258
259872	lifecycle	wave	257
259879	lifecycle	wave	256
259888	lifecycle	wave	255
259896	lifecycle	wave	254
259903	lifecycle	wave	253
259910	lifecycle	wave	252
259947	network	reply	327
259985	network	reply	328
260015	network	reply	329
260043	network	reply	330
260072	network	reply	331
260101	network	reply	332
260129	network	reply	333
260157	network	reply	334
260185	network	reply	335
260213	network	reply	336
260242	network	reply	337
260270	network	reply	338
260299	network	reply	339
260327	network	reply	340
260355	network	reply	341
265233	lifecycle	wave	251
265247	lifecycle	wave	250
265443	lifecycle	wave	259
266768	lifecycle	wave	252
266778	lifecycle	wave	253
266785	lifecycle	wave	254
266792	lifecycle	wave	255
266799	lifecycle	wave	256
266806	lifecycle	wave	257
266813	lifecycle	wave	258
270726	lifecycle	wave	259
270737	lifecycle	wave	250
270744	lifecycle	wave	251
272074	lifecycle	wave	258
272084	lifecycle	wave	257
272091	lifecycle	wave	256
272098	lifecycle	wave	255
272105	lifecycle	wave	254
272112	lifecycle	wave	253
272119	lifecycle	wave	252
276434	lifecycle	wave	251
276445	lifecycle	wave	250
276452	lifecycle	wave	259
276460	lifecycle	wave	255
276467	lifecycle	wave	256
276474	lifecycle	wave	257
276481	lifecycle	wave	258
277823	lifecycle	wave	252
277833	lifecycle	wave	253
277839	lifecycle	wave	254
281742	lifecycle	wave	258
281753	lifecycle	wave	257
281760	lifecycle	wave	256
281767	lifecycle	wave	255
281774	lifecycle	wave	259
281781	lifecycle	wave	250
281788	lifecycle	wave	251
283213	lifecycle	wave	254
283223	lifecycle	wave	253
283230	lifecycle	wave	252
287431	lifecycle	wave	251
287442	lifecycle	wave	250
287450	lifecycle	wave	259
287467	lifecycle	wave	255
287475	lifecycle	wave	256
287483	lifecycle	wave	257
287491	lifecycle	wave	258
288833	lifecycle	wave	252
288843	lifecycle	wave	253
288850	lifecycle	wave	254
292735	lifecycle	wave	258
292745	lifecycle	wave	257
292752	lifecycle	wave	256
292759	lifecycle	wave	255
292767	lifecycle	wave	259
292774	lifecycle	wave	250
292781	lifecycle	wave	251
294118	lifecycle	wave	254
294128	lifecycle	wave	253
294135	lifecycle	wave	252
298034	lifecycle	wave	251
298045	lifecycle	wave	250
298052	lifecycle	wave	259
298059	lifecycle	wave	255
298066	lifecycle	wave	256
298074	lifecycle	wave	257
298081	lifecycle	wave	258
299465	lifecycle	wave	252
299476	lifecycle	wave	253
299483	lifecycle	wave	254
302033	heartbeat	tick	342
303404	lifecycle	wave	258
303414	lifecycle	wave	257
303422	lifecycle	wave	256
303429	lifecycle	wave	255
303436	lifecycle	wave	259
303443	lifecycle	wave	250
303450	lifecycle	wave	251
304784	lifecycle	wave	254
304794	lifecycle	wave	253
304801	lifecycle	wave	252
306031	timer	op	175
306037	timer	op	176
306042	timer	op	177
307296	timer	op	102
307302	timer	op	103
307307	timer	op	104
307327	timer	op	105
307332	timer	op	106
308587	timer	op	96
308593	timer	op	97
308620	timer	op	172
308626	timer	op	173
308630	timer	op	174
308763	lifecycle	wave	251
308772	lifecycle	wave	250
308779	lifecycle	wave	259
308786	lifecycle	wave	255
308793	lifecycle	wave	256
308801	lifecycle	wave	257
308808	lifecycle	wave	258
310050	timer	op	166
310057	timer	op	129
310062	timer	op	130
310067	timer	op	131
310072	timer	op	132
310081	timer	op	133
310087	timer	op	134
310091	timer	op	135
310096	timer	op	136
310101	timer	op	137
310106	timer	op	138
310111	timer	op	139
310116	timer	op	140
310121	timer	op	141
310126	timer	op	142
310131	timer	op	143
310136	timer	op	144
310141	timer	op	145
310146	timer	op	146
310151	timer	op	147
310162	timer	op	87
310168	timer	op	88
310173	timer	op	89
310178	timer	op	90
310183	timer	op	91
310188	timer	op	92
310193	timer	op	93
310198	timer	op	94
310203	timer	op	95
310277	lifecycle	wave	252
310286	lifecycle	wave	253
310293	lifecycle	wave	254
310352	timer	op	123
310357	timer	op	124
310362	timer	op	125
310367	timer	op	126
310385	timer	op	42
310390	timer	op	43
310395	timer	op	44
310400	timer	op	45
310405	timer	op	46
310410	timer	op	47
310415	timer	op	48
310420	timer	op	49
310425	timer	op	50
310430	timer	op	51
310435	timer	op	52
310440	timer	op	53
310445	timer	op	54
310449	timer	op	55
310454	timer	op	56
310459	timer	op	57
310464	timer	op	58
310469	timer	op	59
310475	timer	op	60
310480	timer	op	61
310485	timer	op	62
310490	timer	op	63
310495	timer	op	64
310499	timer	op	65
310504	timer	op	66
310509	timer	op	67
310567	timer	op	119
310572	timer	op	120
310578	timer	op	121
310583	timer	op	122
311729	timer	op	148
311735	timer	op	149
311785	timer	op	83
311790	timer	op	84
311795	timer	op	163
311800	timer	op	164
311805	timer	op	165
311839	timer	op	27
311844	timer	op	28
311849	timer	op	29
311854	timer	op	30
311859	timer	op	31
311864	timer	op	32
311941	timer	op	127
311946	timer	op	128
313055	timer	op	33
313061	timer	op	34
313066	timer	op	35
313071	timer	op	36
313076	timer	op	37
313081	timer	op	38
313086	timer	op	39
313091	timer	op	40
313096	timer	op	41
313113	timer	op	199
313223	timer	op	0
313228	timer	op	1
313233	timer	op	2
313238	timer	op	3
313243	timer	op	4
313248	timer	op	5
313253	timer	op	6
313258	timer	op	7
313263	timer	op	8
313268	timer	op	9
313273	timer	op	10
313278	timer	op	11
313283	timer	op	12
313288	timer	op	13
313293	timer	op	14
313298	timer	op	15
313303	timer	op	16
313308	timer	op	17
313312	timer	op	18
313317	timer	op	19
313322	timer	op	20
313327	timer	op	21
313332	timer	op	22
313337	timer	op	23
313342	timer	op	24
313347	timer	op	25
313352	timer	op	26
313365	timer	op	183
313370	timer	op	184
313375	timer	op	185
313380	timer	op	186
313385	timer	op	187
313390	timer	op	188
313395	timer	op	189
313400	timer	op	190
313405	timer	op	191
313410	timer	op	192
313415	timer	op	193
313420	timer	op	194
313424	timer	op	195
313429	timer	op	196
313434	timer	op	197
313439	timer	op	198
313450	timer	op	150
313541	timer	op	151
313599	lifecycle	wave	258
313616	lifecycle	wave	257
313624	lifecycle	wave	256
313631	lifecycle	wave	255
313638	lifecycle	wave	259
313666	lifecycle	wave	250
313674	lifecycle	wave	251
314928	timer	op	160
314934	timer	op	161
314939	timer	op	162
316207	timer	op	156
316213	timer	op	157
316218	timer	op	158
316223	timer	op	159
316232	timer	op	178
316293	timer	op	101
316306	timer	op	117
316311	timer	op	118
316316	timer	op	179
316321	timer	op	180
316326	timer	op	181
316331	timer	op	182
316340	timer	op	77
316382	lifecycle	wave	254
316391	lifecycle	wave	253
316399	lifecycle	wave	252
317659	timer	op	85
317665	timer	op	86
317681	timer	op	167
317686	timer	op	168
317691	timer	op	169
317696	timer	op	170
317701	timer	op	171
317706	timer	op	107
317711	timer	op	108
317716	timer	op	109
317721	timer	op	110
317726	timer	op	111
317731	timer	op	112
317736	timer	op	113
317741	timer	op	114
317746	timer	op	115
317750	timer	op	116
317755	timer	op	98
317760	timer	op	99
317765	timer	op	100
317770	timer	op	152
317775	timer	op	153
317780	timer	op	154
317785	timer	op	155
319083	timer	op	73
319089	timer	op	74
319098	timer	op	75
319104	timer	op	76
319218	lifecycle	wave	251
319228	lifecycle	wave	250
319235	lifecycle	wave	259
319242	lifecycle	wave	255
319249	lifecycle	wave	256
319317	timer	op	78
319322	timer	op	79
319327	timer	op	80
319332	timer	op	81
319337	timer	op	82
319477	lifecycle	wave	257
319487	lifecycle	wave	258
320752	timer	op	68
320758	timer	op	69
320763	timer	op	70
320768	timer	op	71
320773	timer	op	72
320858	network	connect	343
321025	network	connect	344
321138	network	connect	345
321240	network	connect	346
321342	network	connect	347
321444	network	connect	348
321545	network	connect	349
321646	network	connect	350
321747	network	connect	351
321848	network	connect	352
321949	network	connect	353
322049	network	connect	354
322151	network	connect	355
322252	network	connect	356
322353	network	connect	357
323385	lifecycle	wave	252
323399	lifecycle	wave	253
323406	lifecycle	wave	254
323467	network	reply	343
323505	network	reply	344
323534	network	reply	345
323563	network	reply	346
323591	network	reply	347
323619	network	reply	348
323647	network	reply	349
323676	network	reply	350
323704	network	reply	351
323732	network	reply	352
323760	network	reply	353
323789	network	reply	354
323818	network	reply	355
323846	network	reply	356
323874	network	reply	357
324985	lifecycle	wave	258
324998	lifecycle	wave	257
325006	lifecycle	wave	256
325013	lifecycle	wave	255
325020	lifecycle	wave	259
325027	lifecycle	wave	250
325034	lifecycle	wave	251
326376	coop	yield	206
326383	coop	yield	207
326387	coop	yield	208
326392	coop	yield	209
326397	coop	yield	210
326401	coop	yield	211
326405	coop	yield	212
326410	coop	yield	213
326414	coop	yield	214
326418	coop	yield	215
326423	coop	yield	216
326427	coop	yield	217
326432	coop	yield	218
326436	coop	yield	219
326441	coop	yield	220
326445	coop	yield	221
326449	coop	yield	222
326454	coop	yield	223
326458	coop	yield	224
326463	coop	yield	225
326467	coop	yield	226
326471	coop	yield	227
326476	coop	yield	228
326480	coop	yield	229
326484	coop	yield	230
326489	coop	yield	231
326493	coop	yield	232
326498	coop	yield	233
326502	coop	yield	234
326507	coop	yield	235
326511	coop	yield	236
326515	coop	yield	237
326520	coop	yield	238
326529	coop	yield	239
326533	coop	yield	240
326538	coop	yield	241
326542	coop	yield	242
326547	coop	yield	243
326551	coop	yield	244
326555	coop	yield	245
326560	coop	yield	246
326564	coop	yield	247
326568	coop	yield	248
326573	coop	yield	249
329146	lifecycle	wave	254
329158	lifecycle	wave	253
329165	lifecycle	wave	252
329413	coop	yield	200
329418	coop	yield	201
329424	coop	yield	202
329429	coop	yield	203
329434	coop	yield	204
329439	coop	yield	205
329504	lifecycle	wave	251
329515	lifecycle	wave	250
329523	lifecycle	wave	259
329531	lifecycle	wave	255
329540	lifecycle	wave	256
329548	lifecycle	wave	257
329556	lifecycle	wave	258
334766	lifecycle	wave	258
334777	lifecycle	wave	257
334785	lifecycle	wave	256
334792	lifecycle	wave	255
334798	lifecycle	wave	259
334806	lifecycle	wave	250
334813	lifecycle	wave	251
334820	lifecycle	wave	252
334836	lifecycle	wave	253
334843	lifecycle	wave	254
340423	lifecycle	wave	254
340435	lifecycle	wave	253
340442	lifecycle	wave	252
340450	lifecycle	wave	251
340457	lifecycle	wave	250
340465	lifecycle	wave	259
340473	lifecycle	wave	255
340480	lifecycle	wave	256
340488	lifecycle	wave	257
340496	lifecycle	wave	258
345719	lifecycle	wave	258
345730	lifecycle	wave	257
345737	lifecycle	wave	256
345744	lifecycle	wave	255
345752	lifecycle	wave	259
345759	lifecycle	wave	250
345766	lifecycle	wave	251
345773	lifecycle	wave	252
345780	lifecycle	wave	253
345787	lifecycle	wave	254
351107	lifecycle	wave	254
351118	lifecycle	wave	253
351125	lifecycle	wave	252
351132	lifecycle	wave	251
351139	lifecycle	wave	250
351147	lifecycle	wave	259
351154	lifecycle	wave	255
351161	lifecycle	wave	256
351168	lifecycle	wave	257
351175	lifecycle	wave	258
351430	heartbeat	tick	358
356701	lifecycle	wave	258
356713	lifecycle	wave	257
356720	lifecycle	wave	256
356727	lifecycle	wave	255
356734	lifecycle	wave	259
356742	lifecycle	wave	250
356749	lifecycle	wave	251
356756	lifecycle	wave	252
356762	lifecycle	wave	253
356769	lifecycle	wave	254
361975	lifecycle	wave	254
361987	lifecycle	wave	253
361994	lifecycle	wave	252
362001	lifecycle	wave	251
362008	lifecycle	wave	250
362015	lifecycle	wave	259
362022	lifecycle	wave	255
362029	lifecycle	wave	256
362036	lifecycle	wave	257
362043	lifecycle	wave	258
367109	timer	op	175
367117	timer	op	176
367122	timer	op	177
367360	timer	op	105
367366	timer	op	106
367430	lifecycle	wave	258
367440	lifecycle	wave	257
367447	lifecycle	wave	256
367454	lifecycle	wave	255
367461	lifecycle	wave	259
367468	lifecycle	wave	250
367475	lifecycle	wave	251
367482	lifecycle	wave	252
367489	lifecycle	wave	253
367496	lifecycle	wave	254
368666	timer	op	97
368800	timer	op	172
368805	timer	op	173
368810	timer	op	174
369971	timer	op	137
369977	timer	op	138
369982	timer	op	139
369987	timer	op	140
369992	timer	op	141
369997	timer	op	142
370011	timer	op	143
370016	timer	op	144
370021	timer	op	145
370026	timer	op	146
370031	timer	op	147
370038	timer	op	87
370080	timer	op	96
370086	timer	op	102
370091	timer	op	103
370096	timer	op	104
370292	timer	op	166
370300	timer	op	129
370305	timer	op	130
370310	timer	op	131
370315	timer	op	132
370320	timer	op	133
370324	timer	op	134
370329	timer	op	135
370334	timer	op	136
370339	timer	op	43
370344	timer	op	44
370349	timer	op	45
370354	timer	op	46
370359	timer	op	47
370364	timer	op	48
370374	timer	op	49
370379	timer	op	50
370384	timer	op	51
370389	timer	op	52
370394	timer	op	88
370399	timer	op	89
370404	timer	op	90
370409	timer	op	91
370414	timer	op	92
370418	timer	op	93
370423	timer	op	94
370428	timer	op	95
371717	timer	op	119
371723	timer	op	120
371742	timer	op	121
371747	timer	op	122
371799	timer	op	127
371804	timer	op	128
371870	timer	op	123
371875	timer	op	124
371880	timer	op	125
371885	timer	op	126
371897	timer	op	53
371902	timer	op	54
371907	timer	op	55
371912	timer	op	56
371917	timer	op	57
371931	timer	op	58
371936	timer	op	59
371941	timer	op	60
371946	timer	op	61
371951	timer	op	62
371956	timer	op	63
371961	timer	op	64
371966	timer	op	65
371971	timer	op	66
371976	timer	op	67
373093	timer	op	83
373099	timer	op	84
373104	timer	op	163
373109	timer	op	164
373114	timer	op	165
373130	timer	op	27
373135	timer	op	28
373140	timer	op	29
373145	timer	op	30
373150	timer	op	31
373155	timer	op	32
373190	timer	op	33
373195	timer	op	34
373200	timer	op	35
373205	timer	op	36
373210	timer	op	37
373215	timer	op	38
373220	timer	op	39
373225	timer	op	40
373230	timer	op	41
373237	timer	op	1
373242	timer	op	2
373247	timer	op	3
373252	timer	op	4
373257	timer	op	5
373262	timer	op	6
373267	timer	op	7
373272	timer	op	8
373277	timer	op	9
373281	timer	op	10
373286	timer	op	11
373291	timer	op	12
373296	timer	op	13
373314	timer	op	14
373319	timer	op	15
373324	timer	op	16
373329	timer	op	17
373334	timer	op	18
373339	timer	op	19
373344	timer	op	20
373349	timer	op	21
373354	timer	op	22
373359	timer	op	23
373366	timer	op	42
373372	timer	op	199
373428	timer	op	148
373438	timer	op	149
373507	lifecycle	wave	254
373517	lifecycle	wave	253
373524	lifecycle	wave	252
373539	lifecycle	wave	251
373546	lifecycle	wave	250
373582	timer	op	0
373607	lifecycle	wave	259
373616	lifecycle	wave	255
373623	lifecycle	wave	256
373631	lifecycle	wave	257
373638	lifecycle	wave	258
374870	timer	op	24
374876	timer	op	25
374881	timer	op	26
374889	timer	op	183
374894	timer	op	184
374899	timer	op	185
374904	timer	op	186
374909	timer	op	187
374914	timer	op	188
374919	timer	op	189
374924	timer	op	190
374929	timer	op	191
374934	timer	op	192
374939	timer	op	193
374944	timer	op	194
374949	timer	op	195
374953	timer	op	196
374958	timer	op	197
374963	timer	op	198
374975	timer	op	150
375053	timer	op	151
376344	timer	op	160
376350	timer	op	161
376359	timer	op	162
377561	timer	op	156
377567	timer	op	157
377572	timer	op	158
377577	timer	op	159
377582	timer	op	178
377638	timer	op	101
377663	timer	op	117
377668	timer	op	118
377673	timer	op	179
377678	timer	op	180
377683	timer	op	181
377688	timer	op	182
377716	timer	op	77
378927	timer	op	85
378932	timer	op	86
378949	timer	op	167
378954	timer	op	168
378959	timer	op	169
378964	timer	op	170
378969	timer	op	171
378974	timer	op	107
378978	timer	op	108
378983	timer	op	109
378988	timer	op	110
378993	timer	op	111
378998	timer	op	112
379003	timer	op	113
379017	timer	op	114
379022	timer	op	115
379027	timer	op	116
379032	timer	op	98
379037	timer	op	99
379042	timer	op	100
379047	timer	op	152
379052	timer	op	153
379056	timer	op	154
379061	timer	op	155
379173	lifecycle	wave	258
379182	lifecycle	wave	257
379189	lifecycle	wave	256
379196	lifecycle	wave	255
379203	lifecycle	wave	259
379210	lifecycle	wave	250
379217	lifecycle	wave	251
379224	lifecycle	wave	252
379231	lifecycle	wave	253
379239	lifecycle	wave	254
379407	timer	op	73
379413	timer	op	74
379418	timer	op	75
379423	timer	op	76
380744	timer	op	78
380750	timer	op	79
380755	timer	op	80
380760	timer	op	81
380765	timer	op	82
382047	timer	op	68
382053	timer	op	69
382058	timer	op	70
382063	timer	op	71
382068	timer	op	72
384774	lifecycle	wave	254
384784	lifecycle	wave	253
384791	lifecycle	wave	252
384798	lifecycle	wave	251
384805	lifecycle	wave	250
384812	lifecycle	wave	259
384819	lifecycle	wave	255
384827	lifecycle	wave	256
384834	lifecycle	wave	257
384841	lifecycle	wave	258
384848	network	connect	359
385020	network	connect	360
385133	network	connect	361
385238	network	connect	362
385339	network	connect	363
385441	network	connect	364
385542	network	connect	365
385643	network	connect	366
385747	network	connect	367
385848	network	connect	368
385949	network	connect	369
386049	network	connect	370
386151	network	connect	371
386252	network	connect	372
386353	network	connect	373
387460	network	reply	359
387500	network	reply	360
387529	network	reply	361
387558	network	reply	362
387587	network	reply	363
387615	network	reply	364
387643	network	reply	365
387672	network	reply	366
387700	network	reply	367
387729	network	reply	368
387757	network	reply	369
387785	network	reply	370
387813	network	reply	371
387841	network	reply	372
387870	network	reply	373
391698	lifecycle	wave	250
391713	lifecycle	wave	251
391721	lifecycle	wave	252
391728	lifecycle	wave	253
391735	lifecycle	wave	254
393065	lifecycle	wave	258
393075	lifecycle	wave	257
393082	lifecycle	wave	256
393090	lifecycle	wave	255
393096	lifecycle	wave	259
396990	lifecycle	wave	254
397002	lifecycle	wave	253
397009	lifecycle	wave	252
397015	lifecycle	wave	251
397023	lifecycle	wave	250
398399	lifecycle	wave	259
398410	lifecycle	wave	255
398417	lifecycle	wave	256
398424	lifecycle	wave	257
398431	lifecycle	wave	258
402330	heartbeat	tick	374
402405	lifecycle	wave	250
402414	lifecycle	wave	251
402421	lifecycle	wave	252
402429	lifecycle	wave	253
402436	lifecycle	wave	254
403771	lifecycle	wave	258
403781	lifecycle	wave	257
403788	lifecycle	wave	256
403795	lifecycle	wave	255
403802	lifecycle	wave	259
407678	lifecycle	wave	254
407689	lifecycle	wave	253
407696	lifecycle	wave	252
407703	lifecycle	wave	251
407711	lifecycle	wave	250
409048	lifecycle	wave	259
409058	lifecycle	wave	255
409065	lifecycle	wave	256
409072	lifecycle	wave	257
409079	lifecycle	wave	258
412975	lifecycle	wave	250
412986	lifecycle	wave	251
413002	lifecycle	wave	252
413010	lifecycle	wave	253
413016	lifecycle	wave	254
414393	lifecycle	wave	258
414403	lifecycle	wave	257
414410	lifecycle	wave	256
414417	lifecycle	wave	255
414425	lifecycle	wave	259
418400	lifecycle	wave	254
418411	lifecycle	wave	253
418418	lifecycle	wave	252
418425	lifecycle	wave	251
418433	lifecycle	wave	250
419802	lifecycle	wave	259
419812	lifecycle	wave	255
419820	lifecycle	wave	256
419827	lifecycle	wave	257
419834	lifecycle	wave	258
423722	lifecycle	wave	250
423732	lifecycle	wave	251
423740	lifecycle	wave	252
423747	lifecycle	wave	253
423753	lifecycle	wave	254
425076	lifecycle	wave	258
425086	lifecycle	wave	257
425093	lifecycle	wave	256
425100	lifecycle	wave	255
425107	lifecycle	wave	259
427850	timer	op	175
427858	timer	op	176
427863	timer	op	177
429076	timer	op	97
429173	timer	op	105
429363	timer	op	172
429369	timer	op	173
429374	timer	op	174
429444	lifecycle	wave	254
429453	lifecycle	wave	253
429461	lifecycle	wave	252
429468	lifecycle	wave	251
429475	lifecycle	wave	250
429483	lifecycle	wave	256
429491	lifecycle	wave	257
429498	lifecycle	wave	258
430687	timer	op	137
430693	timer	op	138
430698	timer	op	139
430703	timer	op	140
430707	timer	op	141
430712	timer	op	142
430717	timer	op	143
430722	timer	op	144
430732	timer	op	145
430737	timer	op	146
430742	timer	op	147
430749	timer	op	87
430891	lifecycle	wave	259
430900	lifecycle	wave	255
432018	timer	op	166
432101	timer	op	126
432113	timer	op	53
432118	timer	op	54
432123	timer	op	55
432128	timer	op	56
432133	timer	op	57
432138	timer	op	58
432143	timer	op	59
432148	timer	op	60
432152	timer	op	61
432157	timer	op	62
432162	timer	op	63
432167	timer	op	64
432172	timer	op	65
432177	timer	op	66
432182	timer	op	67
432260	timer	op	40
432266	timer	op	41
432272	timer	op	1
432307	timer	op	27
432312	timer	op	28
432317	timer	op	29
432322	timer	op	30
432327	timer	op	31
432332	timer	op	32
432359	timer	op	96
432365	timer	op	102
432370	timer	op	103
432375	timer	op	104
432399	timer	op	106
432445	timer	op	123
432451	timer	op	124
432457	timer	op	125
433724	timer	op	119
433731	timer	op	120
433736	timer	op	121
433746	timer	op	122
433789	timer	op	83
433794	timer	op	84
433803	timer	op	163
433808	timer	op	164
433813	timer	op	165
434925	timer	op	0
434930	timer	op	37
434936	timer	op	38
434941	timer	op	39
434992	timer	op	148
434998	timer	op	149
435061	timer	op	127
435066	timer	op	128
435109	timer	op	129
435114	timer	op	130
435119	timer	op	131
435124	timer	op	132
435129	timer	op	133
435134	timer	op	134
435139	timer	op	135
435144	timer	op	136
435149	timer	op	43
435154	timer	op	44
435159	timer	op	45
435164	timer	op	46
435169	timer	op	47
435174	timer	op	48
435179	timer	op	49
435184	timer	op	50
435189	timer	op	51
435194	timer	op	52
435199	timer	op	88
435204	timer	op	89
435209	timer	op	90
435214	timer	op	91
435219	timer	op	92
435224	timer	op	93
435229	timer	op	94
435234	timer	op	95
435308	lifecycle	wave	258
435317	lifecycle	wave	257
435325	lifecycle	wave	256
435332	lifecycle	wave	250
435339	lifecycle	wave	251
435355	timer	op	2
435360	timer	op	3
435365	timer	op	4
435370	timer	op	5
435375	timer	op	6
435380	timer	op	7
435385	timer	op	8
435390	timer	op	9
435395	timer	op	10
435400	timer	op	11
435405	timer	op	12
435410	timer	op	13
435415	timer	op	14
435420	timer	op	15
435425	timer	op	16
435430	timer	op	17
435435	timer	op	18
435439	timer	op	19
435444	timer	op	20
435454	timer	op	21
435460	timer	op	22
435464	timer	op	23
435472	timer	op	42
435478	timer	op	199
435521	timer	op	77
435528	timer	op	183
435533	timer	op	184
435538	timer	op	185
435543	timer	op	186
435548	timer	op	187
435553	timer	op	188
435558	timer	op	189
435562	timer	op	190
435567	timer	op	191
435572	timer	op	192
435577	timer	op	193
435593	timer	op	194
435603	timer	op	195
435608	timer	op	196
435613	timer	op	197
435618	timer	op	198
435629	timer	op	150
435682	coop	yield	206
435687	coop	yield	207
435691	coop	yield	208
435696	coop	yield	209
435700	coop	yield	210
435705	coop	yield	211
435709	coop	yield	212
435714	coop	yield	213
435718	coop	yield	214
435722	coop	yield	215
435727	coop	yield	216
435731	coop	yield	217
435756	coop	yield	218
435761	coop	yield	219
435765	coop	yield	220
435770	coop	yield	221
435774	coop	yield	222
435778	coop	yield	223
435783	coop	yield	224
435787	coop	yield	225
435792	coop	yield	226
435796	coop	yield	227
435800	coop	yield	228
435805	coop	yield	229
435809	coop	yield	230
435813	coop	yield	231
435818	coop	yield	232
435822	coop	yield	233
435827	coop	yield	234
435831	coop	yield	235
435836	coop	yield	236
435840	coop	yield	237
435844	coop	yield	238
435849	coop	yield	239
435853	coop	yield	240
435858	coop	yield	241
435862	coop	yield	242
435866	coop	yield	243
435871	coop	yield	244
435875	coop	yield	245
435879	coop	yield	246
435884	coop	yield	247
435888	coop	yield	248
435893	coop	yield	249
435905	lifecycle	wave	252
435913	lifecycle	wave	253
435920	lifecycle	wave	254
435953	lifecycle	wave	255
435961	lifecycle	wave	259
437184	timer	op	160
437190	timer	op	161
437195	timer	op	162
437250	timer	op	151
437297	timer	op	24
437302	timer	op	25
437307	timer	op	26
437371	timer	op	101
438496	timer	op	167
438502	timer	op	168
438507	timer	op	169
438512	timer	op	170
438517	timer	op	171
438522	timer	op	107
438527	timer	op	108
438531	timer	op	109
438536	timer	op	110
438541	timer	op	111
438546	timer	op	112
438551	timer	op	113
438556	timer	op	114
438561	timer	op	115
438566	timer	op	116
438571	timer	op	98
438576	timer	op	99
438581	timer	op	100
438586	timer	op	152
438591	timer	op	153
438596	timer	op	154
438601	timer	op	155
438625	timer	op	33
438630	timer	op	34
438636	timer	op	35
438641	timer	op	36
438731	timer	op	178
438779	coop	yield	200
438784	coop	yield	201
438789	coop	yield	202
438793	coop	yield	203
438797	coop	yield	204
438802	coop	yield	205
439977	timer	op	117
439983	timer	op	118
439988	timer	op	179
439993	timer	op	180
439998	timer	op	181
440003	timer	op	182
440057	timer	op	156
440062	timer	op	157
440067	timer	op	158
440072	timer	op	159
441370	timer	op	85
441376	timer	op	86
441496	lifecycle	wave	259
441506	lifecycle	wave	255
441513	lifecycle	wave	254
441520	lifecycle	wave	253
441527	lifecycle	wave	252
441534	lifecycle	wave	251
441541	lifecycle	wave	250
441548	lifecycle	wave	256
441555	lifecycle	wave	257
441562	lifecycle	wave	258
442787	timer	op	73
442793	timer	op	74
442798	timer	op	75
442803	timer	op	76
442905	timer	op	68
442911	timer	op	69
442916	timer	op	70
442921	timer	op	71
442926	timer	op	72
444147	timer	op	78
444153	timer	op	79
444158	timer	op	80
444163	timer	op	81
444168	timer	op	82
446979	lifecycle	wave	258
446990	lifecycle	wave	257
446997	lifecycle	wave	256
447004	lifecycle	wave	250
447021	lifecycle	wave	251
447028	lifecycle	wave	252
447035	lifecycle	wave	253
447042	lifecycle	wave	254
447049	lifecycle	wave	255
447056	lifecycle	wave	259
448437	network	connect	375
448599	network	connect	376
448706	network	connect	377
448815	network	connect	378
448929	network	connect	379
449039	network	connect	380
449141	network	connect	381
449244	network	connect	382
449345	network	connect	383
449451	network	connect	384
449552	network	connect	385
449652	network	connect	386
449752	network	connect	387
449857	network	connect	388
449958	network	connect	389
450731	network	reply	380
450769	network	reply	381
450799	network	reply	382
450827	network	reply	383
450855	network	reply	384
450884	network	reply	385
450913	network	reply	386
450941	network	reply	387
450969	network	reply	388
450997	network	reply	389
451042	network	reply	375
451071	network	reply	376
451100	network	reply	377
451128	network	reply	378
451157	network	reply	379
452061	lifecycle	wave	259
452074	lifecycle	wave	255
452081	lifecycle	wave	254
452089	lifecycle	wave	253
452096	lifecycle	wave	252
452103	lifecycle	wave	251
452110	lifecycle	wave	250
452117	lifecycle	wave	256
452124	lifecycle	wave	257
452131	lifecycle	wave	258
452381	heartbeat	tick	390
457700	lifecycle	wave	258
457711	lifecycle	wave	257
457719	lifecycle	wave	256
457725	lifecycle	wave	250
457732	lifecycle	wave	251
457740	lifecycle	wave	252
457747	lifecycle	wave	253
457754	lifecycle	wave	254
457761	lifecycle	wave	255
457768	lifecycle	wave	259
462976	lifecycle	wave	259
462987	lifecycle	wave	255
462995	lifecycle	wave	254
463002	lifecycle	wave	253
463027	lifecycle	wave	252
463035	lifecycle	wave	251
463042	lifecycle	wave	250
463049	lifecycle	wave	256
463056	lifecycle	wave	257
463064	lifecycle	wave	258
468414	lifecycle	wave	258
468426	lifecycle	wave	257
468433	lifecycle	wave	256
468440	lifecycle	wave	250
468448	lifecycle	wave	251
468455	lifecycle	wave	252
468463	lifecycle	wave	253
468470	lifecycle	wave	254
468478	lifecycle	wave	255
468486	lifecycle	wave	259
473723	lifecycle	wave	259
473734	lifecycle	wave	255
473741	lifecycle	wave	254
473749	lifecycle	wave	253
473756	lifecycle	wave	252
473763	lifecycle	wave	251
473770	lifecycle	wave	250
473777	lifecycle	wave	256
473784	lifecycle	wave	257
473791	lifecycle	wave	258
479027	lifecycle	wave	258
479037	lifecycle	wave	257
479044	lifecycle	wave	256
479052	lifecycle	wave	250
479059	lifecycle	wave	251
479066	lifecycle	wave	252
479073	lifecycle	wave	253
479080	lifecycle	wave	254
479087	lifecycle	wave	255
479095	lifecycle	wave	259
483426	lifecycle	wave	253
483438	lifecycle	wave	252
483445	lifecycle	wave	251
483452	lifecycle	wave	250
483459	lifecycle	wave	256
483466	lifecycle	wave	257
483473	lifecycle	wave	258
484817	lifecycle	wave	259
484827	lifecycle	wave	255
484833	lifecycle	wave	254
488714	lifecycle	wave	258
488725	lifecycle	wave	257
488732	lifecycle	wave	256
488739	lifecycle	wave	250
488746	lifecycle	wave	251
488753	lifecycle	wave	252
488760	lifecycle	wave	253
490043	timer	op	175
490049	timer	op	176
490054	timer	op	177
490128	lifecycle	wave	254
490137	lifecycle	wave	255
490144	lifecycle	wave	259
491529	timer	op	172
491536	timer	op	173
491541	timer	op	174
491670	timer	op	97
492905	timer	op	105
492932	timer	op	144
492937	timer	op	145
492942	timer	op	146
492947	timer	op	147
492954	timer	op	87
494202	timer	op	83
494208	timer	op	84
494213	timer	op	163
494218	timer	op	164
494223	timer	op	165
494233	timer	op	126
494253	timer	op	53
494258	timer	op	54
494264	timer	op	55
494269	timer	op	56
494274	timer	op	57
494279	timer	op	58
494284	timer	op	59
494289	timer	op	60
494294	timer	op	61
494299	timer	op	62
494304	timer	op	63
494335	timer	op	64
494340	timer	op	65
494345	timer	op	66
494350	timer	op	67
494426	timer	op	106
494442	timer	op	166
494528	lifecycle	wave	253
494538	lifecycle	wave	252
494545	lifecycle	wave	251
494552	lifecycle	wave	250
494559	lifecycle	wave	256
494566	lifecycle	wave	257
494574	lifecycle	wave	258
494582	lifecycle	wave	255
494589	lifecycle	wave	254
495810	timer	op	123
495816	timer	op	124
495821	timer	op	125
495877	timer	op	40
495882	timer	op	41
495888	timer	op	1
495918	timer	op	27
495923	timer	op	28
495928	timer	op	29
495933	timer	op	30
495938	timer	op	31
495943	timer	op	32
495959	timer	op	0
495964	timer	op	37
495969	timer	op	38
495974	timer	op	39
495981	timer	op	137
495986	timer	op	138
495991	timer	op	139
495996	timer	op	140
496001	timer	op	141
496006	timer	op	142
496011	timer	op	143
496030	timer	op	96
496036	timer	op	102
496041	timer	op	103
496046	timer	op	104
496054	lifecycle	wave	259
497242	timer	op	119
497248	timer	op	120
497253	timer	op	121
497258	timer	op	122
497286	timer	op	129
497291	timer	op	130
497296	timer	op	131
497301	timer	op	132
497306	timer	op	133
497311	timer	op	134
497316	timer	op	135
497321	timer	op	136
497326	timer	op	43
497331	timer	op	44
497336	timer	op	45
497341	timer	op	46
497425	timer	op	127
497430	timer	op	128
498559	timer	op	42
498570	timer	op	199
498609	timer	op	47
498614	timer	op	48
498619	timer	op	49
498624	timer	op	50
498629	timer	op	51
498634	timer	op	52
498644	timer	op	88
498649	timer	op	89
498654	timer	op	90
498659	timer	op	91
498664	timer	op	92
498669	timer	op	93
498674	timer	op	94
498679	timer	op	95
498708	timer	op	2
498713	timer	op	3
498718	timer	op	4
498723	timer	op	5
498728	timer	op	6
498733	timer	op	7
498738	timer	op	8
498743	timer	op	9
498748	timer	op	10
498753	timer	op	11
498758	timer	op	12
498763	timer	op	13
498768	timer	op	14
498773	timer	op	15
498788	timer	op	16
498793	timer	op	17
498798	timer	op	18
498803	timer	op	19
498808	timer	op	20
498813	timer	op	21
498818	timer	op	22
498823	timer	op	23
498833	timer	op	148
498855	timer	op	149
500041	timer	op	101
500074	timer	op	77
500089	timer	op	183
500095	timer	op	184
500100	timer	op	185
500109	timer	op	186
500114	timer	op	187
500119	timer	op	188
500124	timer	op	189
500129	timer	op	190
500134	timer	op	191
500139	timer	op	192
500144	timer	op	193
500149	timer	op	194
500154	timer	op	195
500159	timer	op	196
500164	timer	op	197
500169	timer	op	198
500221	timer	op	24
500226	timer	op	25
500231	timer	op	26
500293	timer	op	151
500349	lifecycle	wave	254
500358	lifecycle	wave	255
500365	lifecycle	wave	258
500372	lifecycle	wave	257
500379	lifecycle	wave	256
500432	timer	op	150
500489	lifecycle	wave	250
500498	lifecycle	wave	251
500506	lifecycle	wave	252
500513	lifecycle	wave	253
500535	lifecycle	wave	259
501751	timer	op	178
501789	timer	op	167
501795	timer	op	168
501800	timer	op	169
501805	timer	op	170
501810	timer	op	171
501815	timer	op	107
501820	timer	op	108
501825	timer	op	109
501830	timer	op	110
501835	timer	op	111
501840	timer	op	112
501844	timer	op	113
501850	timer	op	114
501855	timer	op	115
501860	timer	op	116
501865	timer	op	98
501870	timer	op	99
501875	timer	op	100
501880	timer	op	152
501885	timer	op	153
501890	timer	op	154
501895	timer	op	155
501920	timer	op	33
501925	timer	op	34
501930	timer	op	35
501935	timer	op	36
501991	timer	op	160
501996	timer	op	161
502001	timer	op	162
503137	timer	op	156
503142	timer	op	157
503152	timer	op	158
503157	timer	op	159
503212	timer	op	117
503217	timer	op	118
503222	timer	op	179
503227	timer	op	180
503232	timer	op	181
503237	timer	op	182
503311	heartbeat	tick	391
504593	timer	op	72
504607	timer	op	85
504612	timer	op	86
505839	timer	op	68
505845	timer	op	69
505850	timer	op	70
505860	timer	op	71
505912	timer	op	73
505917	timer	op	74
505922	timer	op	75
505927	timer	op	76
506043	lifecycle	wave	259
506052	lifecycle	wave	253
506059	lifecycle	wave	252
506066	lifecycle	wave	251
506073	lifecycle	wave	250
506081	lifecycle	wave	256
506088	lifecycle	wave	257
506095	lifecycle	wave	258
506102	lifecycle	wave	255
506109	lifecycle	wave	254
506281	timer	op	78
506287	timer	op	79
506292	timer	op	80
506297	timer	op	81
506325	timer	op	82
510418	lifecycle	wave	250
510429	lifecycle	wave	251
510436	lifecycle	wave	252
510443	lifecycle	wave	253
510451	lifecycle	wave	259
511783	lifecycle	wave	254
511791	lifecycle	wave	255
511798	lifecycle	wave	258
511805	lifecycle	wave	257
511813	lifecycle	wave	256
511819	network	connect	392
511992	network	connect	393
512102	network	connect	394
512205	network	connect	395
512574	network	connect	396
512688	network	connect	397
512790	network	connect	398
512900	network	connect	399
513002	network	connect	400
513102	network	connect	401
513202	network	connect	402
513303	network	connect	403
513402	network	connect	404
513502	network	connect	405
513611	network	connect	406
514255	network	reply	392
514296	network	reply	393
514326	network	reply	394
514355	network	reply	395
515106	network	reply	396
515142	network	reply	397
515171	network	reply	398
515199	network	reply	399
515228	network	reply	400
515256	network	reply	401
515285	network	reply	402
515313	network	reply	403
515341	network	reply	404
515369	network	reply	405
515397	network	reply	406
516133	lifecycle	wave	259
516147	lifecycle	wave	253
516154	lifecycle	wave	252
516161	lifecycle	wave	251
516169	lifecycle	wave	250
520266	lifecycle	wave	256
520278	lifecycle	wave	257
520285	lifecycle	wave	258
520292	lifecycle	wave	255
520299	lifecycle	wave	254
521772	lifecycle	wave	250
521785	lifecycle	wave	251
521793	lifecycle	wave	252
521801	lifecycle	wave	253
521808	lifecycle	wave	259
525765	lifecycle	wave	254
525777	lifecycle	wave	255
525785	lifecycle	wave	258
525792	lifecycle	wave	257
525799	lifecycle	wave	256
527127	lifecycle	wave	259
527138	lifecycle	wave	253
527144	lifecycle	wave	252
527151	lifecycle	wave	251
527158	lifecycle	wave	250
531410	lifecycle	wave	256
531422	lifecycle	wave	257
531429	lifecycle	wave	258
531436	lifecycle	wave	255
531443	lifecycle	wave	254
532771	lifecycle	wave	250
532781	lifecycle	wave	251
532788	lifecycle	wave	252
532795	lifecycle	wave	253
532802	lifecycle	wave	259
536682	lifecycle	wave	254
536693	lifecycle	wave	255
536700	lifecycle	wave	258
536716	lifecycle	wave	257
536723	lifecycle	wave	256
538046	lifecycle	wave	259
538056	lifecycle	wave	253
538063	lifecycle	wave	252
538070	lifecycle	wave	251
538077	lifecycle	wave	250
541977	lifecycle	wave	256
541988	lifecycle	wave	257
541995	lifecycle	wave	258
542002	lifecycle	wave	255
542010	lifecycle	wave	254
543325	coop	yield	206
543331	coop	yield	207
543336	coop	yield	208
543340	coop	yield	209
543345	coop	yield	210
543349	coop	yield	211
543354	coop	yield	212
543358	coop	yield	213
543363	coop	yield	214
543367	coop	yield	215
543371	coop	yield	216
543376	coop	yield	217
543380	coop	yield	218
543385	coop	yield	219
543389	coop	yield	220
543394	coop	yield	221
543398	coop	yield	222
543403	coop	yield	223
543407	coop	yield	224
543411	coop	yield	225
543416	coop	yield	226
543420	coop	yield	227
543425	coop	yield	228
543429	coop	yield	229
543433	coop	yield	230
543438	coop	yield	231
543442	coop	yield	232
543447	coop	yield	233
543451	coop	yield	234
543456	coop	yield	235
543460	coop	yield	236
543465	coop	yield	237
543469	coop	yield	238
543474	coop	yield	239
543478	coop	yield	240
543482	coop	yield	241
543487	coop	yield	242
543491	coop	yield	243
543496	coop	yield	244
543500	coop	yield	245
543504	coop	yield	246
543509	coop	yield	247
543513	coop	yield	248
543518	coop	yield	249
543576	lifecycle	wave	250
543585	lifecycle	wave	251
543592	lifecycle	wave	252
543599	lifecycle	wave	253
543607	lifecycle	wave	259
546394	coop	yield	200
546400	coop	yield	201
546405	coop	yield	202
546409	coop	yield	203
546413	coop	yield	204
546418	coop	yield	205
546435	lifecycle	wave	254
546444	lifecycle	wave	255
546451	lifecycle	wave	258
546458	lifecycle	wave	257
546465	lifecycle	wave	256
547780	timer	op	176
547786	timer	op	177
547798	timer	op	172
548904	timer	op	173
548910	timer	op	174
549047	timer	op	97
549120	lifecycle	wave	259
549129	lifecycle	wave	253
549136	lifecycle	wave	252
549143	lifecycle	wave	251
549150	lifecycle	wave	250
549202	timer	op	87
549376	timer	op	144
549381	timer	op	145
549386	timer	op	146
549391	timer	op	147
550601	timer	op	175
550659	timer	op	57
550665	timer	op	58
550670	timer	op	59
550675	timer	op	60
550680	timer	op	61
550689	timer	op	62
550694	timer	op	63
551879	timer	op	96
551885	timer	op	102
551890	timer	op	103
551895	timer	op	104
551921	timer	op	40
551926	timer	op	41
551932	timer	op	1
551977	timer	op	105
552040	timer	op	53
552045	timer	op	54
552050	timer	op	55
552055	timer	op	56
552087	lifecycle	wave	256
552096	lifecycle	wave	257
552103	lifecycle	wave	258
552110	lifecycle	wave	255
552117	lifecycle	wave	254
553261	heartbeat	tick	407
553285	timer	op	27
553290	timer	op	28
553295	timer	op	29
553300	timer	op	30
553305	timer	op	31
553311	timer	op	32
554631	timer	op	127
554637	timer	op	128
554672	timer	op	64
554681	timer	op	65
554686	timer	op	66
554691	timer	op	67
554712	timer	op	106
554731	timer	op	166
554815	lifecycle	wave	250
554824	lifecycle	wave	251
554832	lifecycle	wave	252
554839	lifecycle	wave	253
554846	lifecycle	wave	259
555988	timer	op	47
555994	timer	op	48
555999	timer	op	49
556004	timer	op	50
556009	timer	op	51
556014	timer	op	52
556038	timer	op	119
556043	timer	op	120
556066	timer	op	83
556071	timer	op	84
556076	timer	op	163
556085	timer	op	164
556090	timer	op	165
556100	timer	op	126
556119	timer	op	123
556124	timer	op	124
556129	timer	op	125
556183	timer	op	77
556190	timer	op	183
556195	timer	op	184
556200	timer	op	185
556205	timer	op	186
556215	timer	op	187
556220	timer	op	188
556225	timer	op	189
556230	timer	op	190
556234	timer	op	191
556239	timer	op	192
556244	timer	op	193
556249	timer	op	194
556254	timer	op	195
556259	timer	op	196
556264	timer	op	197
556272	timer	op	42
556278	timer	op	199
556344	timer	op	121
556349	timer	op	122
556372	timer	op	129
556378	timer	op	130
556382	timer	op	131
556400	timer	op	132
556405	timer	op	133
556410	timer	op	134
556415	timer	op	135
556420	timer	op	136
556425	timer	op	43
556430	timer	op	44
556435	timer	op	45
556440	timer	op	46
556466	timer	op	0
556471	timer	op	37
556476	timer	op	38
556481	timer	op	39
556488	timer	op	137
556493	timer	op	138
556498	timer	op	139
556503	timer	op	140
556508	timer	op	141
556521	timer	op	142
556543	timer	op	143
556558	timer	op	148
556563	timer	op	149
556642	lifecycle	wave	254
556651	lifecycle	wave	255
556658	lifecycle	wave	258
556665	lifecycle	wave	257
556673	lifecycle	wave	256
557838	timer	op	198
557901	timer	op	2
557906	timer	op	3
557911	timer	op	4
557916	timer	op	5
557921	timer	op	6
557926	timer	op	7
557948	timer	op	8
557954	timer	op	9
557959	timer	op	10
557964	timer	op	11
557969	timer	op	12
557973	timer	op	13
557978	timer	op	14
557983	timer	op	15
557988	timer	op	16
557993	timer	op	17
557998	timer	op	18
558003	timer	op	19
558008	timer	op	20
558013	timer	op	21
558018	timer	op	22
558023	timer	op	23
558060	timer	op	151
559193	timer	op	178
559227	timer	op	167
559232	timer	op	168
559237	timer	op	169
559242	timer	op	170
559247	timer	op	171
559252	timer	op	107
559257	timer	op	108
559262	timer	op	109
559267	timer	op	110
559272	timer	op	111
559277	timer	op	112
559282	timer	op	113
559287	timer	op	114
559291	timer	op	115
559296	timer	op	116
559305	timer	op	98
559311	timer	op	99
559316	timer	op	100
559321	timer	op	152
559326	timer	op	153
559331	timer	op	154
559336	timer	op	155
559382	timer	op	24
559387	timer	op	25
559392	timer	op	26
559425	timer	op	88
559430	timer	op	89
559435	timer	op	90
559440	timer	op	91
559445	timer	op	92
559462	timer	op	93
559467	timer	op	94
559472	timer	op	95
559480	timer	op	160
559485	timer	op	161
559490	timer	op	162
559580	lifecycle	wave	259
559589	lifecycle	wave	253
559596	lifecycle	wave	252
559603	lifecycle	wave	251
559610	lifecycle	wave	250
560796	timer	op	101
560818	timer	op	33
560824	timer	op	34
560829	timer	op	35
560834	timer	op	36
560903	timer	op	117
560908	timer	op	118
560913	timer	op	179
560918	timer	op	180
560923	timer	op	181
560928	timer	op	182
562162	timer	op	156
562168	timer	op	157
562173	timer	op	158
562178	timer	op	159
562209	timer	op	150
562268	lifecycle	wave	256
562277	lifecycle	wave	257
562284	lifecycle	wave	258
562291	lifecycle	wave	255
562298	lifecycle	wave	254
562405	timer	op	68
562410	timer	op	69
562415	timer	op	70
562420	timer	op	71
565068	lifecycle	wave	250
565079	lifecycle	wave	251
565086	lifecycle	wave	252
565093	lifecycle	wave	253
565100	lifecycle	wave	259
566396	timer	op	72
566410	timer	op	85
566415	timer	op	86
567576	timer	op	73
567582	timer	op	74
567587	timer	op	75
567592	timer	op	76
567770	lifecycle	wave	254
567780	lifecycle	wave	255
567787	lifecycle	wave	258
567794	lifecycle	wave	257
567801	lifecycle	wave	256
569077	timer	op	78
569083	timer	op	79
569088	timer	op	80
569093	timer	op	81
569115	timer	op	82
570451	lifecycle	wave	259
570461	lifecycle	wave	253
570468	lifecycle	wave	252
570476	lifecycle	wave	251
570483	lifecycle	wave	250
573070	lifecycle	wave	256
573081	lifecycle	wave	257
573088	lifecycle	wave	258
573095	lifecycle	wave	255
573102	lifecycle	wave	254
575756	lifecycle	wave	250
575765	lifecycle	wave	251
575772	lifecycle	wave	252
575779	lifecycle	wave	253
575786	lifecycle	wave	259
575799	network	connect	408
576235	network	connect	409
576346	network	connect	410
576447	network	connect	411
576549	network	connect	412
576649	network	connect	413
576750	network	connect	414
576849	network	connect	415
576951	network	connect	416
577051	network	connect	417
577157	network	connect	418
577258	network	connect	419
577358	network	connect	420
577458	network	connect	421
577559	network	connect	422
578572	lifecycle	wave	254
578586	lifecycle	wave	255
578594	lifecycle	wave	258
578601	lifecycle	wave	257
578610	lifecycle	wave	256
578677	network	reply	408
578714	network	reply	409
578744	network	reply	410
578773	network	reply	411
578801	network	reply	412
578829	network	reply	413
578858	network	reply	414
578886	network	reply	415
578914	network	reply	416
578942	network	reply	417
578971	network	reply	418
578999	network	reply	419
579042	network	reply	420
579071	network	reply	421
579100	network	reply	422
582651	lifecycle	wave	259
582664	lifecycle	wave	253
582672	lifecycle	wave	252
582679	lifecycle	wave	251
582686	lifecycle	wave	250
585409	lifecycle	wave	256
585420	lifecycle	wave	257
585427	lifecycle	wave	258
585435	lifecycle	wave	255
585442	lifecycle	wave	254
588040	lifecycle	wave	250
588058	lifecycle	wave	251
588065	lifecycle	wave	252
588072	lifecycle	wave	253
588079	lifecycle	wave	259
590705	lifecycle	wave	254
590715	lifecycle	wave	255
590722	lifecycle	wave	258
590730	lifecycle	wave	257
590737	lifecycle	wave	256
593392	lifecycle	wave	259
593403	lifecycle	wave	253
593410	lifecycle	wave	252
593417	lifecycle	wave	251
593425	lifecycle	wave	250
596029	lifecycle	wave	256
596039	lifecycle	wave	257
596047	lifecycle	wave	258
596053	lifecycle	wave	255
596061	lifecycle	wave	254
598682	lifecycle	wave	250
598693	lifecycle	wave	251
598700	lifecycle	wave	252
598707	lifecycle	wave	253
598714	lifecycle	wave	259
601397	lifecycle	wave	254
601408	lifecycle	wave	255
601415	lifecycle	wave	258
601422	lifecycle	wave	257
601429	lifecycle	wave	256
604013	heartbeat	tick	423
604021	lifecycle	wave	259
604030	lifecycle	wave	253
604037	lifecycle	wave	252
604044	lifecycle	wave	251
604051	lifecycle	wave	250
606686	lifecycle	wave	256
606696	lifecycle	wave	257
606703	lifecycle	wave	258
606710	lifecycle	wave	255
606717	lifecycle	wave	254
609402	lifecycle	wave	250
609412	lifecycle	wave	251
609420	lifecycle	wave	252
609427	lifecycle	wave	253
609434	lifecycle	wave	259
612016	lifecycle	wave	254
612027	lifecycle	wave	255
612034	lifecycle	wave	258
612041	lifecycle	wave	257
612048	lifecycle	wave	256
613332	timer	op	176
613339	timer	op	177
613355	timer	op	172
614503	timer	op	173
614509	timer	op	174
614585	timer	op	175
614685	timer	op	97
614718	lifecycle	wave	259
614727	lifecycle	wave	253
614734	lifecycle	wave	252
614741	lifecycle	wave	251
614748	lifecycle	wave	250
615920	timer	op	105
615931	timer	op	87
616056	timer	op	144
616061	timer	op	145
616066	timer	op	146
616071	timer	op	147
617335	timer	op	57
617341	timer	op	58
617346	timer	op	59
617351	timer	op	60
617356	timer	op	61
617361	timer	op	62
617366	timer	op	63
617431	lifecycle	wave	256
617440	lifecycle	wave	257
617447	lifecycle	wave	258
617454	lifecycle	wave	255
617462	lifecycle	wave	254
618615	timer	op	40
618621	timer	op	41
618628	timer	op	1
618657	timer	op	166
618707	timer	op	96
618713	timer	op	102
618718	timer	op	103
618723	timer	op	104
618802	timer	op	53
618807	timer	op	54
618812	timer	op	55
618817	timer	op	56
619944	timer	op	27
619949	timer	op	28
619954	timer	op	29
619959	timer	op	30
619964	timer	op	31
619969	timer	op	32
619996	timer	op	83
620001	timer	op	84
620006	timer	op	163
620011	timer	op	164
620016	timer	op	165
620030	timer	op	126
620041	timer	op	67
620065	timer	op	106
620115	timer	op	64
620120	timer	op	65
620125	timer	op	66
620133	timer	op	123
620138	timer	op	124
620143	timer	op	125
620194	lifecycle	wave	250
620203	lifecycle	wave	251
620210	lifecycle	wave	252
620217	lifecycle	wave	253
620224	lifecycle	wave	259
620288	timer	op	119
620294	timer	op	120
620303	timer	op	133
620308	timer	op	134
620313	timer	op	135
620318	timer	op	136
620323	timer	op	43
620328	timer	op	44
620333	timer	op	45
620338	timer	op	46
620379	timer	op	127
620384	timer	op	128
620441	timer	op	0
620446	timer	op	37
620451	timer	op	38
620456	timer	op	39
620468	timer	op	137
620473	timer	op	138
620478	timer	op	139
620483	timer	op	140
620488	timer	op	141
620493	timer	op	142
620498	timer	op	143
621692	timer	op	47
621698	timer	op	48
621703	timer	op	49
621708	timer	op	50
621713	timer	op	51
621718	timer	op	52
621796	timer	op	129
621802	timer	op	130
621806	timer	op	131
621811	timer	op	132
621816	timer	op	194
621821	timer	op	195
621826	timer	op	196
621831	timer	op	197
621839	timer	op	42
621844	timer	op	199
621883	timer	op	121
621888	timer	op	122
621915	timer	op	148
621921	timer	op	149
623175	timer	op	77
623208	timer	op	183
623214	timer	op	184
623218	timer	op	185
623223	timer	op	186
623228	timer	op	187
623232	timer	op	188
623237	timer	op	189
623241	timer	op	190
623246	timer	op	191
623250	timer	op	192
623254	timer	op	193
623290	timer	op	24
623295	timer	op	25
623327	timer	op	151
623353	timer	op	2
623357	timer	op	3
623361	timer	op	4
623366	timer	op	5
623370	timer	op	6
623374	timer	op	7
623379	timer	op	8
623383	timer	op	9
623388	timer	op	10
623392	timer	op	11
623396	timer	op	12
623401	timer	op	13
623405	timer	op	14
623418	timer	op	15
623424	timer	op	16
623429	timer	op	17
623434	timer	op	18
623439	timer	op	19
623444	timer	op	20
623449	timer	op	21
623454	timer	op	22
623459	timer	op	23
623502	timer	op	88
623508	timer	op	89
623580	lifecycle	wave	254
623596	lifecycle	wave	255
623603	lifecycle	wave	258
623611	lifecycle	wave	257
623619	lifecycle	wave	256
624793	timer	op	26
624812	timer	op	198
624822	timer	op	101
624830	timer	op	33
624832	timer	op	34
624834	timer	op	35
624836	timer	op	36
624863	timer	op	167
624866	timer	op	168
624868	timer	op	169
624870	timer	op	170
624872	timer	op	171
624875	timer	op	107
624877	timer	op	108
624879	timer	op	109
624881	timer	op	110
624883	timer	op	111
624885	timer	op	112
624888	timer	op	113
624890	timer	op	114
624892	timer	op	115
624894	timer	op	116
624896	timer	op	98
624899	timer	op	99
624901	timer	op	100
624903	timer	op	152
624905	timer	op	153
624907	timer	op	154
624909	timer	op	155
624920	timer	op	90
624922	timer	op	91
624925	timer	op	92
624927	timer	op	93
624929	timer	op	94
624931	timer	op	95
626037	timer	op	178
626074	timer	op	117
626077	timer	op	118
626079	timer	op	179
626081	timer	op	180
626083	timer	op	181
626086	timer	op	182
626103	timer	op	157
626105	timer	op	158
626107	timer	op	159
626121	timer	op	150
626127	timer	op	160
626130	timer	op	161
626132	timer	op	162
626155	lifecycle	wave	259
626160	lifecycle	wave	253
626164	lifecycle	wave	252
626167	lifecycle	wave	251
626170	lifecycle	wave	250
626193	timer	op	156
627402	timer	op	68
627406	timer	op	69
627408	timer	op	70
627410	timer	op	71
628570	timer	op	72
628579	timer	op	85
628582	timer	op	86
628658	lifecycle	wave	256
628664	lifecycle	wave	257
628667	lifecycle	wave	258
628670	lifecycle	wave	255
628674	lifecycle	wave	254
629841	timer	op	73
629847	timer	op	74
629849	timer	op	75
629851	timer	op	76
630999	timer	op	78
631011	timer	op	79
631014	timer	op	80
631016	timer	op	81
631024	timer	op	82
632244	lifecycle	wave	250
632250	lifecycle	wave	251
632253	lifecycle	wave	252
632257	lifecycle	wave	253
632260	lifecycle	wave	259
633495	lifecycle	wave	254
633503	lifecycle	wave	255
633507	lifecycle	wave	258
633510	lifecycle	wave	257
633513	lifecycle	wave	256
638187	lifecycle	wave	259
638196	lifecycle	wave	253
638199	lifecycle	wave	252
638202	lifecycle	wave	251
638206	lifecycle	wave	250
638319	lifecycle	wave	256
638323	lifecycle	wave	257
638336	lifecycle	wave	258
638339	lifecycle	wave	255
638343	lifecycle	wave	254
639532	network	connect	424
639657	network	connect	425
639708	network	connect	426
639757	network	connect	427
639805	network	connect	428
639852	network	connect	429
639898	network	connect	430
639950	network	connect	431
639999	network	connect	432
640046	network	connect	433
640093	network	connect	434
640140	network	connect	435
640186	network	connect	436
640231	network	connect	437
640279	network	connect	438
640712	network	reply	424
640730	network	reply	425
640743	network	reply	426
640756	network	reply	427
640769	network	reply	428
640781	network	reply	429
640793	network	reply	430
640806	network	reply	431
640818	network	reply	432
640831	network	reply	433
640843	network	reply	434
640856	network	reply	435
640869	network	reply	436
640881	network	reply	437
640894	network	reply	438
643640	lifecycle	wave	254
643647	lifecycle	wave	255
643650	lifecycle	wave	258
643653	lifecycle	wave	257
643657	lifecycle	wave	256
643660	lifecycle	wave	250
643663	lifecycle	wave	251
643666	lifecycle	wave	252
643669	lifecycle	wave	253
643673	lifecycle	wave	259
647262	coop	yield	206
647268	coop	yield	207
647270	coop	yield	208
647272	coop	yield	209
647274	coop	yield	210
647276	coop	yield	211
647278	coop	yield	212
647280	coop	yield	213
647282	coop	yield	214
647284	coop	yield	215
647285	coop	yield	216
647287	coop	yield	217
647289	coop	yield	218
647291	coop	yield	219
647293	coop	yield	220
647295	coop	yield	221
647297	coop	yield	222
647299	coop	yield	223
647301	coop	yield	224
647303	coop	yield	225
647305	coop	yield	226
647307	coop	yield	227
647309	coop	yield	228
647311	coop	yield	229
647313	coop	yield	230
647314	coop	yield	231
647316	coop	yield	232
647318	coop	yield	233
647320	coop	yield	234
647327	coop	yield	235
647329	coop	yield	236
647331	coop	yield	237
647333	coop	yield	238
647335	coop	yield	239
647337	coop	yield	240
647339	coop	yield	241
647341	coop	yield	242
647343	coop	yield	243
647345	coop	yield	244
647347	coop	yield	245
647349	coop	yield	246
647350	coop	yield	247
647352	coop	yield	248
647354	coop	yield	249
648554	lifecycle	wave	259
648563	lifecycle	wave	253
648566	lifecycle	wave	252
648569	lifecycle	wave	251
648572	lifecycle	wave	250
648576	lifecycle	wave	256
648579	lifecycle	wave	257
648582	lifecycle	wave	258
648585	lifecycle	wave	255
648588	lifecycle	wave	254
650952	coop	yield	200
650957	coop	yield	201
650959	coop	yield	202
650961	coop	yield	203
650963	coop	yield	204
650965	coop	yield	205
653250	heartbeat	tick	439
653356	lifecycle	wave	254
653361	lifecycle	wave	255
653365	lifecycle	wave	258
653368	lifecycle	wave	257
653371	lifecycle	wave	256
653375	lifecycle	wave	250
653378	lifecycle	wave	251
653382	lifecycle	wave	252
653385	lifecycle	wave	253
653388	lifecycle	wave	259
659261	lifecycle	wave	259
659269	lifecycle	wave	253
659273	lifecycle	wave	252
659276	lifecycle	wave	251
659279	lifecycle	wave	250
659296	lifecycle	wave	256
659300	lifecycle	wave	257
659303	lifecycle	wave	258
659306	lifecycle	wave	255
659310	lifecycle	wave	254
665237	lifecycle	wave	254
665246	lifecycle	wave	255
665249	lifecycle	wave	258
665252	lifecycle	wave	257
665256	lifecycle	wave	256
665306	lifecycle	wave	250
665310	lifecycle	wave	251
665314	lifecycle	wave	252
665317	lifecycle	wave	253
665320	lifecycle	wave	259
670000	timer	op	175
671104	timer	op	87
671140	timer	op	176
671142	timer	op	177
671147	timer	op	172
671158	timer	op	97
671205	lifecycle	wave	259
671210	lifecycle	wave	253
671213	lifecycle	wave	252
671217	lifecycle	wave	251
671220	lifecycle	wave	250
671242	timer	op	173
671244	timer	op	174
671291	timer	op	105
671313	lifecycle	wave	256
671317	lifecycle	wave	257
671320	lifecycle	wave	258
671324	lifecycle	wave	255
671327	lifecycle	wave	254
672472	timer	op	96
672475	timer	op	102
672480	timer	op	103
672482	timer	op	104
672503	timer	op	144
672506	timer	op	145
672508	timer	op	146
672510	timer	op	147
672515	timer	op	57
672517	timer	op	58
672519	timer	op	59
672522	timer	op	60
672524	timer	op	61
672526	timer	op	62
672528	timer	op	63
673656	timer	op	1
673714	timer	op	166
673719	timer	op	83
673722	timer	op	84
673724	timer	op	163
673726	timer	op	164
673728	timer	op	165
673732	timer	op	126
674828	timer	op	0
674834	timer	op	64
674837	timer	op	65
674839	timer	op	66
674850	timer	op	123
674852	timer	op	124
674855	timer	op	125
674874	timer	op	127
674876	timer	op	128
674896	timer	op	53
674899	timer	op	54
674901	timer	op	55
674903	timer	op	56
674922	timer	op	40
674924	timer	op	41
674929	timer	op	67
676054	timer	op	106
676078	timer	op	119
676080	timer	op	120
676088	timer	op	27
676091	timer	op	28
676093	timer	op	29
676095	timer	op	30
676097	timer	op	31
676099	timer	op	32
676111	timer	op	131
676114	timer	op	132
676116	timer	op	194
676118	timer	op	195
676120	timer	op	196
676122	timer	op	197
676126	timer	op	42
676128	timer	op	199
676157	timer	op	121
676159	timer	op	122
676163	timer	op	133
676165	timer	op	134
676168	timer	op	135
676170	timer	op	136
676172	timer	op	43
676174	timer	op	44
676176	timer	op	45
676178	timer	op	46
676227	timer	op	151
676238	timer	op	37
676240	timer	op	38
676242	timer	op	39
676246	timer	op	137
676248	timer	op	138
676250	timer	op	139
676252	timer	op	140
676254	timer	op	141
676257	timer	op	142
676259	timer	op	143
676279	timer	op	148
676281	timer	op	149
676316	lifecycle	wave	254
676321	lifecycle	wave	255
676324	lifecycle	wave	258
676327	lifecycle	wave	257
676331	lifecycle	wave	256
676334	lifecycle	wave	250
676337	lifecycle	wave	251
676340	lifecycle	wave	252
676343	lifecycle	wave	253
676346	lifecycle	wave	259
677466	timer	op	129
677469	timer	op	130
677471	timer	op	23
677476	timer	op	77
677479	timer	op	183
677482	timer	op	184
677484	timer	op	185
677486	timer	op	186
677488	timer	op	187
677493	timer	op	188
677495	timer	op	189
677497	timer	op	190
677499	timer	op	191
677501	timer	op	192
677504	timer	op	193
677515	timer	op	47
677517	timer	op	48
677525	timer	op	49
677527	timer	op	50
677529	timer	op	51
677531	timer	op	52
677554	timer	op	167
677557	timer	op	168
677559	timer	op	169
677561	timer	op	170
677563	timer	op	171
677565	timer	op	107
677568	timer	op	108
677576	timer	op	109
677578	timer	op	110
677581	timer	op	111
677583	timer	op	112
677585	timer	op	113
677587	timer	op	114
677589	timer	op	115
677592	timer	op	116
677594	timer	op	98
677596	timer	op	99
677598	timer	op	100
677600	timer	op	152
677603	timer	op	153
677605	timer	op	154
677607	timer	op	155
678712	timer	op	24
678715	timer	op	25
678726	timer	op	90
678728	timer	op	91
678731	timer	op	92
678733	timer	op	93
678735	timer	op	94
678748	timer	op	117
678751	timer	op	118
678753	timer	op	179
678755	timer	op	180
678757	timer	op	181
678760	timer	op	182
678776	timer	op	88
678778	timer	op	89
678792	timer	op	95
678803	timer	op	33
678805	timer	op	34
678807	timer	op	35
678810	timer	op	36
678821	timer	op	2
678823	timer	op	3
678825	timer	op	4
678827	timer	op	5
678830	timer	op	6
678832	timer	op	7
678834	timer	op	8
678836	timer	op	9
678838	timer	op	10
678841	timer	op	11
678843	timer	op	12
678845	timer	op	13
678847	timer	op	14
678850	timer	op	15
678852	timer	op	16
678854	timer	op	17
678856	timer	op	18
678858	timer	op	19
678861	timer	op	20
678863	timer	op	21
678865	timer	op	22
679942	timer	op	157
679947	timer	op	158
679949	timer	op	159
679954	timer	op	178
679966	timer	op	26
679978	timer	op	198
679988	timer	op	101
681121	timer	op	68
681124	timer	op	69
681126	timer	op	70
681128	timer	op	71
681140	timer	op	150
681147	timer	op	160
681149	timer	op	161
681151	timer	op	162
681218	timer	op	156
681298	lifecycle	wave	259
681302	lifecycle	wave	253
681305	lifecycle	wave	252
681308	lifecycle	wave	251
681312	lifecycle	wave	250
681315	lifecycle	wave	256
681318	lifecycle	wave	257
681321	lifecycle	wave	258
681324	lifecycle	wave	255
681327	lifecycle	wave	254
682491	timer	op	85
682502	timer	op	86
683777	timer	op	72
683802	timer	op	73
683804	timer	op	74
683812	timer	op	75
683814	timer	op	76
684932	timer	op	82
686344	timer	op	78
686350	timer	op	79
686355	timer	op	80
686360	timer	op	81
686453	lifecycle	wave	254
686464	lifecycle	wave	255
686471	lifecycle	wave	258
686478	lifecycle	wave	257
686486	lifecycle	wave	256
686493	lifecycle	wave	250
686500	lifecycle	wave	251
686508	lifecycle	wave	252
686516	lifecycle	wave	253
686523	lifecycle	wave	259
691985	lifecycle	wave	259
691998	lifecycle	wave	253
692005	lifecycle	wave	252
692012	lifecycle	wave	251
692019	lifecycle	wave	250
692027	lifecycle	wave	256
692034	lifecycle	wave	257
692041	lifecycle	wave	258
692048	lifecycle	wave	255
692055	lifecycle	wave	254
697431	lifecycle	wave	254
697442	lifecycle	wave	255
697449	lifecycle	wave	258
697457	lifecycle	wave	257
697464	lifecycle	wave	256
697472	lifecycle	wave	250
697479	lifecycle	wave	251
697487	lifecycle	wave	252
697494	lifecycle	wave	253
697502	lifecycle	wave	259
701401	network	connect	440
701583	network	connect	441
701695	network	connect	442
701805	network	connect	443
701908	network	connect	444
702117	network	connect	445
702228	network	connect	446
702330	network	connect	447
702431	network	connect	448
702532	network	connect	449
702631	network	connect	450
702737	network	connect	451
702838	network	connect	452
702937	network	connect	453
703054	network	connect	454
703507	network	reply	440
703545	network	reply	441
703575	network	reply	442
703604	network	reply	443
703632	network	reply	444
703658	heartbeat	tick	455
704430	network	reply	445
704466	network	reply	446
704500	network	reply	447
704533	network	reply	448
704565	network	reply	449
704596	network	reply	450
704624	network	reply	451
704652	network	reply	452
704680	network	reply	453
704708	network	reply	454
704735	lifecycle	wave	259
704745	lifecycle	wave	253
704753	lifecycle	wave	252
704760	lifecycle	wave	251
704768	lifecycle	wave	250
704775	lifecycle	wave	256
704783	lifecycle	wave	257
704790	lifecycle	wave	258
704797	lifecycle	wave	255
704805	lifecycle	wave	254
710967	lifecycle	wave	254
710980	lifecycle	wave	255
710988	lifecycle	wave	258
710995	lifecycle	wave	257
711002	lifecycle	wave	256
711021	lifecycle	wave	250
711037	lifecycle	wave	251
711045	lifecycle	wave	252
711052	lifecycle	wave	253
711059	lifecycle	wave	259
716423	lifecycle	wave	259
716435	lifecycle	wave	253
716443	lifecycle	wave	252
716450	lifecycle	wave	251
716457	lifecycle	wave	250
716465	lifecycle	wave	256
716472	lifecycle	wave	257
716480	lifecycle	wave	258
716488	lifecycle	wave	255
716496	lifecycle	wave	254
721714	lifecycle	wave	254
721726	lifecycle	wave	255
721734	lifecycle	wave	258
721741	lifecycle	wave	257
721748	lifecycle	wave	256
721755	lifecycle	wave	250
721763	lifecycle	wave	251
721769	lifecycle	wave	252
721776	lifecycle	wave	253
721783	lifecycle	wave	259
726995	lifecycle	wave	259
727017	lifecycle	wave	253
727024	lifecycle	wave	252
727031	lifecycle	wave	251
727038	lifecycle	wave	250
727046	lifecycle	wave	256
727053	lifecycle	wave	257
727060	lifecycle	wave	258
727067	lifecycle	wave	255
727074	lifecycle	wave	254
728605	timer	op	87
728668	timer	op	176
728673	timer	op	177
729872	timer	op	172
729959	timer	op	175
731133	timer	op	173
731139	timer	op	174
731196	timer	op	96
731202	timer	op	102
731207	timer	op	103
731212	timer	op	104
731246	timer	op	97
731460	timer	op	144
731467	timer	op	145
731472	timer	op	146
731477	timer	op	147
731488	timer	op	57
731493	timer	op	58
731498	timer	op	59
731503	timer	op	60
731508	timer	op	61
731513	timer	op	62
731518	timer	op	63
731568	timer	op	105
731636	lifecycle	wave	258
731646	lifecycle	wave	257
731654	lifecycle	wave	256
731661	lifecycle	wave	250
731668	lifecycle	wave	251
731675	lifecycle	wave	252
731681	lifecycle	wave	253
731688	lifecycle	wave	259
733021	lifecycle	wave	254
733030	lifecycle	wave	255
734170	timer	op	127
734175	timer	op	128
734219	timer	op	53
734224	timer	op	54
734229	timer	op	55
734234	timer	op	56
734249	timer	op	121
734255	timer	op	122
734263	timer	op	133
734268	timer	op	134
734341	timer	op	166
734351	timer	op	83
734356	timer	op	84
734361	timer	op	163
734366	timer	op	164
734371	timer	op	165
734381	timer	op	126
735575	timer	op	151
735581	timer	op	135
735599	timer	op	0
735605	timer	op	64
735610	timer	op	65
735615	timer	op	66
735623	timer	op	123
735628	timer	op	124
735633	timer	op	125
735645	timer	op	40
735649	timer	op	41
735664	timer	op	67
735692	timer	op	119
735697	timer	op	120
735758	timer	op	1
735766	timer	op	27
735771	timer	op	28
735776	timer	op	29
735781	timer	op	30
735786	timer	op	31
735791	timer	op	32
735818	timer	op	131
735823	timer	op	132
735828	timer	op	194
735833	timer	op	195
735838	timer	op	196
735843	timer	op	197
735850	timer	op	42
735856	timer	op	199
736974	timer	op	37
736980	timer	op	38
736985	timer	op	39
736992	timer	op	137
736997	timer	op	138
737006	timer	op	139
737011	timer	op	140
737016	timer	op	141
737021	timer	op	142
737026	timer	op	143
737057	timer	op	100
737062	timer	op	152
737067	timer	op	153
737072	timer	op	154
737077	timer	op	155
737109	timer	op	148
737114	timer	op	149
737138	timer	op	106
737164	timer	op	46
737207	timer	op	167
737212	timer	op	168
737217	timer	op	169
737222	timer	op	170
737227	timer	op	171
737232	timer	op	107
737237	timer	op	108
737242	timer	op	109
737246	timer	op	110
737251	timer	op	111
737256	timer	op	112
737261	timer	op	113
737266	timer	op	114
737271	timer	op	115
737276	timer	op	116
737281	timer	op	98
737286	timer	op	99
737341	lifecycle	wave	259
737351	lifecycle	wave	253
737358	lifecycle	wave	252
737365	lifecycle	wave	251
737372	lifecycle	wave	250
737380	timer	op	136
737385	timer	op	43
737390	timer	op	44
737395	timer	op	45
737450	timer	op	47
737456	timer	op	48
737460	timer	op	49
737465	timer	op	50
737470	timer	op	51
737475	timer	op	52
737483	timer	op	90
737488	timer	op	91
737497	timer	op	92
737502	timer	op	93
737507	timer	op	94
737602	lifecycle	wave	256
737611	lifecycle	wave	257
737618	lifecycle	wave	258
737639	lifecycle	wave	255
737648	lifecycle	wave	254
738850	timer	op	88
738856	timer	op	89
738903	timer	op	95
738939	timer	op	129
738944	timer	op	130
738949	timer	op	23
738960	timer	op	77
738972	timer	op	183
738977	timer	op	184
738982	timer	op	185
738987	timer	op	186
739024	timer	op	117
739030	timer	op	118
739035	timer	op	179
739040	timer	op	180
739045	timer	op	181
739049	timer	op	182
740171	timer	op	24
740177	timer	op	25
740246	timer	op	33
740251	timer	op	34
740256	timer	op	35
740261	timer	op	36
740271	timer	op	2
740276	timer	op	3
740281	timer	op	4
740286	timer	op	5
740291	timer	op	6
740296	timer	op	7
740301	timer	op	8
740306	timer	op	9
740311	timer	op	10
740316	timer	op	11
740321	timer	op	12
740326	timer	op	13
740331	timer	op	14
740336	timer	op	15
740340	timer	op	16
740345	timer	op	17
740350	timer	op	18
740355	timer	op	19
740360	timer	op	20
740365	timer	op	21
740370	timer	op	22
740384	timer	op	26
740413	timer	op	187
740419	timer	op	188
740423	timer	op	189
740428	timer	op	190
740433	timer	op	191
740438	timer	op	192
740443	timer	op	193
740462	timer	op	198
740483	timer	op	101
741656	timer	op	150
741671	timer	op	160
741676	timer	op	161
741681	timer	op	162
741763	timer	op	157
741768	timer	op	158
741773	timer	op	159
741782	timer	op	178
741810	timer	op	68
741816	timer	op	69
741821	timer	op	70
741826	timer	op	71
743069	timer	op	156
743173	lifecycle	wave	254
743183	lifecycle	wave	255
743190	lifecycle	wave	258
743197	lifecycle	wave	257
743204	lifecycle	wave	256
743211	lifecycle	wave	250
743218	lifecycle	wave	251
743225	lifecycle	wave	252
743233	lifecycle	wave	253
743239	lifecycle	wave	259
744682	timer	op	85
744688	timer	op	86
744830	timer	op	72
746098	timer	op	73
746104	timer	op	74
746109	timer	op	75
746113	timer	op	76
747235	timer	op	82
747370	timer	op	78
747376	timer	op	79
747381	timer	op	80
747386	timer	op	81
747421	coop	yield	206
747426	coop	yield	207
747430	coop	yield	208
747435	coop	yield	209
747439	coop	yield	210
747444	coop	yield	211
747448	coop	yield	212
747452	coop	yield	213
747457	coop	yield	214
747461	coop	yield	215
747466	coop	yield	216
747470	coop	yield	217
747475	coop	yield	218
747479	coop	yield	219
747484	coop	yield	220
747488	coop	yield	221
747492	coop	yield	222
747497	coop	yield	223
747501	coop	yield	224
747506	coop	yield	225
747510	coop	yield	226
747514	coop	yield	227
747519	coop	yield	228
747523	coop	yield	229
747528	coop	yield	230
747532	coop	yield	231
747536	coop	yield	232
747541	coop	yield	233
747545	coop	yield	234
747550	coop	yield	235
747554	coop	yield	236
747559	coop	yield	237
747563	coop	yield	238
747567	coop	yield	239
747572	coop	yield	240
747576	coop	yield	241
747580	coop	yield	242
747585	coop	yield	243
747589	coop	yield	244
747594	coop	yield	245
747598	coop	yield	246
747602	coop	yield	247
747607	coop	yield	248
747611	coop	yield	249
748938	lifecycle	wave	259
748948	lifecycle	wave	253
748955	lifecycle	wave	252
748962	lifecycle	wave	251
748969	lifecycle	wave	250
748976	lifecycle	wave	256
748983	lifecycle	wave	257
748990	lifecycle	wave	258
748997	lifecycle	wave	255
749004	lifecycle	wave	254
750372	coop	yield	200
750378	coop	yield	201
750383	coop	yield	202
750387	coop	yield	203
750391	coop	yield	204
750396	coop	yield	205
754279	heartbeat	tick	456
754435	lifecycle	wave	254
754444	lifecycle	wave	255
754451	lifecycle	wave	258
754458	lifecycle	wave	257
754466	lifecycle	wave	256
754474	lifecycle	wave	250
754481	lifecycle	wave	251
754489	lifecycle	wave	252
754496	lifecycle	wave	253
754504	lifecycle	wave	259
759703	lifecycle	wave	259
759714	lifecycle	wave	253
759722	lifecycle	wave	252
759729	lifecycle	wave	251
759736	lifecycle	wave	250
759744	lifecycle	wave	256
759751	lifecycle	wave	257
759757	lifecycle	wave	258
759765	lifecycle	wave	255
759771	lifecycle	wave	254
764986	lifecycle	wave	254
764998	lifecycle	wave	255
765005	lifecycle	wave	258
765012	lifecycle	wave	257
765019	lifecycle	wave	256
765026	lifecycle	wave	250
765033	lifecycle	wave	251
765040	lifecycle	wave	252
765047	lifecycle	wave	253
765054	lifecycle	wave	259
766434	network	connect	457
766600	network	connect	458
766705	network	connect	459
766806	network	connect	460
766907	network	connect	461
767124	network	connect	462
767237	network	connect	463
767343	network	connect	464
767444	network	connect	465
767543	network	connect	466
767643	network	connect	467
767742	network	connect	468
767849	network	connect	469
767949	network	connect	470
768049	network	connect	471
768457	network	reply	457
768495	network	reply	458
768525	network	reply	459
768568	network	reply	460
768596	network	reply	461
769369	network	reply	462
769404	network	reply	463
769433	network	reply	464
769461	network	reply	465
769489	network	reply	466
769517	network	reply	467
769545	network	reply	468
769573	network	reply	469
769601	network	reply	470
769629	network	reply	471
770324	lifecycle	wave	259
770338	lifecycle	wave	253
770345	lifecycle	wave	252
770353	lifecycle	wave	251
770360	lifecycle	wave	250
770367	lifecycle	wave	256
770374	lifecycle	wave	257
770381	lifecycle	wave	258
770389	lifecycle	wave	255
770408	lifecycle	wave	254
775963	lifecycle	wave	254
775975	lifecycle	wave	255
775982	lifecycle	wave	258
775989	lifecycle	wave	257
775997	lifecycle	wave	256
776004	lifecycle	wave	250
776011	lifecycle	wave	251
776018	lifecycle	wave	252
776025	lifecycle	wave	253
776032	lifecycle	wave	259
781427	lifecycle	wave	259
781439	lifecycle	wave	253
781446	lifecycle	wave	252
781453	lifecycle	wave	251
781460	lifecycle	wave	250
781468	lifecycle	wave	256
781475	lifecycle	wave	257
781483	lifecycle	wave	258
781491	lifecycle	wave	255
781498	lifecycle	wave	254
786705	lifecycle	wave	254
786717	lifecycle	wave	255
786724	lifecycle	wave	258
786731	lifecycle	wave	257
786739	lifecycle	wave	256
786746	lifecycle	wave	250
786753	lifecycle	wave	251
786760	lifecycle	wave	252
786767	lifecycle	wave	253
786774	lifecycle	wave	259
790521	timer	op	87
790587	timer	op	172
791897	timer	op	173
791903	timer	op	174
791951	timer	op	176
791957	timer	op	177
792018	lifecycle	wave	259
792027	lifecycle	wave	253
792034	lifecycle	wave	252
792041	lifecycle	wave	251
792048	lifecycle	wave	250
792056	lifecycle	wave	256
792063	lifecycle	wave	257
792070	lifecycle	wave	258
792077	lifecycle	wave	255
792084	lifecycle	wave	254
792280	timer	op	144
792286	timer	op	145
792290	timer	op	146
792295	timer	op	147
792307	timer	op	57
792312	timer	op	58
792317	timer	op	59
792322	timer	op	60
792327	timer	op	61
792332	timer	op	62
792337	timer	op	63
793567	timer	op	175
793666	timer	op	96
793672	timer	op	102
793677	timer	op	103
793682	timer	op	104
793723	timer	op	97
794901	timer	op	134
794958	timer	op	105
796185	timer	op	67
796219	timer	op	119
796224	timer	op	120
796247	timer	op	127
796252	timer	op	128
796303	timer	op	53
796308	timer	op	54
796313	timer	op	55
796318	timer	op	56
796334	timer	op	121
796339	timer	op	122
796348	timer	op	133
796485	lifecycle	wave	255
796494	lifecycle	wave	258
796501	lifecycle	wave	257
796508	lifecycle	wave	256
796515	lifecycle	wave	250
796522	lifecycle	wave	251
796529	lifecycle	wave	252
796536	lifecycle	wave	253
796543	lifecycle	wave	259
797729	timer	op	83
797735	timer	op	84
797740	timer	op	163
797745	timer	op	164
797755	timer	op	165
797765	timer	op	126
797795	timer	op	125
797821	timer	op	1
797828	timer	op	27
797833	timer	op	28
797838	timer	op	29
797843	timer	op	30
797848	timer	op	31
797853	timer	op	32
797887	timer	op	131
797892	timer	op	132
797897	timer	op	194
797902	timer	op	195
797907	timer	op	196
797912	timer	op	197
797919	timer	op	42
797925	timer	op	199
797932	timer	op	123
797937	timer	op	124
797959	timer	op	148
797965	timer	op	149
797989	timer	op	106
798002	timer	op	166
798020	lifecycle	wave	254
799128	timer	op	40
799133	timer	op	41
799196	timer	op	47
799201	timer	op	48
799206	timer	op	49
799211	timer	op	50
799216	timer	op	51
799221	timer	op	52
799238	timer	op	37
799244	timer	op	38
799249	timer	op	39
799256	timer	op	137
799261	timer	op	138
799265	timer	op	139
799270	timer	op	140
799280	timer	op	141
799285	timer	op	142
799290	timer	op	143
799317	timer	op	100
799322	timer	op	152
799327	timer	op	153
799332	timer	op	154
799337	timer	op	155
799364	timer	op	46
799388	timer	op	151
799393	timer	op	135
799408	timer	op	0
799413	timer	op	64
799418	timer	op	65
799423	timer	op	66
799460	timer	op	129
799466	timer	op	130
799471	timer	op	23
800632	timer	op	2
800637	timer	op	3
800642	timer	op	4
800647	timer	op	5
800652	timer	op	6
800657	timer	op	7
800662	timer	op	8
800667	timer	op	9
800672	timer	op	10
800677	timer	op	11
800682	timer	op	12
800687	timer	op	13
800692	timer	op	14
800697	timer	op	15
800702	timer	op	16
800707	timer	op	17
800742	timer	op	167
800756	timer	op	168
800761	timer	op	169
800766	timer	op	170
800771	timer	op	171
800776	timer	op	107
800781	timer	op	108
800786	timer	op	109
800791	timer	op	110
800796	timer	op	111
800801	timer	op	112
800806	timer	op	113
800811	timer	op	114
800816	timer	op	115
800821	timer	op	116
800826	timer	op	98
800830	timer	op	99
800837	timer	op	136
800842	timer	op	43
800847	timer	op	44
800856	timer	op	45
800863	timer	op	90
800868	timer	op	91
800873	timer	op	92
800878	timer	op	93
800883	timer	op	94
800962	timer	op	95
802082	timer	op	18
802088	timer	op	19
802093	timer	op	20
802098	timer	op	21
802102	timer	op	22
802116	timer	op	26
802162	timer	op	88
802168	timer	op	89
802209	timer	op	185
802214	timer	op	186
802242	timer	op	117
802248	timer	op	118
802253	timer	op	179
802257	timer	op	180
802262	timer	op	181
802267	timer	op	182
802307	timer	op	157
802312	timer	op	158
802317	timer	op	159
802326	timer	op	77
802345	timer	op	183
802350	timer	op	184
802399	lifecycle	wave	259
802408	lifecycle	wave	253
802415	lifecycle	wave	252
802422	lifecycle	wave	251
802429	lifecycle	wave	250
802446	timer	op	101
802513	lifecycle	wave	256
802522	lifecycle	wave	257
802529	lifecycle	wave	258
802536	lifecycle	wave	255
802560	lifecycle	wave	254
803753	timer	op	156
803788	timer	op	150
803811	timer	op	33
803816	timer	op	34
803821	timer	op	35
803826	timer	op	36
803849	timer	op	24
803854	timer	op	25
803922	timer	op	187
803928	timer	op	188
803933	timer	op	189
803937	timer	op	190
803942	timer	op	191
803947	timer	op	192
803952	timer	op	193
803967	timer	op	198
805065	timer	op	160
805070	timer	op	161
805075	timer	op	162
805135	timer	op	68
805140	timer	op	69
805145	timer	op	70
805150	timer	op	71
805207	timer	op	178
805275	heartbeat	tick	472
807832	timer	op	72
807883	timer	op	86
807986	lifecycle	wave	254
807996	lifecycle	wave	255
808003	lifecycle	wave	258
808010	lifecycle	wave	257
808017	lifecycle	wave	256
808025	lifecycle	wave	250
808032	lifecycle	wave	251
808038	lifecycle	wave	252
808046	lifecycle	wave	253
808053	lifecycle	wave	259
809308	timer	op	73
809313	timer	op	74
809318	timer	op	75
809323	timer	op	76
809434	timer	op	85
810599	timer	op	78
810605	timer	op	79
810610	timer	op	80
810619	timer	op	81
812002	timer	op	82
813414	lifecycle	wave	259
813425	lifecycle	wave	253
813432	lifecycle	wave	252
813439	lifecycle	wave	251
813446	lifecycle	wave	250
813453	lifecycle	wave	256
813460	lifecycle	wave	257
813467	lifecycle	wave	258
813475	lifecycle	wave	255
813482	lifecycle	wave	254
818685	lifecycle	wave	254
818696	lifecycle	wave	255
818703	lifecycle	wave	258
818710	lifecycle	wave	257
818718	lifecycle	wave	256
818725	lifecycle	wave	250
818732	lifecycle	wave	251
818739	lifecycle	wave	252
818746	lifecycle	wave	253
818753	lifecycle	wave	259
823954	lifecycle	wave	259
823966	lifecycle	wave	253
823973	lifecycle	wave	252
823980	lifecycle	wave	251
823987	lifecycle	wave	250
823994	lifecycle	wave	256
824001	lifecycle	wave	257
824008	lifecycle	wave	258
824015	lifecycle	wave	255
824022	lifecycle	wave	254
829431	lifecycle	wave	254
829443	lifecycle	wave	255
829451	lifecycle	wave	258
829457	lifecycle	wave	257
829465	lifecycle	wave	256
829472	lifecycle	wave	250
829480	lifecycle	wave	251
829487	lifecycle	wave	252
829495	lifecycle	wave	253
829502	lifecycle	wave	259
830859	network	connect	473
831044	network	connect	474
831156	network	connect	475
831258	network	connect	476
834016	network	connect	477
834119	network	connect	478
834220	network	connect	479
834321	network	connect	480
834421	network	connect	481
834530	network	connect	482
834631	network	connect	483
834732	network	connect	484
834832	network	connect	485
834931	network	connect	486
835045	network	connect	487
836040	lifecycle	wave	259
836054	lifecycle	wave	253
836062	lifecycle	wave	252
836069	lifecycle	wave	251
836077	lifecycle	wave	250
836084	lifecycle	wave	256
836092	lifecycle	wave	257
836100	lifecycle	wave	258
836108	lifecycle	wave	255
836115	lifecycle	wave	254
836184	network	reply	473
836221	network	reply	474
836251	network	reply	475
836279	network	reply	476
836307	network	reply	477
836335	network	reply	478
836363	network	reply	479
836400	network	reply	480
836429	network	reply	481
836457	network	reply	482
836484	network	reply	483
836512	network	reply	484
836540	network	reply	485
836568	network	reply	486
836596	network	reply	487
842721	lifecycle	wave	254
842735	lifecycle	wave	255
842742	lifecycle	wave	258
842749	lifecycle	wave	257
842757	lifecycle	wave	256
842765	lifecycle	wave	250
842772	lifecycle	wave	251
842779	lifecycle	wave	252
842786	lifecycle	wave	253
842794	lifecycle	wave	259
848003	lifecycle	wave	259
848015	lifecycle	wave	253
848022	lifecycle	wave	252
848029	lifecycle	wave	251
848036	lifecycle	wave	250
848043	lifecycle	wave	256
848050	lifecycle	wave	257
848057	lifecycle	wave	258
848064	lifecycle	wave	255
848071	lifecycle	wave	254
853412	lifecycle	wave	254
853423	lifecycle	wave	255
853431	lifecycle	wave	258
853438	lifecycle	wave	257
853445	lifecycle	wave	256
853453	lifecycle	wave	250
853460	lifecycle	wave	251
853467	lifecycle	wave	252
853475	lifecycle	wave	253
853483	lifecycle	wave	259
856108	heartbeat	tick	488
857221	timer	op	172
858530	timer	op	87
858669	timer	op	173
858674	timer	op	174
858731	lifecycle	wave	259
858741	lifecycle	wave	253
858748	lifecycle	wave	252
858755	lifecycle	wave	251
858762	lifecycle	wave	250
858769	lifecycle	wave	256
858776	lifecycle	wave	257
858783	lifecycle	wave	258
858790	lifecycle	wave	255
858798	lifecycle	wave	254
860000	timer	op	144
860006	timer	op	145
860011	timer	op	146
860016	timer	op	147
860028	timer	op	57
860033	timer	op	58
860038	timer	op	59
860043	timer	op	60
860048	timer	op	61
860053	timer	op	62
860057	timer	op	63
860070	timer	op	175
860163	timer	op	176
860168	timer	op	177
860360	timer	op	96
860366	timer	op	102
860371	timer	op	103
860376	timer	op	104
860394	coop	yield	206
860399	coop	yield	207
860404	coop	yield	208
860408	coop	yield	209
860413	coop	yield	210
860417	coop	yield	211
860422	coop	yield	212
860426	coop	yield	213
860431	coop	yield	214
860435	coop	yield	215
860439	coop	yield	216
860444	coop	yield	217
860448	coop	yield	218
860453	coop	yield	219
860460	coop	yield	220
860464	coop	yield	221
860469	coop	yield	222
860473	coop	yield	223
860477	coop	yield	224
860482	coop	yield	225
860487	coop	yield	226
860491	coop	yield	227
860495	coop	yield	228
860500	coop	yield	229
860504	coop	yield	230
860509	coop	yield	231
860513	coop	yield	232
860518	coop	yield	233
860522	coop	yield	234
860526	coop	yield	235
860531	coop	yield	236
860535	coop	yield	237
860540	coop	yield	238
860544	coop	yield	239
860549	coop	yield	240
860553	coop	yield	241
860558	coop	yield	242
860562	coop	yield	243
860566	coop	yield	244
860571	coop	yield	245
860575	coop	yield	246
860580	coop	yield	247
860584	coop	yield	248
860588	coop	yield	249
861721	timer	op	134
862977	timer	op	97
863212	timer	op	105
863280	timer	op	119
863285	timer	op	120
863304	timer	op	127
863309	timer	op	128
863408	coop	yield	200
863413	coop	yield	201
863417	coop	yield	202
863422	coop	yield	203
863426	coop	yield	204
863431	coop	yield	205
863472	lifecycle	wave	254
863482	lifecycle	wave	255
863489	lifecycle	wave	258
863496	lifecycle	wave	257
863503	lifecycle	wave	256
863510	lifecycle	wave	250
863517	lifecycle	wave	251
863524	lifecycle	wave	252
863531	lifecycle	wave	253
863550	lifecycle	wave	259
864779	timer	op	53
864785	timer	op	54
864790	timer	op	55
864795	timer	op	56
864811	timer	op	121
864816	timer	op	122
864829	timer	op	133
864842	timer	op	131
864847	timer	op	132
864852	timer	op	194
864857	timer	op	195
864866	timer	op	196
864871	timer	op	197
864878	timer	op	42
864884	timer	op	199
864890	timer	op	123
864895	timer	op	124
864913	timer	op	148
864919	timer	op	149
864940	timer	op	126
864966	timer	op	125
864999	timer	op	67
866126	timer	op	137
866131	timer	op	138
866136	timer	op	139
866141	timer	op	140
866146	timer	op	141
866151	timer	op	142
866156	timer	op	143
866191	timer	op	106
866201	timer	op	166
866223	timer	op	46
866252	timer	op	151
866257	timer	op	135
866293	timer	op	47
866298	timer	op	48
866303	timer	op	49
866308	timer	op	50
866313	timer	op	51
866318	timer	op	52
866340	timer	op	37
866345	timer	op	38
866350	timer	op	39
866375	timer	op	1
866395	timer	op	27
866400	timer	op	28
866413	timer	op	29
866418	timer	op	30
866423	timer	op	31
866428	timer	op	32
866449	timer	op	83
866454	timer	op	84
866459	timer	op	163
866464	timer	op	164
866469	timer	op	165
867617	timer	op	0
867623	timer	op	64
867647	timer	op	100
867653	timer	op	152
867658	timer	op	153
867663	timer	op	154
867667	timer	op	155
867716	timer	op	95
867754	timer	op	167
867759	timer	op	168
867764	timer	op	169
867769	timer	op	170
867774	timer	op	171
867779	timer	op	107
867783	timer	op	108
867788	timer	op	109
867793	timer	op	110
867798	timer	op	111
867803	timer	op	112
867808	timer	op	113
867813	timer	op	114
867818	timer	op	115
867823	timer	op	116
867828	timer	op	98
867833	timer	op	99
867843	timer	op	136
867848	timer	op	43
867853	timer	op	44
867858	timer	op	45
867869	timer	op	40
867874	timer	op	41
869005	timer	op	65
869010	timer	op	66
869046	timer	op	129
869051	timer	op	130
869056	timer	op	23
869098	timer	op	117
869103	timer	op	118
869108	timer	op	179
869113	timer	op	180
869118	timer	op	181
869123	timer	op	182
869134	timer	op	18
869144	timer	op	19
869149	timer	op	20
869154	timer	op	21
869159	timer	op	22
869173	timer	op	26
869216	timer	op	90
869221	timer	op	91
869226	timer	op	92
869231	timer	op	93
869236	timer	op	94
869282	timer	op	89
869335	lifecycle	wave	259
869345	lifecycle	wave	253
869352	lifecycle	wave	252
869359	lifecycle	wave	251
869366	lifecycle	wave	250
869429	timer	op	88
869454	timer	op	2
869459	timer	op	3
869464	timer	op	4
869469	timer	op	5
869474	timer	op	6
869479	timer	op	7
869484	timer	op	8
869489	timer	op	9
869494	timer	op	10
869499	timer	op	11
869503	timer	op	12
869508	timer	op	13
869513	timer	op	14
869518	timer	op	15
869523	timer	op	16
869528	timer	op	17
869550	lifecycle	wave	256
869559	lifecycle	wave	257
869566	lifecycle	wave	258
869574	lifecycle	wave	255
869581	lifecycle	wave	254
870792	timer	op	157
870798	timer	op	158
870803	timer	op	159
870812	timer	op	77
870828	timer	op	183
870833	timer	op	184
870862	timer	op	68
870867	timer	op	69
870872	timer	op	70
870877	timer	op	71
870906	timer	op	150
870958	timer	op	185
870963	timer	op	186
870969	timer	op	198
870976	timer	op	101
872111	timer	op	156
872145	timer	op	160
872150	timer	op	161
872159	timer	op	162
872177	timer	op	187
872182	timer	op	188
872187	timer	op	189
872192	timer	op	190
872197	timer	op	191
872202	timer	op	192
872206	timer	op	193
872295	timer	op	33
872300	timer	op	34
872305	timer	op	35
872310	timer	op	36
872349	timer	op	24
872355	timer	op	25
873624	timer	op	178
874865	timer	op	72
874884	timer	op	86
875044	lifecycle	wave	254
875054	lifecycle	wave	255
875061	lifecycle	wave	258
875068	lifecycle	wave	257
875075	lifecycle	wave	256
875082	lifecycle	wave	250
875089	lifecycle	wave	251
875096	lifecycle	wave	252
875103	lifecycle	wave	253
875111	lifecycle	wave	259
875336	timer	op	73
875342	timer	op	74
875347	timer	op	75
875352	timer	op	76
876586	timer	op	85
876592	timer	op	81
877895	timer	op	78
877901	timer	op	79
877906	timer	op	80
879085	timer	op	82
879404	lifecycle	wave	257
879414	lifecycle	wave	258
879421	lifecycle	wave	255
879428	lifecycle	wave	254
880768	lifecycle	wave	259
880778	lifecycle	wave	253
880785	lifecycle	wave	252
880796	lifecycle	wave	251
880805	lifecycle	wave	250
880811	lifecycle	wave	256
884700	lifecycle	wave	254
884711	lifecycle	wave	255
884719	lifecycle	wave	258
884725	lifecycle	wave	257
886049	lifecycle	wave	256
886058	lifecycle	wave	250
886065	lifecycle	wave	251
886072	lifecycle	wave	252
886079	lifecycle	wave	253
886086	lifecycle	wave	259
889977	lifecycle	wave	257
889988	lifecycle	wave	258
889995	lifecycle	wave	255
890002	lifecycle	wave	254
891399	lifecycle	wave	259
891409	lifecycle	wave	253
891416	lifecycle	wave	252
891423	lifecycle	wave	251
891431	lifecycle	wave	250
891438	lifecycle	wave	256
895397	lifecycle	wave	254
895408	lifecycle	wave	255
895415	lifecycle	wave	258
895423	lifecycle	wave	257
896758	lifecycle	wave	256
896767	lifecycle	wave	250
896774	lifecycle	wave	251
896780	lifecycle	wave	252
896788	lifecycle	wave	253
896795	lifecycle	wave	259
896802	network	connect	489
896975	network	connect	490
897083	network	connect	491
897190	network	connect	492
897291	network	connect	493
897402	network	connect	494
897503	network	connect	495
897603	network	connect	496
897703	network	connect	497
897802	network	connect	498
897906	network	connect	499
898014	network	connect	500
898113	network	connect	501
898212	network	connect	502
898318	network	connect	503
899410	network	reply	489
899451	network	reply	490
899480	network	reply	491
899509	network	reply	492
899536	network	reply	493
899565	network	reply	494
899593	network	reply	495
899620	network	reply	496
899648	network	reply	497
899676	network	reply	498
899704	network	reply	499
899732	network	reply	500
899760	network	reply	501
899788	network	reply	502
899816	network	reply	503
900897	lifecycle	wave	257
900910	lifecycle	wave	258
900918	lifecycle	wave	255
900925	lifecycle	wave	254
903684	lifecycle	wave	259
903695	lifecycle	wave	253
903702	lifecycle	wave	252
903709	lifecycle	wave	251
903716	lifecycle	wave	250
903723	lifecycle	wave	256
906336	heartbeat	tick	504
906397	lifecycle	wave	254
906406	lifecycle	wave	255
906414	lifecycle	wave	258
906421	lifecycle	wave	257
909015	lifecycle	wave	256
909026	lifecycle	wave	250
909033	lifecycle	wave	251
909040	lifecycle	wave	252
909047	lifecycle	wave	253
909054	lifecycle	wave	259
911689	lifecycle	wave	257
911699	lifecycle	wave	258
911706	lifecycle	wave	255
911713	lifecycle	wave	254
914400	lifecycle	wave	259
914411	lifecycle	wave	253
914418	lifecycle	wave	252
914425	lifecycle	wave	251
914432	lifecycle	wave	250
914439	lifecycle	wave	256
917036	lifecycle	wave	254
917046	lifecycle	wave	255
917053	lifecycle	wave	258
917060	lifecycle	wave	257
918255	timer	op	87
919661	timer	op	176
919690	lifecycle	wave	256
919698	lifecycle	wave	250
919706	lifecycle	wave	251
919712	lifecycle	wave	252
919719	lifecycle	wave	253
919727	lifecycle	wave	259
922151	timer	op	57
922158	timer	op	58
922163	timer	op	59
922168	timer	op	60
922173	timer	op	61
922178	timer	op	62
922183	timer	op	63
922194	timer	op	172
922314	timer	op	177
922337	timer	op	96
922343	timer	op	102
922348	timer	op	103
922353	timer	op	104
922429	lifecycle	wave	257
922438	lifecycle	wave	258
922445	lifecycle	wave	255
922452	lifecycle	wave	254
923683	timer	op	175
923742	timer	op	173
923747	timer	op	174
924887	timer	op	144
924892	timer	op	145
924897	timer	op	146
924902	timer	op	147
924992	timer	op	121
924998	timer	op	122
925028	timer	op	97
925037	timer	op	127
925042	timer	op	128
925101	lifecycle	wave	259
925110	lifecycle	wave	253
925117	lifecycle	wave	252
925123	lifecycle	wave	251
925130	lifecycle	wave	250
925138	lifecycle	wave	256
925224	timer	op	149
925239	timer	op	133
925252	timer	op	131
925257	timer	op	132
925262	timer	op	194
925267	timer	op	195
925272	timer	op	196
925281	timer	op	197
925288	timer	op	42
925294	timer	op	199
925301	timer	op	123
925306	timer	op	124
926588	timer	op	134
926616	timer	op	105
926683	timer	op	106
926693	timer	op	100
926698	timer	op	152
926703	timer	op	153
926708	timer	op	154
926713	timer	op	155
926722	timer	op	137
926727	timer	op	138
926732	timer	op	139
926737	timer	op	140
926742	timer	op	141
926747	timer	op	142
926752	timer	op	143
926785	timer	op	53
926790	timer	op	54
926795	timer	op	55
926800	timer	op	56
926819	timer	op	37
926824	timer	op	38
926829	timer	op	39
927978	timer	op	1
927990	timer	op	27
927995	timer	op	28
928000	timer	op	29
928005	timer	op	30
928010	timer	op	31
928015	timer	op	32
928022	timer	op	83
928027	timer	op	84
928032	timer	op	163
928037	timer	op	164
928042	timer	op	165
928054	timer	op	93
928063	timer	op	94
928099	timer	op	126
928129	timer	op	125
928155	timer	op	67
928161	timer	op	119
928166	timer	op	120
928201	lifecycle	wave	254
928210	lifecycle	wave	255
928217	lifecycle	wave	258
928224	lifecycle	wave	257
928283	timer	op	148
928291	timer	op	166
928309	timer	op	46
928338	timer	op	151
928343	timer	op	135
928352	timer	op	66
928370	timer	op	129
928375	timer	op	130
928380	timer	op	23
928418	timer	op	0
928423	timer	op	64
928467	timer	op	90
928473	timer	op	91
928478	timer	op	92
928483	timer	op	65
929643	timer	op	89
929655	timer	op	185
929660	timer	op	186
929666	timer	op	198
929673	timer	op	101
929732	timer	op	187
929738	timer	op	188
929743	timer	op	189
929756	timer	op	190
929764	timer	op	2
929769	timer	op	3
929779	timer	op	4
929784	timer	op	5
929789	timer	op	6
929794	timer	op	7
929799	timer	op	8
929804	timer	op	9
929809	timer	op	10
929814	timer	op	11
929819	timer	op	12
929824	timer	op	13
929829	timer	op	14
929834	timer	op	15
929839	timer	op	16
929843	timer	op	17
929866	timer	op	167
929872	timer	op	168
929877	timer	op	169
929882	timer	op	170
929887	timer	op	171
929892	timer	op	107
929897	timer	op	108
929902	timer	op	109
929907	timer	op	110
929912	timer	op	111
929917	timer	op	112
929922	timer	op	113
929926	timer	op	114
929931	timer	op	115
929936	timer	op	116
929941	timer	op	98
929946	timer	op	99
929957	timer	op	136
929962	timer	op	43
929967	timer	op	44
929972	timer	op	45
929982	timer	op	40
929987	timer	op	41
931131	timer	op	47
931147	timer	op	48
931152	timer	op	49
931157	timer	op	50
931162	timer	op	51
931167	timer	op	52
931175	timer	op	18
931180	timer	op	19
931185	timer	op	20
931190	timer	op	21
931195	timer	op	22
931242	timer	op	117
931247	timer	op	118
931253	timer	op	179
931258	timer	op	180
931263	timer	op	181
931268	timer	op	182
931354	timer	op	160
931363	timer	op	161
931368	timer	op	162
931388	timer	op	150
931407	lifecycle	wave	256
931416	lifecycle	wave	250
931423	lifecycle	wave	251
931448	lifecycle	wave	252
931456	lifecycle	wave	253
931463	lifecycle	wave	259
931479	timer	op	95
932653	timer	op	26
932700	timer	op	191
932705	timer	op	192
932710	timer	op	193
932770	timer	op	24
932776	timer	op	25
932819	timer	op	88
933963	timer	op	157
933968	timer	op	158
933973	timer	op	159
933983	timer	op	77
933990	timer	op	183
933995	timer	op	184
934026	timer	op	68
934031	timer	op	69
934036	timer	op	70
934041	timer	op	71
934183	lifecycle	wave	257
934192	lifecycle	wave	258
934199	lifecycle	wave	255
934206	lifecycle	wave	254
934259	timer	op	72
934405	timer	op	33
934410	timer	op	34
934415	timer	op	35
934420	timer	op	36
935615	timer	op	178
935763	timer	op	156
936938	timer	op	85
936944	timer	op	81
937048	timer	op	86
937073	lifecycle	wave	259
937082	lifecycle	wave	253
937089	lifecycle	wave	252
937096	lifecycle	wave	251
937103	lifecycle	wave	250
937110	lifecycle	wave	256
937204	timer	op	76
937269	timer	op	73
937274	timer	op	74
937279	timer	op	75
938585	timer	op	82
939810	timer	op	78
939816	timer	op	79
939821	timer	op	80
939978	lifecycle	wave	254
939987	lifecycle	wave	255
939994	lifecycle	wave	258
940001	lifecycle	wave	257
941424	lifecycle	wave	250
941434	lifecycle	wave	251
941441	lifecycle	wave	252
941448	lifecycle	wave	253
941455	lifecycle	wave	259
942761	lifecycle	wave	256
945389	lifecycle	wave	257
945400	lifecycle	wave	258
945407	lifecycle	wave	255
945414	lifecycle	wave	254
946727	lifecycle	wave	259
946737	lifecycle	wave	253
946744	lifecycle	wave	252
946751	lifecycle	wave	251
946758	lifecycle	wave	250
948072	lifecycle	wave	256
950658	lifecycle	wave	254
950668	lifecycle	wave	255
950675	lifecycle	wave	258
950682	lifecycle	wave	257
952017	lifecycle	wave	250
952026	lifecycle	wave	251
952033	lifecycle	wave	252
952040	lifecycle	wave	253
952048	lifecycle	wave	259
953400	lifecycle	wave	256
955949	lifecycle	wave	257
955960	lifecycle	wave	258
955967	lifecycle	wave	255
955973	lifecycle	wave	254
957323	heartbeat	tick	505
957407	lifecycle	wave	259
957416	lifecycle	wave	253
957423	lifecycle	wave	252
957431	lifecycle	wave	251
957438	lifecycle	wave	250
958740	lifecycle	wave	256
961402	lifecycle	wave	254
961411	lifecycle	wave	255
961418	lifecycle	wave	258
961430	lifecycle	wave	257
961439	network	connect	506
961623	network	connect	507
961729	network	connect	508
961830	network	connect	509
961930	network	connect	510
962035	network	connect	511
962135	network	connect	512
962240	network	connect	513
962339	network	connect	514
962439	network	connect	515
962539	network	connect	516
962638	network	connect	517
962735	network	connect	518
962834	network	connect	519
962932	network	connect	520
963942	lifecycle	wave	250
963955	lifecycle	wave	251
963962	lifecycle	wave	252
963970	lifecycle	wave	253
963977	lifecycle	wave	259
963984	lifecycle	wave	256
964022	network	reply	506
964059	network	reply	507
964088	network	reply	508
964125	network	reply	509
964153	network	reply	510
964181	network	reply	511
964209	network	reply	512
964237	network	reply	513
964264	network	reply	514
964292	network	reply	515
964320	network	reply	516
964348	network	reply	517
964376	network	reply	518
964404	network	reply	519
964432	network	reply	520
969212	coop	yield	209
969221	coop	yield	210
969226	coop	yield	211
969230	coop	yield	212
969235	coop	yield	213
969239	coop	yield	214
969244	coop	yield	215
969248	coop	yield	216
969253	coop	yield	217
969257	coop	yield	218
969262	coop	yield	219
969266	coop	yield	220
969271	coop	yield	221
969275	coop	yield	222
969279	coop	yield	223
969284	coop	yield	224
969288	coop	yield	225
969293	coop	yield	226
969297	coop	yield	227
969302	coop	yield	228
969306	coop	yield	229
969311	coop	yield	230
969315	coop	yield	231
969319	coop	yield	232
969324	coop	yield	233
969328	coop	yield	234
969333	coop	yield	235
969337	coop	yield	236
969342	coop	yield	237
969346	coop	yield	238
969351	coop	yield	239
969355	coop	yield	240
969359	coop	yield	241
969364	coop	yield	242
969369	coop	yield	243
969373	coop	yield	244
969377	coop	yield	245
969382	coop	yield	246
969386	coop	yield	247
969391	coop	yield	248
969395	coop	yield	249
969401	coop	yield	206
969405	coop	yield	207
969410	coop	yield	208
969618	lifecycle	wave	257
969629	lifecycle	wave	258
969636	lifecycle	wave	255
969644	lifecycle	wave	254
970971	lifecycle	wave	256
970981	lifecycle	wave	259
970992	lifecycle	wave	253
971000	lifecycle	wave	252
971018	lifecycle	wave	251
971025	lifecycle	wave	250
972358	coop	yield	200
972363	coop	yield	201
972368	coop	yield	202
972372	coop	yield	203
972377	coop	yield	204
972381	coop	yield	205
974950	lifecycle	wave	254
974960	lifecycle	wave	255
974967	lifecycle	wave	258
974974	lifecycle	wave	257
976402	lifecycle	wave	250
976411	lifecycle	wave	251
976419	lifecycle	wave	252
976426	lifecycle	wave	253
976433	lifecycle	wave	259
976441	lifecycle	wave	256
977620	timer	op	57
977626	timer	op	58
977631	timer	op	59
977769	timer	op	176
980178	timer	op	173
980184	timer	op	174
980391	lifecycle	wave	257
980401	lifecycle	wave	258
980408	lifecycle	wave	255
980415	lifecycle	wave	254
981604	timer	op	87
981725	timer	op	144
981730	timer	op	145
981735	timer	op	146
981740	timer	op	147
981757	timer	op	96
981780	lifecycle	wave	256
981789	lifecycle	wave	259
981796	lifecycle	wave	253
981803	lifecycle	wave	252
981810	lifecycle	wave	251
981817	lifecycle	wave	250
982986	timer	op	149
983124	timer	op	102
983129	timer	op	103
983134	timer	op	104
984257	timer	op	133
984421	timer	op	127
984426	timer	op	128
985564	timer	op	42
985571	timer	op	199
985577	timer	op	123
985582	timer	op	124
985722	timer	op	177
985763	lifecycle	wave	254
985772	lifecycle	wave	255
985779	lifecycle	wave	258
985786	lifecycle	wave	257
986948	timer	op	131
986954	timer	op	132
986959	timer	op	194
986964	timer	op	195
986969	timer	op	196
986974	timer	op	197
987122	timer	op	175
987194	timer	op	91
987199	timer	op	92
987204	timer	op	65
987226	timer	op	120
987280	lifecycle	wave	250
987289	lifecycle	wave	251
987296	lifecycle	wave	252
987303	lifecycle	wave	253
987311	lifecycle	wave	259
987390	timer	op	121
987396	timer	op	122
987452	timer	op	37
987460	timer	op	90
987467	timer	op	105
987489	lifecycle	wave	256
988670	timer	op	185
988675	timer	op	186
988798	timer	op	47
988804	timer	op	48
988809	timer	op	49
988814	timer	op	50
988819	timer	op	51
988825	timer	op	89
988842	timer	op	60
988847	timer	op	61
988852	timer	op	62
988857	timer	op	63
988867	timer	op	172
988881	timer	op	97
990003	timer	op	150
990087	timer	op	106
990101	timer	op	100
990106	timer	op	152
990111	timer	op	153
990116	timer	op	154
990121	timer	op	155
990129	timer	op	137
990134	timer	op	138
990139	timer	op	139
990144	timer	op	140
990149	timer	op	141
990154	timer	op	142
990159	timer	op	143
990201	timer	op	166
990248	timer	op	93
990254	timer	op	94
990293	timer	op	126
990323	timer	op	125
990346	timer	op	95
990390	timer	op	38
990395	timer	op	39
990404	timer	op	53
990409	timer	op	54
990414	timer	op	55
990419	timer	op	56
990463	lifecycle	wave	257
990472	lifecycle	wave	258
990479	lifecycle	wave	255
990494	lifecycle	wave	254
991633	timer	op	1
991684	timer	op	26
991714	timer	op	46
991739	timer	op	151
991744	timer	op	135
991761	timer	op	66
991780	timer	op	129
991785	timer	op	130
991790	timer	op	23
991838	timer	op	27
991843	timer	op	28
991848	timer	op	29
991853	timer	op	30
991858	timer	op	31
991863	timer	op	32
991870	timer	op	83
991875	timer	op	84
991880	timer	op	163
991885	timer	op	164
991890	timer	op	165
992998	timer	op	0
993004	timer	op	64
993051	timer	op	187
993056	timer	op	188
993061	timer	op	189
993066	timer	op	190
993074	timer	op	2
993083	timer	op	3
993088	timer	op	4
993093	timer	op	5
993098	timer	op	6
993103	timer	op	7
993108	timer	op	8
993113	timer	op	9
993118	timer	op	10
993123	timer	op	11
993128	timer	op	12
993133	timer	op	13
993138	timer	op	14
993143	timer	op	15
993148	timer	op	16
993153	timer	op	17
993176	timer	op	167
993182	timer	op	168
993187	timer	op	169
993192	timer	op	170
993197	timer	op	171
993202	timer	op	107
993207	timer	op	108
993212	timer	op	109
993217	timer	op	110
993222	timer	op	111
993227	timer	op	112
993232	timer	op	113
993237	timer	op	114
993242	timer	op	115
993247	timer	op	116
993252	timer	op	98
993261	timer	op	99
993268	timer	op	136
993273	timer	op	43
993278	timer	op	44
993283	timer	op	45
993293	timer	op	40
993298	timer	op	41
993325	timer	op	72
993341	timer	op	67
993347	timer	op	119
993359	timer	op	134
993413	lifecycle	wave	256
993422	lifecycle	wave	259
993429	lifecycle	wave	253
993436	lifecycle	wave	252
993443	lifecycle	wave	251
993450	timer	op	182
993564	lifecycle	wave	250
994752	timer	op	158
994758	timer	op	159
994767	timer	op	77
994808	timer	op	24
994813	timer	op	25
994829	timer	op	198
994836	timer	op	101
994853	timer	op	148
994887	timer	op	156
994927	timer	op	117
994933	timer	op	118
994938	timer	op	179
994942	timer	op	180
994947	timer	op	181
996078	timer	op	88
996087	timer	op	191
996092	timer	op	192
996097	timer	op	193
996147	timer	op	160
996152	timer	op	161
996179	timer	op	162
996231	timer	op	33
996237	timer	op	34
996242	timer	op	35
996247	timer	op	36
996299	lifecycle	wave	254
996308	lifecycle	wave	255
996315	lifecycle	wave	258
996322	lifecycle	wave	257
996361	timer	op	52
996370	timer	op	18
996375	timer	op	19
996380	timer	op	20
996385	timer	op	21
996390	timer	op	22
996431	timer	op	183
996436	timer	op	184
996468	timer	op	68
996473	timer	op	69
996478	timer	op	70
996483	timer	op	71
999018	timer	op	157
999061	timer	op	178
999109	lifecycle	wave	250
999118	lifecycle	wave	251
999125	lifecycle	wave	252
999132	lifecycle	wave	253
999139	lifecycle	wave	259
999147	lifecycle	wave	256
1000542	timer	op	73
1000548	timer	op	74
1000553	timer	op	75
1000628	timer	op	85
1000633	timer	op	81
1001889	timer	op	86
1002001	lifecycle	wave	257
1002010	lifecycle	wave	258
1002017	lifecycle	wave	255
1002024	lifecycle	wave	254
1003243	timer	op	82
1003255	timer	op	76
1003306	timer	op	78
1003311	timer	op	79
1003316	timer	op	80
1004704	lifecycle	wave	256
1004714	lifecycle	wave	259
1004721	lifecycle	wave	253
1004728	lifecycle	wave	252
1004735	lifecycle	wave	251
1004742	lifecycle	wave	250
1007368	heartbeat	tick	521
1007396	lifecycle	wave	254
1007406	lifecycle	wave	255
1007413	lifecycle	wave	258
1007420	lifecycle	wave	257
1010010	lifecycle	wave	250
1010020	lifecycle	wave	251
1010027	lifecycle	wave	252
1010034	lifecycle	wave	253
1010042	lifecycle	wave	259
1010049	lifecycle	wave	256
1012667	lifecycle	wave	257
1012678	lifecycle	wave	258
1012685	lifecycle	wave	255
1012692	lifecycle	wave	254
1015411	lifecycle	wave	256
1015422	lifecycle	wave	259
1015429	lifecycle	wave	253
1015436	lifecycle	wave	252
1015444	lifecycle	wave	251
1015451	lifecycle	wave	250
1018038	lifecycle	wave	254
1018048	lifecycle	wave	255
1018055	lifecycle	wave	258
1018062	lifecycle	wave	257
1020684	lifecycle	wave	250
1020695	lifecycle	wave	251
1020703	lifecycle	wave	252
1020710	lifecycle	wave	253
1020716	lifecycle	wave	259
1020724	lifecycle	wave	256
1023392	lifecycle	wave	257
1023403	lifecycle	wave	258
1023410	lifecycle	wave	255
1023417	lifecycle	wave	254
1024726	network	connect	522
1024896	network	connect	523
1025003	network	connect	524
1025105	network	connect	525
1025217	network	connect	526
1025319	network	connect	527
1025424	network	connect	528
1025524	network	connect	529
1025624	network	connect	530
1025725	network	connect	531
1025826	network	connect	532
1025926	network	connect	533
1026025	network	connect	534
1026126	network	connect	535
1026226	network	connect	536
1027247	lifecycle	wave	256
1027261	lifecycle	wave	259
1027269	lifecycle	wave	253
1027277	lifecycle	wave	252
1027285	lifecycle	wave	251
1027292	lifecycle	wave	250
1027353	network	reply	522
1027391	network	reply	523
1027420	network	reply	524
1027449	network	reply	525
1027477	network	reply	526
1027505	network	reply	527
1027533	network	reply	528
1027561	network	reply	529
1027589	network	reply	530
1027617	network	reply	531
1027645	network	reply	532
1027673	network	reply	533
1027701	network	reply	534
1027729	network	reply	535
1027757	network	reply	536
1028868	lifecycle	wave	254
1028881	lifecycle	wave	255
1028889	lifecycle	wave	258
1028896	lifecycle	wave	257
1032944	lifecycle	wave	252
1032956	lifecycle	wave	253
1032963	lifecycle	wave	259
1032970	lifecycle	wave	256
1034410	lifecycle	wave	257
1034420	lifecycle	wave	258
1034427	lifecycle	wave	255
1034435	lifecycle	wave	254
1034442	lifecycle	wave	250
1034449	lifecycle	wave	251
1038120	timer	op	176
1038402	lifecycle	wave	256
1038413	lifecycle	wave	259
1038420	lifecycle	wave	253
1038427	lifecycle	wave	252
1039662	timer	op	57
1039668	timer	op	58
1039677	timer	op	59
1039786	lifecycle	wave	251
1039795	lifecycle	wave	250
1039802	lifecycle	wave	254
1039809	lifecycle	wave	255
1039816	lifecycle	wave	258
1039824	lifecycle	wave	257
1042238	timer	op	103
1042245	timer	op	104
1042312	timer	op	173
1042317	timer	op	174
1043645	timer	op	144
1043651	timer	op	145
1043656	timer	op	146
1043661	timer	op	147
1043690	timer	op	96
1043738	timer	op	133
1043762	lifecycle	wave	252
1043771	lifecycle	wave	253
1043778	lifecycle	wave	259
1043785	lifecycle	wave	256
1045003	timer	op	149
1045045	timer	op	102
1045083	timer	op	87
1045123	lifecycle	wave	257
1045132	lifecycle	wave	258
1045139	lifecycle	wave	255
1045146	lifecycle	wave	254
1045153	lifecycle	wave	250
1045160	lifecycle	wave	251
1045260	timer	op	175
1045338	timer	op	127
1045343	timer	op	128
1045402	timer	op	131
1045407	timer	op	132
1045412	timer	op	194
1045417	timer	op	195
1045422	timer	op	196
1045427	timer	op	197
1046588	timer	op	37
1046601	timer	op	90
1046608	timer	op	105
1046656	timer	op	42
1046662	timer	op	199
1046668	timer	op	123
1046673	timer	op	124
1046731	timer	op	177
1047959	timer	op	91
1047965	timer	op	92
1047987	timer	op	65
1048008	timer	op	120
1048071	timer	op	185
1048076	timer	op	186
1049200	timer	op	166
1049230	timer	op	125
1049273	timer	op	47
1049278	timer	op	48
1049283	timer	op	49
1049288	timer	op	50
1049293	timer	op	51
1049299	timer	op	89
1049312	timer	op	60
1049317	timer	op	61
1049322	timer	op	62
1049327	timer	op	63
1049337	timer	op	172
1049368	timer	op	97
1049467	lifecycle	wave	256
1049477	lifecycle	wave	259
1049484	lifecycle	wave	253
1049491	lifecycle	wave	252
1050658	timer	op	121
1050664	timer	op	122
1050685	timer	op	126
1050745	timer	op	150
1050783	timer	op	46
1050845	lifecycle	wave	251
1050854	lifecycle	wave	250
1050861	lifecycle	wave	254
1050868	lifecycle	wave	255
1050876	lifecycle	wave	258
1050883	lifecycle	wave	257
1052052	timer	op	167
1052058	timer	op	168
1052063	timer	op	169
1052068	timer	op	170
1052073	timer	op	171
1052078	timer	op	107
1052083	timer	op	108
1052088	timer	op	109
1052093	timer	op	110
1052098	timer	op	111
1052103	timer	op	112
1052108	timer	op	113
1052113	timer	op	114
1052118	timer	op	115
1052123	timer	op	116
1052128	timer	op	98
1052133	timer	op	99
1052139	timer	op	136
1052144	timer	op	43
1052149	timer	op	44
1052154	timer	op	45
1052169	timer	op	40
1052174	timer	op	41
1052190	timer	op	95
1052239	timer	op	38
1052244	timer	op	39
1052266	timer	op	53
1052271	timer	op	54
1052276	timer	op	55
1052281	timer	op	56
1052288	timer	op	151
1052293	timer	op	135
1052385	timer	op	117
1052390	timer	op	118
1052395	timer	op	179
1052400	timer	op	180
1052409	timer	op	181
1053563	timer	op	158
1053569	timer	op	159
1053605	timer	op	88
1053631	timer	op	106
1053652	timer	op	100
1053657	timer	op	152
1053662	timer	op	153
1053667	timer	op	154
1053672	timer	op	155
1053681	timer	op	137
1053686	timer	op	138
1053691	timer	op	139
1053696	timer	op	140
1053701	timer	op	141
1053706	timer	op	142
1053711	timer	op	143
1053725	timer	op	1
1053735	timer	op	27
1053740	timer	op	28
1053745	timer	op	29
1053750	timer	op	30
1053755	timer	op	31
1053760	timer	op	32
1053767	timer	op	83
1053772	timer	op	84
1053777	timer	op	163
1053786	timer	op	164
1053791	timer	op	165
1053843	timer	op	26
1054977	timer	op	72
1054992	timer	op	67
1054998	timer	op	119
1055024	timer	op	134
1055040	timer	op	0
1055045	timer	op	64
1055065	timer	op	182
1055073	timer	op	66
1055086	timer	op	93
1055091	timer	op	94
1055129	timer	op	183
1055134	timer	op	184
1055158	timer	op	68
1055163	timer	op	69
1055168	timer	op	70
1055174	timer	op	71
1055184	timer	op	36
1055216	lifecycle	wave	252
1055225	lifecycle	wave	253
1055232	lifecycle	wave	259
1055239	lifecycle	wave	256
1055334	timer	op	129
1055340	timer	op	130
1055345	timer	op	23
1055381	timer	op	198
1055408	timer	op	101
1055426	timer	op	148
1055458	timer	op	156
1055471	timer	op	16
1055476	timer	op	17
1055522	lifecycle	wave	257
1055530	lifecycle	wave	258
1055537	lifecycle	wave	255
1055572	lifecycle	wave	254
1055580	lifecycle	wave	250
1055587	lifecycle	wave	251
1056739	timer	op	191
1056745	timer	op	192
1056750	timer	op	193
1056813	timer	op	160
1056819	timer	op	161
1056841	timer	op	162
1056879	timer	op	187
1056884	timer	op	188
1056889	timer	op	189
1056894	timer	op	190
1056902	timer	op	2
1056907	timer	op	3
1056912	timer	op	4
1056917	timer	op	5
1056922	timer	op	6
1056927	timer	op	7
1056932	timer	op	8
1056937	timer	op	9
1056942	timer	op	10
1056947	timer	op	11
1056952	timer	op	12
1056957	timer	op	13
1056962	timer	op	14
1056967	timer	op	15
1056972	timer	op	178
1058202	timer	op	25
1058242	timer	op	52
1058250	timer	op	18
1058255	timer	op	19
1058260	timer	op	20
1058265	timer	op	21
1058270	timer	op	22
1058315	timer	op	24
1058322	heartbeat	tick	537
1058402	timer	op	74
1058407	timer	op	75
1059682	timer	op	77
1060843	timer	op	33
1060848	timer	op	34
1060853	timer	op	35
1060901	timer	op	157
1060951	timer	op	78
1060956	timer	op	79
1060966	timer	op	80
1061041	lifecycle	wave	251
1061050	lifecycle	wave	250
1061057	lifecycle	wave	254
1061064	lifecycle	wave	255
1061071	lifecycle	wave	258
1061079	lifecycle	wave	257
1061086	lifecycle	wave	256
1061093	lifecycle	wave	259
1061100	lifecycle	wave	253
1061107	lifecycle	wave	252
1061360	timer	op	73
1062589	timer	op	85
1062595	timer	op	81
1063904	timer	op	86
1065115	timer	op	82
1065145	timer	op	76
1065411	lifecycle	wave	258
1065420	lifecycle	wave	255
1065427	lifecycle	wave	254
1065435	lifecycle	wave	250
1065442	lifecycle	wave	251
1066762	lifecycle	wave	252
1066772	lifecycle	wave	253
1066779	lifecycle	wave	259
1066786	lifecycle	wave	256
1066793	lifecycle	wave	257
1070681	lifecycle	wave	251
1070692	lifecycle	wave	250
1070699	lifecycle	wave	254
1070706	lifecycle	wave	255
1070713	lifecycle	wave	258
1072031	lifecycle	wave	257
1072041	lifecycle	wave	256
1072048	lifecycle	wave	259
1072055	lifecycle	wave	253
1072062	lifecycle	wave	252
1075948	lifecycle	wave	258
1075959	lifecycle	wave	255
1075966	lifecycle	wave	254
1075973	lifecycle	wave	250
1075980	lifecycle	wave	251
1077301	coop	yield	248
1077307	coop	yield	249
1077313	coop	yield	206
1077318	coop	yield	207
1077322	coop	yield	208
1077327	coop	yield	209
1077331	coop	yield	210
1077335	coop	yield	211
1077340	coop	yield	212
1077344	coop	yield	213
1077349	coop	yield	214
1077353	coop	yield	215
1077358	coop	yield	216
1077362	coop	yield	217
1077367	coop	yield	218
1077371	coop	yield	219
1077375	coop	yield	220
1077380	coop	yield	221
1077384	coop	yield	222
1077389	coop	yield	223
1077393	coop	yield	224
1077397	coop	yield	225
1077402	coop	yield	226
1077406	coop	yield	227
1077411	coop	yield	228
1077415	coop	yield	229
1077420	coop	yield	230
1077424	coop	yield	231
1077429	coop	yield	232
1077433	coop	yield	233
1077438	coop	yield	234
1077442	coop	yield	235
1077446	coop	yield	236
1077451	coop	yield	237
1077455	coop	yield	238
1077468	coop	yield	239
1077472	coop	yield	240
1077477	coop	yield	241
1077481	coop	yield	242
1077485	coop	yield	243
1077490	coop	yield	244
1077494	coop	yield	245
1077498	coop	yield	246
1077503	coop	yield	247
1077586	lifecycle	wave	252
1077595	lifecycle	wave	253
1077602	lifecycle	wave	259
1077610	lifecycle	wave	256
1077617	lifecycle	wave	257
1080390	coop	yield	200
1080396	coop	yield	201
1080401	coop	yield	202
1080405	coop	yield	203
1080410	coop	yield	204
1080414	coop	yield	205
1080432	lifecycle	wave	251
1080441	lifecycle	wave	250
1080448	lifecycle	wave	254
1080455	lifecycle	wave	255
1080462	lifecycle	wave	258
1083092	lifecycle	wave	257
1083102	lifecycle	wave	256
1083110	lifecycle	wave	259
1083116	lifecycle	wave	253
1083123	lifecycle	wave	252
1085742	lifecycle	wave	258
1085753	lifecycle	wave	255
1085760	lifecycle	wave	254
1085767	lifecycle	wave	250
1085774	lifecycle	wave	251
1088417	lifecycle	wave	252
1088425	lifecycle	wave	253
1088432	lifecycle	wave	259
1088440	lifecycle	wave	256
1088447	lifecycle	wave	257
1088454	network	connect	538
1088626	network	connect	539
1088732	network	connect	540
1088834	network	connect	541
1088935	network	connect	542
1089034	network	connect	543
1089133	network	connect	544
1089233	network	connect	545
1089334	network	connect	546
1089434	network	connect	547
1089533	network	connect	548
1089634	network	connect	549
1089734	network	connect	550
1089835	network	connect	551
1089934	network	connect	552
1090906	lifecycle	wave	251
1090919	lifecycle	wave	250
1090927	lifecycle	wave	254
1090934	lifecycle	wave	255
1090941	lifecycle	wave	258
1090973	network	reply	538
1091026	network	reply	539
1091058	network	reply	540
1091086	network	reply	541
1091114	network	reply	542
1091142	network	reply	543
1091170	network	reply	544
1091198	network	reply	545
1091227	network	reply	546
1091254	network	reply	547
1091282	network	reply	548
1091310	network	reply	549
1091338	network	reply	550
1091366	network	reply	551
1091394	network	reply	552
1096419	lifecycle	wave	257
1096434	lifecycle	wave	256
1096442	lifecycle	wave	259
1096449	lifecycle	wave	253
1096456	lifecycle	wave	252
1096464	lifecycle	wave	250
1096471	lifecycle	wave	251
1097815	lifecycle	wave	258
1097824	lifecycle	wave	255
1097831	lifecycle	wave	254
1099027	timer	op	176
1101632	timer	op	57
1101639	timer	op	58
1101644	timer	op	59
1101759	lifecycle	wave	251
1101768	lifecycle	wave	250
1101775	lifecycle	wave	252
1101782	lifecycle	wave	253
1101789	lifecycle	wave	259
1101796	lifecycle	wave	256
1101804	lifecycle	wave	257
1103151	lifecycle	wave	254
1103161	lifecycle	wave	255
1103168	lifecycle	wave	258
1103270	timer	op	103
1103276	timer	op	104
1103391	timer	op	87
1104587	timer	op	144
1104593	timer	op	145
1104598	timer	op	146
1104668	timer	op	133
1105856	timer	op	173
1105861	timer	op	174
1105919	timer	op	149
1105956	timer	op	102
1107157	timer	op	175
1107235	timer	op	131
1107240	timer	op	132
1107245	timer	op	194
1107250	timer	op	195
1107255	timer	op	196
1107260	timer	op	197
1107286	timer	op	147
1107298	timer	op	96
1107436	lifecycle	wave	257
1107445	lifecycle	wave	256
1107453	lifecycle	wave	259
1107460	lifecycle	wave	253
1107467	lifecycle	wave	252
1107474	lifecycle	wave	250
1107481	lifecycle	wave	251
1108655	timer	op	121
1108660	timer	op	122
1108677	timer	op	126
1108754	timer	op	37
1108762	timer	op	90
1108769	timer	op	105
1108836	timer	op	177
1108862	heartbeat	tick	553
1108868	lifecycle	wave	258
1108876	lifecycle	wave	255
1108884	lifecycle	wave	254
1110042	timer	op	91
1110048	timer	op	92
1110053	timer	op	65
1110077	timer	op	185
1110082	timer	op	186
1110120	timer	op	125
1110132	timer	op	127
1110137	timer	op	128
1110168	timer	op	97
1110179	timer	op	47
1110184	timer	op	48
1110189	timer	op	49
1110194	timer	op	50
1110199	timer	op	51
1110287	timer	op	42
1110293	timer	op	199
1110299	timer	op	123
1110304	timer	op	124
1110318	timer	op	46
1110353	timer	op	166
1110370	timer	op	89
1110383	timer	op	60
1110388	timer	op	61
1110393	timer	op	62
1110398	timer	op	63
1110412	timer	op	172
1111646	timer	op	167
1111652	timer	op	168
1111657	timer	op	169
1111662	timer	op	170
1111667	timer	op	171
1111672	timer	op	107
1111685	timer	op	108
1111691	timer	op	109
1111696	timer	op	110
1111701	timer	op	111
1111706	timer	op	112
1111710	timer	op	113
1111715	timer	op	114
1111720	timer	op	115
1111725	timer	op	116
1111730	timer	op	98
1111735	timer	op	99
1111744	timer	op	120
1111794	timer	op	153
1111799	timer	op	154
1111804	timer	op	155
1111817	timer	op	137
1111822	timer	op	138
1111827	timer	op	139
1111832	timer	op	140
1111837	timer	op	141
1111842	timer	op	142
1111847	timer	op	143
1111858	timer	op	150
1112975	timer	op	151
1112980	timer	op	135
1112994	timer	op	66
1113012	timer	op	93
1113017	timer	op	94
1113034	timer	op	106
1113044	timer	op	100
1113049	timer	op	152
1113054	timer	op	136
1113059	timer	op	43
1113064	timer	op	44
1113069	timer	op	45
1113167	timer	op	38
1113173	timer	op	39
1113198	timer	op	53
1113204	timer	op	54
1113209	timer	op	55
1113214	timer	op	56
1113271	lifecycle	wave	251
1113280	lifecycle	wave	250
1113288	lifecycle	wave	252
1113295	lifecycle	wave	253
1113302	lifecycle	wave	259
1113338	timer	op	117
1113343	timer	op	118
1113348	timer	op	179
1113353	timer	op	180
1113358	timer	op	181
1113511	lifecycle	wave	256
1113519	lifecycle	wave	257
1113536	lifecycle	wave	254
1113570	lifecycle	wave	255
1113578	lifecycle	wave	258
1114729	timer	op	182
1114772	timer	op	129
1114777	timer	op	130
1114782	timer	op	23
1114796	timer	op	88
1114815	timer	op	40
1114820	timer	op	41
1114839	timer	op	95
1114864	timer	op	68
1114869	timer	op	69
1114884	timer	op	158
1114889	timer	op	159
1114907	timer	op	72
1114918	timer	op	67
1114924	timer	op	119
1114936	timer	op	134
1114943	timer	op	1
1114953	timer	op	27
1114958	timer	op	28
1114963	timer	op	29
1114968	timer	op	30
1114973	timer	op	31
1114978	timer	op	32
1114985	timer	op	83
1114990	timer	op	84
1114994	timer	op	163
1114999	timer	op	164
1115030	timer	op	165
1116136	timer	op	0
1116141	timer	op	64
1116172	timer	op	148
1116185	timer	op	70
1116190	timer	op	71
1116200	timer	op	36
1116243	timer	op	26
1116272	timer	op	183
1116277	timer	op	184
1116293	timer	op	187
1116298	timer	op	188
1116303	timer	op	189
1116308	timer	op	190
1116316	timer	op	2
1116321	timer	op	3
1116326	timer	op	4
1116335	timer	op	5
1116353	timer	op	25
1116402	timer	op	198
1116422	timer	op	101
1117572	timer	op	160
1117578	timer	op	161
1117595	timer	op	162
1117605	timer	op	52
1117617	timer	op	18
1117622	timer	op	19
1117627	timer	op	20
1117632	timer	op	21
1117637	timer	op	22
1117658	timer	op	77
1118945	timer	op	156
1118958	timer	op	16
1118963	timer	op	17
1118970	timer	op	6
1118975	timer	op	7
1118984	timer	op	8
1118989	timer	op	9
1118994	timer	op	10
1118999	timer	op	11
1119004	timer	op	12
1119088	timer	op	13
1119093	timer	op	14
1119098	timer	op	15
1119103	timer	op	178
1119140	timer	op	33
1119146	timer	op	34
1119155	timer	op	35
1119266	lifecycle	wave	258
1119276	lifecycle	wave	255
1119283	lifecycle	wave	254
1119290	lifecycle	wave	257
1119297	lifecycle	wave	256
1119316	timer	op	73
1119368	timer	op	191
1119373	timer	op	192
1119378	timer	op	193
1119443	timer	op	74
1119448	timer	op	75
1119485	lifecycle	wave	259
1119494	lifecycle	wave	253
1119502	lifecycle	wave	252
1119509	lifecycle	wave	250
1119522	lifecycle	wave	251
1120709	timer	op	157
1120783	timer	op	24
1123318	timer	op	78
1123325	timer	op	79
1123330	timer	op	80
1124576	timer	op	86
1124601	timer	op	85
1124606	timer	op	81
1124770	lifecycle	wave	251
1124779	lifecycle	wave	250
1124786	lifecycle	wave	252
1124793	lifecycle	wave	253
1124800	lifecycle	wave	259
1124808	lifecycle	wave	256
1124815	lifecycle	wave	257
1124822	lifecycle	wave	254
1124829	lifecycle	wave	255
1124836	lifecycle	wave	258
1126191	timer	op	76
1126237	timer	op	82
1130424	lifecycle	wave	258
1130435	lifecycle	wave	255
1130443	lifecycle	wave	254
1130450	lifecycle	wave	257
1130458	lifecycle	wave	256
1130465	lifecycle	wave	259
1130473	lifecycle	wave	253
1130480	lifecycle	wave	252
1130488	lifecycle	wave	250
1130495	lifecycle	wave	251
1135700	lifecycle	wave	251
1135711	lifecycle	wave	250
1135719	lifecycle	wave	252
1135726	lifecycle	wave	253
1135733	lifecycle	wave	259
1135740	lifecycle	wave	256
1135747	lifecycle	wave	257
1135754	lifecycle	wave	254
1135769	lifecycle	wave	255
1135776	lifecycle	wave	258
1140971	lifecycle	wave	258
1140983	lifecycle	wave	255
1140990	lifecycle	wave	254
1140997	lifecycle	wave	257
1141004	lifecycle	wave	256
1141011	lifecycle	wave	259
1141018	lifecycle	wave	253
1141025	lifecycle	wave	252
1141032	lifecycle	wave	250
1141039	lifecycle	wave	251
1146418	lifecycle	wave	251
1146430	lifecycle	wave	250
1146437	lifecycle	wave	252
1146444	lifecycle	wave	253
1146452	lifecycle	wave	259
1146459	lifecycle	wave	256
1146466	lifecycle	wave	257
1146473	lifecycle	wave	254
1146480	lifecycle	wave	255
1146487	lifecycle	wave	258
1151685	lifecycle	wave	258
1151695	lifecycle	wave	255
1151702	lifecycle	wave	254
1151709	lifecycle	wave	257
1151716	lifecycle	wave	256
1151724	lifecycle	wave	259
1151731	lifecycle	wave	253
1151738	lifecycle	wave	252
1151746	lifecycle	wave	250
1151753	lifecycle	wave	251
1151759	network	connect	554
1151937	network	connect	555
1152049	network	connect	556
1152152	network	connect	557
1152253	network	connect	558
1152352	network	connect	559
1152458	network	connect	560
1152558	network	connect	561
1152659	network	connect	562
1152759	network	connect	563
1152867	network	connect	564
1152968	network	connect	565
1153068	network	connect	566
1153168	network	connect	567
1153269	network	connect	568
1154345	network	reply	554
1154384	network	reply	555
1154413	network	reply	556
1154441	network	reply	557
1154469	network	reply	558
1154498	network	reply	559
1154525	network	reply	560
1154553	network	reply	561
1154581	network	reply	562
1154609	network	reply	563
1154637	network	reply	564
1154665	network	reply	565
1154693	network	reply	566
1154721	network	reply	567
1154749	network	reply	568
1158272	heartbeat	tick	569
1158457	lifecycle	wave	256
1158468	lifecycle	wave	257
1158475	lifecycle	wave	254
1158482	lifecycle	wave	255
1158489	lifecycle	wave	258
1159683	timer	op	176
1159866	lifecycle	wave	251
1159876	lifecycle	wave	250
1159883	lifecycle	wave	252
1159890	lifecycle	wave	253
1159897	lifecycle	wave	259
1162512	timer	op	87
1162621	timer	op	57
1162626	timer	op	58
1162631	timer	op	59
1163888	timer	op	144
1163894	timer	op	145
1163899	timer	op	146
1163961	lifecycle	wave	258
1163970	lifecycle	wave	255
1163978	lifecycle	wave	254
1163985	lifecycle	wave	257
1163992	lifecycle	wave	256
1165278	timer	op	103
1165284	timer	op	104
1165336	lifecycle	wave	259
1165345	lifecycle	wave	253
1165352	lifecycle	wave	252
1165359	lifecycle	wave	250
1165366	lifecycle	wave	251
1166632	timer	op	133
1166747	timer	op	175
1167931	timer	op	173
1167937	timer	op	174
1167990	timer	op	149
1168004	timer	op	102
1169193	timer	op	131
1169198	timer	op	132
1169203	timer	op	194
1169208	timer	op	195
1169213	timer	op	196
1169218	timer	op	197
1169243	timer	op	147
1169260	timer	op	96
1169312	timer	op	121
1169317	timer	op	122
1169355	timer	op	126
1169406	timer	op	177
1169469	lifecycle	wave	256
1169479	lifecycle	wave	257
1169486	lifecycle	wave	254
1169493	lifecycle	wave	255
1169500	lifecycle	wave	258
1170649	timer	op	61
1170655	timer	op	62
1170660	timer	op	63
1170671	timer	op	172
1170700	timer	op	47
1170705	timer	op	48
1170710	timer	op	49
1170715	timer	op	50
1170720	timer	op	51
1170790	timer	op	91
1170796	timer	op	92
1170801	timer	op	65
1170840	timer	op	37
1170852	timer	op	90
1170859	timer	op	105
1170888	lifecycle	wave	251
1170897	lifecycle	wave	250
1170904	lifecycle	wave	252
1170911	lifecycle	wave	253
1170918	lifecycle	wave	259
1172079	timer	op	185
1172085	timer	op	186
1172114	timer	op	125
1172126	timer	op	127
1172131	timer	op	128
1172143	timer	op	60
1172187	timer	op	153
1172192	timer	op	154
1172197	timer	op	155
1172206	timer	op	137
1172215	timer	op	138
1172220	timer	op	139
1172225	timer	op	140
1172230	timer	op	141
1172235	timer	op	142
1172240	timer	op	143
1172250	timer	op	150
1172294	timer	op	97
1172355	timer	op	42
1172361	timer	op	199
1172368	timer	op	123
1172372	timer	op	124
1172382	timer	op	46
1172423	timer	op	166
1172437	timer	op	89
1173601	timer	op	167
1173607	timer	op	168
1173612	timer	op	169
1173617	timer	op	170
1173622	timer	op	171
1173626	timer	op	107
1173631	timer	op	108
1173636	timer	op	109
1173641	timer	op	110
1173655	timer	op	111
1173660	timer	op	112
1173665	timer	op	113
1173670	timer	op	114
1173675	timer	op	115
1173679	timer	op	116
1173684	timer	op	98
1173689	timer	op	99
1173707	timer	op	120
1173794	timer	op	66
1173807	timer	op	93
1173812	timer	op	94
1173835	timer	op	106
1173845	timer	op	100
1173850	timer	op	152
1173855	timer	op	136
1173860	timer	op	43
1173865	timer	op	44
1173870	timer	op	45
1175019	timer	op	38
1175025	timer	op	39
1175041	timer	op	53
1175046	timer	op	54
1175051	timer	op	55
1175060	timer	op	56
1175080	timer	op	151
1175085	timer	op	135
1175090	timer	op	83
1175095	timer	op	84
1175100	timer	op	163
1175105	timer	op	164
1175110	timer	op	165
1175118	timer	op	88
1175136	timer	op	40
1175141	timer	op	41
1175230	lifecycle	wave	258
1175239	lifecycle	wave	255
1175246	lifecycle	wave	254
1175253	lifecycle	wave	257
1175260	lifecycle	wave	256
1175319	timer	op	67
1175325	timer	op	119
1175360	timer	op	183
1175366	timer	op	184
1175387	timer	op	134
1175393	timer	op	1
1175404	timer	op	27
1175409	timer	op	28
1175414	timer	op	29
1175418	timer	op	30
1175423	timer	op	31
1175428	timer	op	32
1175474	timer	op	129
1175480	timer	op	130
1175485	timer	op	23
1175537	lifecycle	wave	259
1175546	lifecycle	wave	253
1175553	lifecycle	wave	252
1175560	lifecycle	wave	250
1175567	lifecycle	wave	251
1176749	timer	op	187
1176755	timer	op	188
1176760	timer	op	189
1176765	timer	op	190
1176773	timer	op	2
1176778	timer	op	3
1176783	timer	op	4
1176788	timer	op	5
1176812	timer	op	25
1176830	timer	op	0
1176835	timer	op	64
1176871	timer	op	182
1176900	timer	op	148
1176920	timer	op	95
1176934	timer	op	117
1176940	timer	op	118
1176944	timer	op	179
1176949	timer	op	180
1176954	timer	op	181
1178102	timer	op	68
1178107	timer	op	69
1178126	timer	op	158
1178131	timer	op	159
1178144	timer	op	72
1178162	timer	op	26
1178180	timer	op	16
1178185	timer	op	17
1178210	timer	op	6
1178215	timer	op	7
1178220	timer	op	8
1178225	timer	op	9
1178230	timer	op	10
1178235	timer	op	11
1178240	timer	op	12
1178245	timer	op	13
1178250	timer	op	14
1178255	timer	op	15
1178260	timer	op	178
1178289	timer	op	198
1178316	timer	op	101
1178334	timer	op	77
1178396	timer	op	70
1178402	timer	op	71
1178415	timer	op	36
1179626	timer	op	156
1179673	timer	op	33
1179678	timer	op	34
1179683	timer	op	35
1179700	timer	op	160
1179705	timer	op	161
1179718	timer	op	162
1179727	timer	op	52
1179735	timer	op	18
1179740	timer	op	19
1179745	timer	op	20
1179750	timer	op	21
1179755	timer	op	22
1179792	timer	op	191
1179798	timer	op	192
1179803	timer	op	193
1180933	timer	op	24
1181002	timer	op	73
1181120	lifecycle	wave	251
1181130	lifecycle	wave	250
1181137	lifecycle	wave	252
1181144	lifecycle	wave	253
1181151	lifecycle	wave	259
1181158	lifecycle	wave	256
1181165	lifecycle	wave	257
1181172	lifecycle	wave	254
1181179	lifecycle	wave	255
1181187	lifecycle	wave	258
1181289	timer	op	74
1181294	timer	op	75
1181434	timer	op	157
1181444	coop	yield	248
1181449	coop	yield	249
1181455	coop	yield	206
1181460	coop	yield	207
1181464	coop	yield	208
1181469	coop	yield	209
1181473	coop	yield	210
1181478	coop	yield	211
1181482	coop	yield	212
1181486	coop	yield	213
1181491	coop	yield	214
1181495	coop	yield	215
1181500	coop	yield	216
1181504	coop	yield	217
1181509	coop	yield	218
1181513	coop	yield	219
1181517	coop	yield	220
1181522	coop	yield	221
1181526	coop	yield	222
1181531	coop	yield	223
1181535	coop	yield	224
1181539	coop	yield	225
1181544	coop	yield	226
1181548	coop	yield	227
1181553	coop	yield	228
1181557	coop	yield	229
1181561	coop	yield	230
1181566	coop	yield	231
1181570	coop	yield	232
1181575	coop	yield	233
1181579	coop	yield	234
1181584	coop	yield	235
1181588	coop	yield	236
1181592	coop	yield	237
1181597	coop	yield	238
1181601	coop	yield	239
1181606	coop	yield	240
1181610	coop	yield	241
1181614	coop	yield	242
1181619	coop	yield	243
1181623	coop	yield	244
1181628	coop	yield	245
1181632	coop	yield	246
1181636	coop	yield	247
1182833	timer	op	78
1182839	timer	op	79
1182844	timer	op	80
1182944	timer	op	85
1184371	coop	yield	200
1184377	coop	yield	201
1184382	coop	yield	202
1184386	coop	yield	203
1184391	coop	yield	204
1184395	coop	yield	205
1185650	timer	op	86
1185694	timer	op	81
1186846	timer	op	76
1186864	timer	op	82
1187028	lifecycle	wave	258
1187037	lifecycle	wave	255
1187045	lifecycle	wave	254
1187052	lifecycle	wave	257
1187059	lifecycle	wave	256
1187066	lifecycle	wave	259
1187073	lifecycle	wave	253
1187080	lifecycle	wave	252
1187087	lifecycle	wave	250
1187094	lifecycle	wave	251
1191412	lifecycle	wave	259
1191424	lifecycle	wave	256
1191431	lifecycle	wave	257
1191438	lifecycle	wave	254
1191445	lifecycle	wave	255
1191452	lifecycle	wave	258
1192784	lifecycle	wave	251
1192794	lifecycle	wave	250
1192801	lifecycle	wave	252
1192808	lifecycle	wave	253
1196701	lifecycle	wave	258
1196713	lifecycle	wave	255
1196720	lifecycle	wave	254
1196727	lifecycle	wave	257
1196734	lifecycle	wave	256
1196741	lifecycle	wave	259
1198067	lifecycle	wave	253
1198077	lifecycle	wave	252
1198084	lifecycle	wave	250
1198091	lifecycle	wave	251
1201975	lifecycle	wave	259
1201986	lifecycle	wave	256
1201993	lifecycle	wave	257
1202000	lifecycle	wave	254
1202007	lifecycle	wave	255
1202015	lifecycle	wave	258
1203410	lifecycle	wave	251
1203420	lifecycle	wave	250
1203427	lifecycle	wave	252
1203435	lifecycle	wave	253
1207410	lifecycle	wave	258
1207421	lifecycle	wave	255
1207429	lifecycle	wave	254
1207436	lifecycle	wave	257
1207444	lifecycle	wave	256
1207451	lifecycle	wave	259
1208782	heartbeat	tick	570
1208789	lifecycle	wave	253
1208798	lifecycle	wave	252
1208805	lifecycle	wave	250
1208812	lifecycle	wave	251
1212705	lifecycle	wave	259
1212716	lifecycle	wave	256
1212724	lifecycle	wave	257
1212731	lifecycle	wave	254
1212738	lifecycle	wave	255
1212745	lifecycle	wave	258
1214076	lifecycle	wave	251
1214085	lifecycle	wave	250
1214093	lifecycle	wave	252
1214099	lifecycle	wave	253
1215438	network	connect	571
1215605	network	connect	572
1215716	network	connect	573
1215817	network	connect	574
1215918	network	connect	575
1216026	network	connect	576
1216128	network	connect	577
1216229	network	connect	578
1216336	network	connect	579
1216436	network	connect	580
1216536	network	connect	581
1216642	network	connect	582
1216746	network	connect	583
1216849	network	connect	584
1216948	network	connect	585
1217722	network	reply	576
1217760	network	reply	577
1217789	network	reply	578
1217817	network	reply	579
1217846	network	reply	580
1217874	network	reply	581
1217901	network	reply	582
1217929	network	reply	583
1217957	network	reply	584
1217985	network	reply	585
1218013	network	reply	571
1218042	network	reply	572
1218070	network	reply	573
1218099	network	reply	574
1218127	network	reply	575
1218997	lifecycle	wave	258
1219026	lifecycle	wave	255
1219034	lifecycle	wave	254
1219041	lifecycle	wave	257
1219049	lifecycle	wave	256
1219056	lifecycle	wave	259
1219096	lifecycle	wave	253
1219117	lifecycle	wave	252
1219124	lifecycle	wave	250
1219131	lifecycle	wave	251
1221943	timer	op	176
1223096	timer	op	57
1223102	timer	op	58
1223107	timer	op	59
1223293	timer	op	87
1223432	lifecycle	wave	257
1223441	lifecycle	wave	254
1223448	lifecycle	wave	255
1223455	lifecycle	wave	258
1224778	lifecycle	wave	251
1224788	lifecycle	wave	250
1224795	lifecycle	wave	252
1224802	lifecycle	wave	253
1224814	lifecycle	wave	259
1224822	lifecycle	wave	256
1226073	timer	op	173
1226079	timer	op	174
1226109	timer	op	103
1226115	timer	op	104
1227256	timer	op	133
1227299	timer	op	149
1227307	timer	op	147
1227358	timer	op	144
1227364	timer	op	145
1227369	timer	op	146
1228742	lifecycle	wave	258
1228753	lifecycle	wave	255
1228760	lifecycle	wave	254
1228767	lifecycle	wave	257
1229905	timer	op	126
1229931	timer	op	131
1229936	timer	op	132
1229941	timer	op	194
1229946	timer	op	195
1229951	timer	op	196
1229956	timer	op	197
1230002	timer	op	127
1230023	timer	op	121
1230028	timer	op	122
1230043	timer	op	96
1230139	lifecycle	wave	256
1230148	lifecycle	wave	259
1230155	lifecycle	wave	253
1230162	lifecycle	wave	252
1230169	lifecycle	wave	250
1230176	lifecycle	wave	251
1230234	timer	op	175
1230255	timer	op	102
1230332	timer	op	91
1230337	timer	op	92
1230342	timer	op	65
1230379	timer	op	123
1230384	timer	op	124
1230398	timer	op	46
1230429	timer	op	37
1230449	timer	op	90
1230465	timer	op	105
1230476	timer	op	48
1230482	timer	op	49
1230487	timer	op	50
1230491	timer	op	51
1231650	timer	op	150
1231673	timer	op	185
1231678	timer	op	186
1231711	timer	op	125
1231719	timer	op	89
1231730	timer	op	120
1231756	timer	op	153
1231761	timer	op	154
1231770	timer	op	155
1231779	timer	op	137
1231784	timer	op	138
1231789	timer	op	139
1231793	timer	op	140
1231798	timer	op	141
1231803	timer	op	142
1231808	timer	op	143
1231815	timer	op	128
1231827	timer	op	60
1232991	timer	op	177
1233048	timer	op	47
1233064	timer	op	42
1233070	timer	op	199
1233082	timer	op	93
1233088	timer	op	94
1233103	timer	op	106
1233113	timer	op	100
1233118	timer	op	152
1233123	timer	op	136
1233128	timer	op	43
1233133	timer	op	44
1233138	timer	op	45
1233196	timer	op	166
1233216	timer	op	66
1233254	timer	op	115
1233259	timer	op	116
1233264	timer	op	98
1233269	timer	op	99
1233365	timer	op	61
1233370	timer	op	62
1233375	timer	op	63
1233390	timer	op	172
1233456	lifecycle	wave	257
1233465	lifecycle	wave	254
1233473	lifecycle	wave	255
1233479	lifecycle	wave	258
1234649	timer	op	97
1234728	timer	op	129
1234733	timer	op	130
1234738	timer	op	23
1234753	timer	op	95
1234768	timer	op	117
1234809	timer	op	167
1234814	timer	op	168
1234819	timer	op	169
1234824	timer	op	170
1234829	timer	op	171
1234834	timer	op	107
1234838	timer	op	108
1234843	timer	op	109
1234848	timer	op	110
1234853	timer	op	111
1234859	timer	op	112
1234864	timer	op	113
1234873	timer	op	114
1236022	timer	op	72
1236040	timer	op	26
1236052	timer	op	187
1236057	timer	op	188
1236062	timer	op	189
1236067	timer	op	190
1236075	timer	op	2
1236080	timer	op	3
1236085	timer	op	4
1236090	timer	op	5
1236117	timer	op	67
1236123	timer	op	119
1236238	lifecycle	wave	251
1236247	lifecycle	wave	250
1236255	lifecycle	wave	252
1236262	lifecycle	wave	253
1236269	lifecycle	wave	259
1236284	timer	op	151
1236289	timer	op	135
1236294	timer	op	83
1236299	timer	op	84
1236304	timer	op	163
1236309	timer	op	164
1236314	timer	op	165
1236322	timer	op	88
1236336	timer	op	40
1236341	timer	op	41
1236360	timer	op	148
1236376	timer	op	77
1236429	timer	op	70
1236434	timer	op	71
1236444	timer	op	25
1236464	timer	op	118
1236469	timer	op	179
1236474	timer	op	180
1236479	timer	op	181
1236526	lifecycle	wave	256
1237697	timer	op	68
1237702	timer	op	69
1237717	timer	op	158
1237722	timer	op	159
1237759	timer	op	156
1237798	timer	op	33
1237803	timer	op	34
1237839	timer	op	35
1237859	timer	op	183
1237865	timer	op	184
1237886	timer	op	38
1237891	timer	op	39
1237907	timer	op	53
1237912	timer	op	54
1237917	timer	op	55
1237922	timer	op	56
1239117	timer	op	134
1239125	timer	op	1
1239135	timer	op	27
1239140	timer	op	28
1239145	timer	op	29
1239150	timer	op	30
1239155	timer	op	31
1239160	timer	op	32
1239175	timer	op	182
1239221	timer	op	191
1239227	timer	op	192
1239232	timer	op	193
1239310	timer	op	36
1239356	lifecycle	wave	258
1239365	lifecycle	wave	255
1239372	lifecycle	wave	254
1239379	lifecycle	wave	257
1239411	timer	op	0
1239416	timer	op	64
1240595	timer	op	198
1240623	timer	op	101
1240664	timer	op	73
1240740	timer	op	16
1240745	timer	op	17
1240752	timer	op	6
1240757	timer	op	7
1240762	timer	op	8
1240767	timer	op	9
1240772	timer	op	10
1240777	timer	op	11
1240782	timer	op	12
1240787	timer	op	13
1240792	timer	op	14
1240797	timer	op	15
1240810	timer	op	178
1241968	timer	op	157
1242022	timer	op	85
1242079	timer	op	160
1242084	timer	op	161
1242100	timer	op	162
1242109	timer	op	52
1242117	timer	op	18
1242122	timer	op	19
1242127	timer	op	20
1242132	timer	op	21
1242137	timer	op	22
1242159	lifecycle	wave	256
1242168	lifecycle	wave	259
1242175	lifecycle	wave	253
1242182	lifecycle	wave	252
1242189	lifecycle	wave	250
1242196	lifecycle	wave	251
1242318	timer	op	74
1242324	timer	op	75
1242415	timer	op	24
1245008	timer	op	78
1245015	timer	op	79
1245020	timer	op	80
1245058	lifecycle	wave	257
1245067	lifecycle	wave	254
1245074	lifecycle	wave	255
1245081	lifecycle	wave	258
1247538	timer	op	86
1247560	timer	op	81
1247724	lifecycle	wave	251
1247733	lifecycle	wave	250
1247740	lifecycle	wave	252
1247748	lifecycle	wave	253
1247755	lifecycle	wave	259
1247770	lifecycle	wave	256
1248919	timer	op	82
1249083	timer	op	76
1250407	lifecycle	wave	258
1250417	lifecycle	wave	255
1250424	lifecycle	wave	254
1250431	lifecycle	wave	257
1253006	lifecycle	wave	256
1253016	lifecycle	wave	259
1253023	lifecycle	wave	253
1253030	lifecycle	wave	252
1253037	lifecycle	wave	250
1253044	lifecycle	wave	251
1255686	lifecycle	wave	257
1255697	lifecycle	wave	254
1255704	lifecycle	wave	255
1255711	lifecycle	wave	258
1258379	heartbeat	tick	586
1258404	lifecycle	wave	251
1258413	lifecycle	wave	250
1258420	lifecycle	wave	252
1258427	lifecycle	wave	253
1258434	lifecycle	wave	259
1258442	lifecycle	wave	256
1261024	lifecycle	wave	258
1261035	lifecycle	wave	255
1261042	lifecycle	wave	254
1261049	lifecycle	wave	257
1263674	lifecycle	wave	256
1263684	lifecycle	wave	259
1263691	lifecycle	wave	253
1263698	lifecycle	wave	252
1263705	lifecycle	wave	250
1263712	lifecycle	wave	251
1266389	lifecycle	wave	257
1266400	lifecycle	wave	254
1266407	lifecycle	wave	255
1266414	lifecycle	wave	258
1268990	lifecycle	wave	251
1269000	lifecycle	wave	250
1269007	lifecycle	wave	252
1269014	lifecycle	wave	253
1269021	lifecycle	wave	259
1269029	lifecycle	wave	256
1271659	lifecycle	wave	258
1271670	lifecycle	wave	255
1271677	lifecycle	wave	254
1271684	lifecycle	wave	257
1274417	lifecycle	wave	256
1274427	lifecycle	wave	259
1274435	lifecycle	wave	253
1274441	lifecycle	wave	252
1274449	lifecycle	wave	250
1274455	lifecycle	wave	251
1277038	lifecycle	wave	257
1277048	lifecycle	wave	254
1277055	lifecycle	wave	255
1277062	lifecycle	wave	258
1278392	network	connect	587
1278554	network	connect	588
1278661	network	connect	589
1278762	network	connect	590
1278863	network	connect	591
1278971	network	connect	592
1279092	network	connect	593
1279195	network	connect	594
1279296	network	connect	595
1279396	network	connect	596
1279496	network	connect	597
1279595	network	connect	598
1279699	network	connect	599
1279802	network	connect	600
1279905	network	connect	601
1280687	network	reply	592
1280725	network	reply	593
1280755	network	reply	594
1280783	network	reply	595
1280811	network	reply	596
1280839	network	reply	597
1280867	network	reply	598
1280895	network	reply	599
1280923	network	reply	600
1280951	network	reply	601
1280979	network	reply	587
1281007	network	reply	588
1281036	network	reply	589
1281064	network	reply	590
1281092	network	reply	591
1282038	lifecycle	wave	251
1282051	lifecycle	wave	250
1282059	lifecycle	wave	252
1282066	lifecycle	wave	253
1282073	lifecycle	wave	259
1282081	lifecycle	wave	256
1282088	lifecycle	wave	258
1282095	lifecycle	wave	255
1282103	lifecycle	wave	254
1282109	lifecycle	wave	257
1283667	timer	op	176
1284960	timer	op	57
1284966	timer	op	58
1284971	timer	op	59
1286177	timer	op	87
1286406	lifecycle	wave	253
1286437	lifecycle	wave	252
1286444	lifecycle	wave	250
1286451	lifecycle	wave	251
1287591	timer	op	173
1287597	timer	op	174
1287786	lifecycle	wave	257
1287795	lifecycle	wave	254
1287805	lifecycle	wave	255
1287814	lifecycle	wave	258
1287821	lifecycle	wave	256
1287827	lifecycle	wave	259
1289031	timer	op	103
1289037	timer	op	104
1289065	timer	op	144
1289070	timer	op	145
1289075	timer	op	146
1289124	timer	op	133
1289150	timer	op	149
1289159	timer	op	147
1290576	timer	op	96
1291758	timer	op	124
1291769	timer	op	46
1291812	timer	op	126
1291826	timer	op	90
1291833	timer	op	105
1291887	timer	op	91
1291892	timer	op	92
1291897	timer	op	65
1291917	timer	op	131
1291922	timer	op	132
1291927	timer	op	194
1291932	timer	op	195
1291937	timer	op	196
1291942	timer	op	197
1291972	timer	op	102
1291993	timer	op	127
1292017	timer	op	121
1292022	timer	op	122
1292040	lifecycle	wave	251
1292049	lifecycle	wave	250
1292056	lifecycle	wave	252
1292063	lifecycle	wave	253
1293227	timer	op	123
1293282	timer	op	37
1293288	timer	op	138
1293293	timer	op	139
1293298	timer	op	140
1293303	timer	op	141
1293308	timer	op	142
1293313	timer	op	143
1293320	timer	op	128
1293336	timer	op	60
1293376	timer	op	175
1293392	timer	op	185
1293397	timer	op	186
1293405	timer	op	48
1293410	timer	op	49
1293415	timer	op	50
1293420	timer	op	51
1293435	timer	op	125
1293443	timer	op	89
1293463	timer	op	120
1293472	coop	yield	248
1293477	coop	yield	249
1293483	coop	yield	206
1293488	coop	yield	207
1293493	coop	yield	208
1293497	coop	yield	209
1293502	coop	yield	210
1293506	coop	yield	211
1293510	coop	yield	212
1293515	coop	yield	213
1293519	coop	yield	214
1293524	coop	yield	215
1293528	coop	yield	216
1293533	coop	yield	217
1293537	coop	yield	218
1293541	coop	yield	219
1293546	coop	yield	220
1293550	coop	yield	221
1293555	coop	yield	222
1293559	coop	yield	223
1293563	coop	yield	224
1293568	coop	yield	225
1293572	coop	yield	226
1293577	coop	yield	227
1293581	coop	yield	228
1293585	coop	yield	229
1293590	coop	yield	230
1293594	coop	yield	231
1293599	coop	yield	232
1293603	coop	yield	233
1293608	coop	yield	234
1293612	coop	yield	235
1293617	coop	yield	236
1293621	coop	yield	237
1293625	coop	yield	238
1293630	coop	yield	239
1293634	coop	yield	240
1293638	coop	yield	241
1293643	coop	yield	242
1293647	coop	yield	243
1293652	coop	yield	244
1293656	coop	yield	245
1293660	coop	yield	246
1293665	coop	yield	247
1293718	lifecycle	wave	259
1293727	lifecycle	wave	256
1293735	lifecycle	wave	258
1293743	lifecycle	wave	255
1293750	lifecycle	wave	254
1293757	lifecycle	wave	257
1294920	timer	op	150
1294936	timer	op	166
1294984	timer	op	47
1295001	timer	op	42
1295016	timer	op	199
1295054	timer	op	177
1295096	timer	op	153
1295101	timer	op	154
1295106	timer	op	155
1295115	timer	op	137
1296230	coop	yield	200
1296235	coop	yield	201
1296239	coop	yield	202
1296244	coop	yield	203
1296248	coop	yield	204
1296253	coop	yield	205
1296268	timer	op	93
1296277	timer	op	94
1296290	timer	op	106
1296304	timer	op	100
1296309	timer	op	152
1296314	timer	op	136
1296319	timer	op	43
1296324	timer	op	44
1296329	timer	op	45
1296340	timer	op	172
1296438	timer	op	61
1296444	timer	op	62
1296449	timer	op	63
1296481	timer	op	66
1296487	timer	op	115
1296492	timer	op	116
1296497	timer	op	98
1296502	timer	op	99
1296547	lifecycle	wave	253
1296556	lifecycle	wave	252
1296563	lifecycle	wave	250
1296570	lifecycle	wave	251
1297706	timer	op	95
1297726	timer	op	117
1297760	timer	op	97
1297830	timer	op	167
1297835	timer	op	168
1297840	timer	op	169
1297845	timer	op	170
1297850	timer	op	171
1297855	timer	op	107
1297860	timer	op	108
1297865	timer	op	109
1297870	timer	op	110
1297875	timer	op	111
1297880	timer	op	112
1297885	timer	op	113
1297890	timer	op	114
1299131	timer	op	129
1299137	timer	op	130
1299142	timer	op	23
1299226	timer	op	67
1299232	timer	op	119
1299308	timer	op	72
1299321	timer	op	26
1299361	lifecycle	wave	257
1299370	lifecycle	wave	254
1299377	lifecycle	wave	255
1299384	lifecycle	wave	258
1299392	lifecycle	wave	256
1299400	timer	op	53
1299405	timer	op	54
1299410	timer	op	55
1299415	timer	op	56
1299431	timer	op	187
1299441	timer	op	188
1299446	timer	op	189
1299451	timer	op	190
1299459	timer	op	2
1299464	timer	op	3
1299469	timer	op	4
1299474	timer	op	5
1299498	lifecycle	wave	259
1300693	timer	op	134
1300701	timer	op	1
1300725	timer	op	70
1300731	timer	op	71
1300740	timer	op	25
1300754	timer	op	118
1300759	timer	op	179
1300764	timer	op	180
1300769	timer	op	181
1300777	timer	op	158
1300782	timer	op	159
1300796	timer	op	151
1300802	timer	op	135
1300806	timer	op	83
1300811	timer	op	84
1300816	timer	op	163
1300821	timer	op	164
1300826	timer	op	165
1300834	timer	op	88
1300848	timer	op	40
1300853	timer	op	41
1300896	timer	op	148
1300909	timer	op	77
1302042	timer	op	27
1302048	timer	op	28
1302053	timer	op	29
1302058	timer	op	30
1302063	timer	op	31
1302068	timer	op	32
1302092	timer	op	68
1302097	timer	op	69
1302117	timer	op	33
1302122	timer	op	34
1302144	timer	op	35
1302164	timer	op	183
1302170	timer	op	184
1302192	timer	op	38
1302197	timer	op	39
1302203	timer	op	36
1302243	timer	op	156
1302301	lifecycle	wave	251
1302310	lifecycle	wave	250
1302317	lifecycle	wave	252
1302324	lifecycle	wave	253
1302374	timer	op	191
1302380	timer	op	192
1302385	timer	op	193
1302432	timer	op	0
1302438	timer	op	64
1303613	timer	op	101
1303665	timer	op	16
1303670	timer	op	17
1303677	timer	op	6
1303682	timer	op	7
1303687	timer	op	8
1303692	timer	op	9
1303697	timer	op	10
1303702	timer	op	11
1303715	timer	op	12
1303720	timer	op	13
1303725	timer	op	14
1303730	timer	op	15
1303735	timer	op	178
1303782	timer	op	198
1303831	timer	op	182
1304982	timer	op	73
1305015	timer	op	52
1305027	timer	op	18
1305033	timer	op	19
1305038	timer	op	20
1305086	timer	op	157
1305135	timer	op	160
1305141	timer	op	161
1305153	timer	op	162
1305205	lifecycle	wave	259
1305215	lifecycle	wave	256
1305222	lifecycle	wave	258
1305229	lifecycle	wave	255
1305236	lifecycle	wave	254
1305305	timer	op	24
1305365	timer	op	22
1305381	timer	op	85
1305414	timer	op	74
1305419	timer	op	75
1305454	lifecycle	wave	257
1306673	timer	op	21
1308063	lifecycle	wave	253
1308073	lifecycle	wave	252
1308080	lifecycle	wave	250
1308087	lifecycle	wave	251
1309223	timer	op	78
1309229	timer	op	79
1309234	timer	op	80
1309436	heartbeat	tick	602
1310573	timer	op	81
1310667	timer	op	86
1310761	lifecycle	wave	257
1310770	lifecycle	wave	254
1310777	lifecycle	wave	255
1310784	lifecycle	wave	258
1310791	lifecycle	wave	256
1310799	lifecycle	wave	259
1312008	timer	op	76
1313385	timer	op	82
1313440	lifecycle	wave	251
1313449	lifecycle	wave	250
1313456	lifecycle	wave	252
1313463	lifecycle	wave	253
1316038	lifecycle	wave	259
1316049	lifecycle	wave	256
1316056	lifecycle	wave	258
1316063	lifecycle	wave	255
1316070	lifecycle	wave	254
1316077	lifecycle	wave	257
1318722	lifecycle	wave	253
1318733	lifecycle	wave	252
1318740	lifecycle	wave	250
1318747	lifecycle	wave	251
1321393	lifecycle	wave	257
1321404	lifecycle	wave	254
1321411	lifecycle	wave	255
1321418	lifecycle	wave	258
1321425	lifecycle	wave	256
1321433	lifecycle	wave	259
1324015	lifecycle	wave	251
1324025	lifecycle	wave	250
1324032	lifecycle	wave	252
1324039	lifecycle	wave	253
1326665	lifecycle	wave	259
1326675	lifecycle	wave	256
1326682	lifecycle	wave	258
1326689	lifecycle	wave	255
1326696	lifecycle	wave	254
1326704	lifecycle	wave	257
1329401	lifecycle	wave	253
1329411	lifecycle	wave	252
1329418	lifecycle	wave	250
1329425	lifecycle	wave	251
1332006	lifecycle	wave	257
1332016	lifecycle	wave	254
1332023	lifecycle	wave	255
1332030	lifecycle	wave	258
1332037	lifecycle	wave	256
1332045	lifecycle	wave	259
1334664	lifecycle	wave	251
1334675	lifecycle	wave	250
1334682	lifecycle	wave	252
1334688	lifecycle	wave	253
1337418	lifecycle	wave	259
1337429	lifecycle	wave	256
1337436	lifecycle	wave	258
1337444	lifecycle	wave	255
1337451	lifecycle	wave	254
1337459	lifecycle	wave	257
1340049	lifecycle	wave	253
1340060	lifecycle	wave	252
1340067	lifecycle	wave	250
1340074	lifecycle	wave	251
1341391	network	connect	603
1341554	network	connect	604
1341659	network	connect	605
1341760	network	connect	606
1341861	network	connect	607
1341970	network	connect	608
1342072	network	connect	609
1342172	network	connect	610
1342273	network	connect	611
1342372	network	connect	612
1342472	network	connect	613
1342572	network	connect	614
1342671	network	connect	615
1342770	network	connect	616
1342869	network	connect	617
1343669	network	reply	608
1343708	network	reply	609
1343737	network	reply	610
1343765	network	reply	611
1343793	network	reply	612
1343822	network	reply	613
1343849	network	reply	614
1343877	network	reply	615
1343905	network	reply	616
1343933	network	reply	617
1343961	network	reply	603
1343990	network	reply	604
1344018	network	reply	605
1344046	network	reply	606
1344075	network	reply	607
1345043	lifecycle	wave	257
1345057	lifecycle	wave	254
1345064	lifecycle	wave	255
1345071	lifecycle	wave	258
1345079	lifecycle	wave	256
1345086	lifecycle	wave	259
1345093	lifecycle	wave	251
1345100	lifecycle	wave	250
1345108	lifecycle	wave	252
1345115	lifecycle	wave	253
1347963	timer	op	176
1349132	timer	op	57
1349138	timer	op	58
1349143	timer	op	59
1349380	lifecycle	wave	257
1350677	timer	op	87
1350722	lifecycle	wave	253
1350731	lifecycle	wave	252
1350738	lifecycle	wave	250
1350745	lifecycle	wave	251
1350752	lifecycle	wave	259
1350759	lifecycle	wave	256
1350766	lifecycle	wave	258
1350774	lifecycle	wave	255
1350780	lifecycle	wave	254
1351975	timer	op	144
1351981	timer	op	145
1351986	timer	op	146
1352076	timer	op	173
1352082	timer	op	174
1352118	timer	op	103
1352131	timer	op	104
1353310	timer	op	149
1353319	timer	op	147
1354648	timer	op	133
1354727	timer	op	96
1354742	lifecycle	wave	257
1355868	timer	op	91
1355874	timer	op	92
1355879	timer	op	65
1355895	timer	op	131
1355900	timer	op	132
1355905	timer	op	194
1355910	timer	op	195
1355915	timer	op	196
1355920	timer	op	197
1355992	timer	op	127
1356050	timer	op	102
1356116	lifecycle	wave	254
1356125	lifecycle	wave	255
1356132	lifecycle	wave	258
1356140	lifecycle	wave	256
1356147	lifecycle	wave	259
1356154	lifecycle	wave	251
1356161	lifecycle	wave	250
1356168	lifecycle	wave	252
1356175	lifecycle	wave	253
1356261	timer	op	121
1356267	timer	op	122
1356351	timer	op	123
1356369	timer	op	124
1356388	timer	op	46
1356405	timer	op	126
1356424	timer	op	37
1356430	timer	op	138
1356435	timer	op	139
1356439	timer	op	140
1356444	timer	op	141
1356449	timer	op	142
1356454	timer	op	143
1356473	timer	op	128
1356485	timer	op	60
1357654	timer	op	42
1357661	timer	op	199
1357685	timer	op	185
1357690	timer	op	186
1357698	timer	op	48
1357703	timer	op	49
1357708	timer	op	50
1357713	timer	op	51
1357728	timer	op	125
1357736	timer	op	89
1357748	timer	op	120
1357779	timer	op	90
1357786	timer	op	105
1357826	timer	op	177
1357848	timer	op	47
1358982	timer	op	153
1358987	timer	op	154
1358992	timer	op	155
1359000	timer	op	137
1359085	timer	op	175
1359102	timer	op	43
1359107	timer	op	44
1359112	timer	op	45
1359122	timer	op	172
1359161	timer	op	150
1359234	timer	op	66
1359240	timer	op	115
1359245	timer	op	116
1359250	timer	op	98
1359255	timer	op	99
1359303	timer	op	166
1359330	timer	op	167
1359335	timer	op	168
1359340	timer	op	169
1359345	timer	op	170
1359350	timer	op	171
1359355	timer	op	107
1359360	timer	op	108
1359365	timer	op	109
1359370	timer	op	110
1359375	timer	op	111
1359380	timer	op	112
1359384	timer	op	113
1359389	timer	op	114
1359430	timer	op	93
1359435	timer	op	94
1359447	timer	op	106
1359461	timer	op	100
1359466	timer	op	152
1359471	timer	op	136
1359494	heartbeat	tick	618
1359508	lifecycle	wave	257
1360717	timer	op	61
1360723	timer	op	62
1360728	timer	op	63
1360757	timer	op	95
1360776	timer	op	117
1361951	timer	op	67
1361958	timer	op	119
1361980	timer	op	72
1361997	timer	op	26
1362006	timer	op	53
1362011	timer	op	54
1362016	timer	op	55
1362021	timer	op	56
1362049	timer	op	97
1362101	timer	op	40
1362107	timer	op	41
1362131	timer	op	129
1362136	timer	op	130
1362141	timer	op	23
1362179	lifecycle	wave	253
1362187	lifecycle	wave	252
1362195	lifecycle	wave	250
1362202	lifecycle	wave	251
1362209	lifecycle	wave	259
1362216	lifecycle	wave	256
1362223	lifecycle	wave	258
1362230	lifecycle	wave	255
1362237	lifecycle	wave	254
1362316	timer	op	187
1362322	timer	op	188
1362327	timer	op	189
1362332	timer	op	190
1362340	timer	op	2
1362345	timer	op	3
1362350	timer	op	4
1362355	timer	op	5
1362379	timer	op	35
1362398	timer	op	27
1362403	timer	op	28
1362408	timer	op	29
1362413	timer	op	30
1362418	timer	op	31
1362423	timer	op	32
1362447	timer	op	68
1362484	timer	op	134
1362494	timer	op	1
1362517	timer	op	70
1362522	timer	op	71
1362531	timer	op	25
1362559	timer	op	118
1362566	timer	op	148
1362578	timer	op	77
1363764	timer	op	179
1363770	timer	op	180
1363775	timer	op	181
1363782	timer	op	69
1363804	timer	op	33
1363809	timer	op	34
1363853	timer	op	156
1363879	timer	op	158
1363884	timer	op	159
1363906	timer	op	151
1363912	timer	op	135
1363917	timer	op	83
1363922	timer	op	84
1363926	timer	op	163
1363931	timer	op	164
1363936	timer	op	165
1363944	timer	op	88
1363967	timer	op	0
1363972	timer	op	64
1363996	timer	op	191
1364001	timer	op	192
1364006	timer	op	193
1364013	timer	op	183
1365157	timer	op	16
1365163	timer	op	17
1365170	timer	op	6
1365179	timer	op	7
1365184	timer	op	8
1365189	timer	op	9
1365194	timer	op	10
1365199	timer	op	11
1365204	timer	op	12
1365209	timer	op	13
1365224	timer	op	101
1365243	timer	op	184
1365265	timer	op	38
1365270	timer	op	39
1365276	timer	op	36
1365302	timer	op	198
1365372	lifecycle	wave	257
1365410	timer	op	14
1365416	timer	op	15
1365421	timer	op	178
1366611	timer	op	24
1366657	timer	op	73
1366689	timer	op	52
1366697	timer	op	18
1366702	timer	op	19
1366707	timer	op	20
1366741	timer	op	182
1366765	timer	op	160
1366770	timer	op	161
1366787	timer	op	162
1367972	timer	op	22
1367984	timer	op	85
1368013	timer	op	157
1368108	lifecycle	wave	254
1368117	lifecycle	wave	255
1368124	lifecycle	wave	258
1368131	lifecycle	wave	256
1368138	lifecycle	wave	259
1368145	lifecycle	wave	251
1368152	lifecycle	wave	250
1368159	lifecycle	wave	252
1368166	lifecycle	wave	253
1368333	timer	op	21
1368362	timer	op	74
1368367	timer	op	75
1371029	lifecycle	wave	257
1372161	timer	op	81
1372184	timer	op	78
1372189	timer	op	79
1372194	timer	op	80
1372226	timer	op	86
1373626	timer	op	76
1373707	lifecycle	wave	253
1373717	lifecycle	wave	252
1373724	lifecycle	wave	250
1373730	lifecycle	wave	251
1373738	lifecycle	wave	259
1373745	lifecycle	wave	256
1373752	lifecycle	wave	258
1373759	lifecycle	wave	255
1373766	lifecycle	wave	254
1375365	timer	op	82
1375402	lifecycle	wave	257
1379435	lifecycle	wave	254
1379446	lifecycle	wave	255
1379454	lifecycle	wave	258
1379461	lifecycle	wave	256
1379468	lifecycle	wave	259
1379475	lifecycle	wave	251
1379482	lifecycle	wave	250
1379489	lifecycle	wave	252
1379497	lifecycle	wave	253
1380836	lifecycle	wave	257
1384703	lifecycle	wave	253
1384714	lifecycle	wave	252
1384721	lifecycle	wave	250
1384728	lifecycle	wave	251
1384735	lifecycle	wave	259
1384742	lifecycle	wave	256
1384749	lifecycle	wave	258
1384756	lifecycle	wave	255
1384763	lifecycle	wave	254
1386103	lifecycle	wave	257
1389978	lifecycle	wave	254
1389989	lifecycle	wave	255
1389996	lifecycle	wave	258
1390003	lifecycle	wave	256
1390010	lifecycle	wave	259
1390017	lifecycle	wave	251
1390024	lifecycle	wave	250
1390031	lifecycle	wave	252
1390038	lifecycle	wave	253
1391430	lifecycle	wave	257
1395416	lifecycle	wave	253
1395427	lifecycle	wave	252
1395438	lifecycle	wave	250
1395447	lifecycle	wave	251
1395454	lifecycle	wave	259
1395461	lifecycle	wave	256
1395468	lifecycle	wave	258
1395475	lifecycle	wave	255
1395482	lifecycle	wave	254
1396819	lifecycle	wave	257
1400703	lifecycle	wave	254
1400713	lifecycle	wave	255
1400720	lifecycle	wave	258
1400727	lifecycle	wave	256
1400735	lifecycle	wave	259
1400742	lifecycle	wave	251
1400749	lifecycle	wave	250
1400756	lifecycle	wave	252
1400763	lifecycle	wave	253
1402110	lifecycle	wave	257
1403392	coop	yield	248
1403398	coop	yield	249
1403404	coop	yield	206
1403409	coop	yield	207
1403413	coop	yield	208
1403418	coop	yield	209
1403422	coop	yield	210
1403426	coop	yield	211
1403431	coop	yield	212
1403435	coop	yield	213
1403439	coop	yield	214
1403444	coop	yield	215
1403449	coop	yield	216
1403453	coop	yield	217
1403457	coop	yield	218
1403462	coop	yield	219
1403466	coop	yield	220
1403470	coop	yield	221
1403475	coop	yield	222
1403479	coop	yield	223
1403484	coop	yield	224
1403488	coop	yield	225
1403492	coop	yield	226
1403497	coop	yield	227
1403501	coop	yield	228
1403506	coop	yield	229
1403510	coop	yield	230
1403515	coop	yield	231
1403519	coop	yield	232
1403523	coop	yield	233
1403528	coop	yield	234
1403532	coop	yield	235
1403536	coop	yield	236
1403541	coop	yield	237
1403545	coop	yield	238
1403550	coop	yield	239
1403554	coop	yield	240
1403558	coop	yield	241
1403563	coop	yield	242
1403567	coop	yield	243
1403572	coop	yield	244
1403576	coop	yield	245
1403580	coop	yield	246
1403585	coop	yield	247
1404876	network	connect	619
1405046	network	connect	620
1405152	network	connect	621
1405253	network	connect	622
1405353	network	connect	623
1405454	network	connect	624
1405555	network	connect	625
1405655	network	connect	626
1405756	network	connect	627
1405855	network	connect	628
1405955	network	connect	629
1406060	network	connect	630
1406165	network	connect	631
1406266	network	connect	632
1406365	network	connect	633
1406711	coop	yield	200
1406718	coop	yield	201
1406722	coop	yield	202
1406727	coop	yield	203
1406731	coop	yield	204
1406736	coop	yield	205
1407435	lifecycle	wave	257
1407452	lifecycle	wave	253
1407459	lifecycle	wave	252
1407467	lifecycle	wave	250
1407475	lifecycle	wave	251
1407482	lifecycle	wave	259
1407489	lifecycle	wave	256
1407496	lifecycle	wave	258
1407549	lifecycle	wave	255
1407558	lifecycle	wave	254
1407568	network	reply	619
1407615	network	reply	620
1407644	network	reply	621
1407672	network	reply	622
1407701	network	reply	623
1407729	network	reply	624
1407757	network	reply	625
1407785	network	reply	626
1407813	network	reply	627
1407842	network	reply	628
1407870	network	reply	629
1407898	network	reply	630
1407926	network	reply	631
1407954	network	reply	632
1407981	network	reply	633
1408077	timer	op	176
1410195	timer	op	87
1410324	timer	op	57
1410329	timer	op	58
1410334	timer	op	59
1410375	heartbeat	tick	634
1411743	timer	op	144
1411756	timer	op	145
1411761	timer	op	146
1412875	timer	op	103
1412878	timer	op	104
1414018	timer	op	173
1414020	timer	op	174
1414117	lifecycle	wave	254
1414122	lifecycle	wave	255
1414125	lifecycle	wave	258
1414128	lifecycle	wave	256
1414132	lifecycle	wave	259
1414135	lifecycle	wave	251
1414138	lifecycle	wave	250
1414141	lifecycle	wave	252
1414144	lifecycle	wave	253
1414147	lifecycle	wave	257
1414233	timer	op	96
1414272	timer	op	149
1414275	timer	op	147
1415359	timer	op	133
1415394	timer	op	126
1415399	timer	op	91
1415402	timer	op	92
1415404	timer	op	65
1415411	timer	op	131
1415413	timer	op	132
1415415	timer	op	194
1415417	timer	op	195
1415427	timer	op	196
1415430	timer	op	197
1415433	timer	op	102
1415448	timer	op	121
1415450	timer	op	122
1416539	timer	op	47
1416557	timer	op	177
1416568	timer	op	37
1416571	timer	op	138
1416573	timer	op	139
1416575	timer	op	140
1416578	timer	op	141
1416580	timer	op	142
1416582	timer	op	143
1416585	timer	op	128
1416593	timer	op	60
1416595	timer	op	48
1416598	timer	op	49
1416600	timer	op	50
1416602	timer	op	51
1416607	timer	op	125
1416639	timer	op	127
1417729	timer	op	123
1417737	timer	op	124
1417741	timer	op	46
1417769	timer	op	150
1417775	timer	op	42
1417777	timer	op	199
1417804	timer	op	153
1417807	timer	op	154
1417809	timer	op	155
1417813	timer	op	137
1418889	timer	op	185
1418892	timer	op	186
1418906	timer	op	93
1418909	timer	op	94
1418914	timer	op	106
1418919	timer	op	100
1418921	timer	op	152
1418923	timer	op	136
1418925	timer	op	114
1418950	timer	op	66
1418953	timer	op	115
1418955	timer	op	116
1418959	timer	op	98
1418962	timer	op	99
1418977	timer	op	175
1418981	timer	op	89
1418988	timer	op	120
1419001	timer	op	90
1419004	timer	op	105
1419013	lifecycle	wave	254
1420101	timer	op	43
1420103	timer	op	44
1420106	timer	op	45
1420113	timer	op	172
1420139	timer	op	167
1420141	timer	op	168
1420143	timer	op	169
1420145	timer	op	170
1420147	timer	op	171
1420150	timer	op	107
1420152	timer	op	108
1420154	timer	op	109
1420156	timer	op	110
1420158	timer	op	111
1420161	timer	op	112
1420163	timer	op	113
1420166	timer	op	117
1420247	timer	op	61
1420250	timer	op	62
1420252	timer	op	63
1420271	timer	op	166
1420281	lifecycle	wave	257
1420285	lifecycle	wave	253
1420289	lifecycle	wave	252
1420292	lifecycle	wave	250
1420295	lifecycle	wave	251
1420298	lifecycle	wave	259
1420301	lifecycle	wave	256
1420304	lifecycle	wave	258
1420307	lifecycle	wave	255
1421424	timer	op	95
1421438	timer	op	97
1421450	timer	op	70
1421453	timer	op	71
1421460	timer	op	40
1421463	timer	op	41
1421476	timer	op	129
1421478	timer	op	130
1421480	timer	op	23
1421504	timer	op	67
1421507	timer	op	119
1422578	timer	op	25
1422583	timer	op	118
1422586	timer	op	148
1422597	timer	op	77
1422608	timer	op	27
1422610	timer	op	28
1422612	timer	op	29
1422614	timer	op	30
1422616	timer	op	31
1422619	timer	op	32
1422626	timer	op	187
1422629	timer	op	188
1422631	timer	op	189
1422633	timer	op	190
1422637	timer	op	2
1422639	timer	op	3
1422641	timer	op	4
1422643	timer	op	5
1422651	timer	op	35
1422667	timer	op	68
1422690	timer	op	72
1422698	timer	op	26
1422701	timer	op	53
1422704	timer	op	54
1422706	timer	op	55
1422708	timer	op	56
1423794	timer	op	134
1423797	timer	op	1
1423814	timer	op	151
1423817	timer	op	135
1423819	timer	op	83
1423821	timer	op	84
1423823	timer	op	163
1423826	timer	op	164
1423828	timer	op	165
1423832	timer	op	88
1423851	timer	op	191
1423853	timer	op	192
1423856	timer	op	193
1423859	timer	op	183
1423872	timer	op	0
1423874	timer	op	64
1423891	timer	op	33
1423893	timer	op	34
1423919	lifecycle	wave	254
1425020	timer	op	101
1425044	timer	op	16
1425046	timer	op	17
1425049	timer	op	179
1425052	timer	op	180
1425054	timer	op	181
1425057	timer	op	69
1425066	timer	op	184
1425078	timer	op	38
1425080	timer	op	39
1425083	timer	op	36
1425089	timer	op	156
1425101	timer	op	158
1425103	timer	op	159
1426189	timer	op	198
1426204	timer	op	182
1426226	timer	op	14
1426228	timer	op	15
1426231	timer	op	178
1426241	timer	op	160
1426244	timer	op	161
1426249	timer	op	6
1426251	timer	op	7
1426254	timer	op	8
1426256	timer	op	9
1426258	timer	op	10
1426260	timer	op	11
1426268	timer	op	12
1426270	timer	op	13
1426285	timer	op	73
1426302	lifecycle	wave	255
1426306	lifecycle	wave	258
1426309	lifecycle	wave	256
1426312	lifecycle	wave	259
1426315	lifecycle	wave	251
1426324	lifecycle	wave	250
1426327	lifecycle	wave	252
1426330	lifecycle	wave	253
1426333	lifecycle	wave	257
1427452	timer	op	157
1427466	timer	op	162
1427492	timer	op	24
1427524	timer	op	52
1427528	timer	op	18
1427530	timer	op	19
1427532	timer	op	20
1428616	timer	op	22
1428621	timer	op	85
1428627	timer	op	74
1428630	timer	op	75
1428694	lifecycle	wave	254
1429839	timer	op	21
1432121	timer	op	81
1432154	timer	op	78
1432156	timer	op	79
1432158	timer	op	80
1432207	lifecycle	wave	257
1432211	lifecycle	wave	253
1432214	lifecycle	wave	252
1432217	lifecycle	wave	250
1432220	lifecycle	wave	251
1432299	lifecycle	wave	259
1432303	lifecycle	wave	256
1432306	lifecycle	wave	258
1432312	lifecycle	wave	255
1433488	timer	op	86
1433499	lifecycle	wave	254
1434582	timer	op	76
1434601	timer	op	82
1438121	lifecycle	wave	255
1438126	lifecycle	wave	258
1438129	lifecycle	wave	256
1438133	lifecycle	wave	259
1438136	lifecycle	wave	251
1438139	lifecycle	wave	250
1438142	lifecycle	wave	252
1438145	lifecycle	wave	253
1438148	lifecycle	wave	257
1438297	lifecycle	wave	254
1444071	lifecycle	wave	254
1444076	lifecycle	wave	257
1444079	lifecycle	wave	253
1444082	lifecycle	wave	252
1444085	lifecycle	wave	250
1444088	lifecycle	wave	251
1444092	lifecycle	wave	259
1444095	lifecycle	wave	256
1444098	lifecycle	wave	258
1444101	lifecycle	wave	255
1448785	lifecycle	wave	255
1448790	lifecycle	wave	258
1448794	lifecycle	wave	256
1448797	lifecycle	wave	259
1448800	lifecycle	wave	251
1448803	lifecycle	wave	250
1448806	lifecycle	wave	252
1448809	lifecycle	wave	253
1448812	lifecycle	wave	257
1448815	lifecycle	wave	254
1453428	lifecycle	wave	254
1453433	lifecycle	wave	257
1453436	lifecycle	wave	253
1453439	lifecycle	wave	252
1453442	lifecycle	wave	250
1453445	lifecycle	wave	251
1453448	lifecycle	wave	259
1453451	lifecycle	wave	256
1453455	lifecycle	wave	258
1453458	lifecycle	wave	255
1459280	lifecycle	wave	255
1459285	lifecycle	wave	258
1459289	lifecycle	wave	256
1459292	lifecycle	wave	259
1459295	lifecycle	wave	251
1459298	lifecycle	wave	250
1459301	lifecycle	wave	252
1459304	lifecycle	wave	253
1459308	lifecycle	wave	257
1459311	lifecycle	wave	254
1460497	heartbeat	tick	635
1463948	timer	op	176
1465095	timer	op	57
1465098	timer	op	58
1465100	timer	op	59
1465128	lifecycle	wave	254
1465132	lifecycle	wave	257
1465135	lifecycle	wave	253
1465138	lifecycle	wave	252
1465141	lifecycle	wave	250
1465144	lifecycle	wave	251
1465148	lifecycle	wave	259
1465151	lifecycle	wave	256
1465154	lifecycle	wave	258
1465157	lifecycle	wave	255
1465236	timer	op	87
1466621	timer	op	144
1466625	timer	op	145
1466627	timer	op	146
1467795	timer	op	103
1467800	timer	op	104
1468948	timer	op	149
1468964	timer	op	173
1468966	timer	op	174
1468981	network	connect	636
1469057	network	connect	637
1469106	network	connect	638
1469153	network	connect	639
1469199	network	connect	640
1469291	timer	op	147
1469382	timer	op	96
1469402	network	connect	641
1469453	network	connect	642
1469499	network	connect	643
1469546	network	connect	644
1469595	network	connect	645
1469643	network	connect	646
1469688	network	connect	647
1469734	network	connect	648
1469779	network	connect	649
1469824	network	connect	650
1470119	network	reply	646
1470136	network	reply	647
1470149	network	reply	648
1470161	network	reply	649
1470174	network	reply	650
1470186	network	reply	636
1470199	network	reply	637
1470212	network	reply	638
1470229	network	reply	639
1470241	network	reply	640
1470254	network	reply	641
1470267	network	reply	642
1470279	network	reply	643
1470292	network	reply	644
1470304	network	reply	645
1470625	timer	op	126
1470636	timer	op	91
1470638	timer	op	92
1470641	timer	op	65
1470651	timer	op	131
1470653	timer	op	132
1470655	timer	op	194
1470657	timer	op	195
1470660	timer	op	196
1470662	timer	op	197
1470665	timer	op	102
1470685	timer	op	121
1470687	timer	op	122
1470701	timer	op	125
1470722	timer	op	133
1470754	lifecycle	wave	255
1470759	lifecycle	wave	258
1470762	lifecycle	wave	256
1470765	lifecycle	wave	259
1470769	lifecycle	wave	251
1470772	lifecycle	wave	250
1470775	lifecycle	wave	252
1470778	lifecycle	wave	253
1470781	lifecycle	wave	257
1470784	lifecycle	wave	254
1471900	timer	op	127
1471933	timer	op	47
1471951	timer	op	177
1471960	timer	op	37
1471963	timer	op	138
1471965	timer	op	139
1471967	timer	op	140
1471970	timer	op	141
1471972	timer	op	142
1471974	timer	op	143
1471977	timer	op	128
1471983	timer	op	60
1471991	timer	op	48
1471994	timer	op	49
1471996	timer	op	50
1471998	timer	op	51
1473073	timer	op	150
1473080	timer	op	42
1473082	timer	op	199
1473107	timer	op	153
1473110	timer	op	154
1473112	timer	op	155
1473115	timer	op	137
1473129	timer	op	115
1473131	timer	op	116
1473133	timer	op	98
1473136	timer	op	99
1473153	timer	op	175
1473158	timer	op	89
1473167	timer	op	123
1473174	timer	op	124
1473181	timer	op	46
1473201	timer	op	90
1473204	timer	op	105
1473216	timer	op	167
1473219	timer	op	168
1473227	timer	op	169
1473229	timer	op	170
1473231	timer	op	171
1473234	timer	op	107
1473236	timer	op	108
1473238	timer	op	109
1473240	timer	op	110
1473243	timer	op	111
1473245	timer	op	112
1473247	timer	op	113
1473250	timer	op	117
1473254	timer	op	185
1473256	timer	op	186
1473265	timer	op	93
1473267	timer	op	94
1473275	timer	op	106
1473279	timer	op	100
1473281	timer	op	152
1473284	timer	op	136
1473286	timer	op	114
1473314	timer	op	66
1474450	timer	op	61
1474453	timer	op	62
1474455	timer	op	63
1474466	timer	op	43
1474468	timer	op	44
1474470	timer	op	45
1474475	timer	op	120
1475561	timer	op	172
1475576	timer	op	166
1475583	timer	op	97
1475598	timer	op	70
1475600	timer	op	71
1475606	timer	op	40
1475608	timer	op	41
1475621	timer	op	129
1475624	timer	op	130
1475626	timer	op	23
1475651	timer	op	67
1475654	timer	op	119
1475671	lifecycle	wave	254
1475676	lifecycle	wave	257
1475679	lifecycle	wave	253
1475682	lifecycle	wave	252
1475685	lifecycle	wave	250
1475688	lifecycle	wave	251
1475691	lifecycle	wave	259
1475695	lifecycle	wave	256
1475698	lifecycle	wave	258
1475701	lifecycle	wave	255
1476814	timer	op	25
1476822	timer	op	118
1476825	timer	op	148
1476831	timer	op	77
1476843	timer	op	27
1476845	timer	op	28
1476847	timer	op	29
1476850	timer	op	30
1476852	timer	op	31
1476854	timer	op	32
1476862	timer	op	187
1476864	timer	op	188
1476867	timer	op	189
1476869	timer	op	190
1476872	timer	op	2
1476877	timer	op	3
1476879	timer	op	4
1476881	timer	op	5
1476889	timer	op	35
1476903	timer	op	68
1476913	timer	op	72
1478032	timer	op	95
1478050	timer	op	151
1478052	timer	op	135
1478054	timer	op	83
1478057	timer	op	84
1478059	timer	op	163
1478061	timer	op	164
1478063	timer	op	165
1478067	timer	op	88
1478086	timer	op	191
1478088	timer	op	192
1478090	timer	op	193
1478095	timer	op	183
1478107	timer	op	0
1478109	timer	op	64
1478126	timer	op	33
1478128	timer	op	34
1479240	timer	op	101
1479258	timer	op	16
1479261	timer	op	17
1479264	timer	op	179
1479266	timer	op	180
1479268	timer	op	181
1479271	timer	op	69
1479282	timer	op	184
1479292	timer	op	38
1479294	timer	op	39
1479297	timer	op	36
1479309	timer	op	26
1479313	timer	op	53
1479315	timer	op	54
1479317	timer	op	55
1479320	timer	op	56
1480409	timer	op	134
1480412	timer	op	1
1480428	timer	op	158
1480430	timer	op	159
1480438	timer	op	182
1480459	timer	op	14
1480461	timer	op	15
1480463	timer	op	178
1480480	timer	op	160
1480483	timer	op	161
1480488	timer	op	6
1480490	timer	op	7
1480492	timer	op	8
1480495	timer	op	9
1480499	timer	op	10
1480501	timer	op	11
1480504	timer	op	12
1480506	timer	op	13
1480524	timer	op	73
1480539	lifecycle	wave	255
1480547	lifecycle	wave	258
1480550	lifecycle	wave	256
1480553	lifecycle	wave	259
1480556	lifecycle	wave	251
1480559	lifecycle	wave	250
1480563	lifecycle	wave	252
1480566	lifecycle	wave	253
1480569	lifecycle	wave	257
1480572	lifecycle	wave	254
1481681	timer	op	157
1481699	timer	op	162
1481721	timer	op	24
1481759	timer	op	156
1482841	timer	op	198
1482847	timer	op	19
1482850	timer	op	20
1482857	timer	op	85
1482862	timer	op	74
1482864	timer	op	75
1484085	timer	op	52
1484089	timer	op	18
1485164	timer	op	22
1485255	timer	op	21
1485287	lifecycle	wave	254
1485291	lifecycle	wave	257
1485294	lifecycle	wave	253
1485297	lifecycle	wave	252
1485301	lifecycle	wave	250
1485304	lifecycle	wave	251
1485307	lifecycle	wave	259
1485310	lifecycle	wave	256
1485313	lifecycle	wave	258
1485316	lifecycle	wave	255
1486468	timer	op	81
1486501	timer	op	78
1486503	timer	op	79
1486506	timer	op	80
1488741	timer	op	86
1489917	timer	op	82
1489981	timer	op	76
1491118	lifecycle	wave	255
1491122	lifecycle	wave	258
1491125	lifecycle	wave	256
1491128	lifecycle	wave	259
1491132	lifecycle	wave	251
1491135	lifecycle	wave	250
1491138	lifecycle	wave	252
1491141	lifecycle	wave	253
1491144	lifecycle	wave	257
1491147	lifecycle	wave	254
1495903	lifecycle	wave	255
1497075	lifecycle	wave	254
1497080	lifecycle	wave	257
1497083	lifecycle	wave	253
1497086	lifecycle	wave	252
1497089	lifecycle	wave	250
1497092	lifecycle	wave	251
1497096	lifecycle	wave	259
1497099	lifecycle	wave	256
1497102	lifecycle	wave	258
1500590	lifecycle	wave	255
1501764	coop	yield	209
1501767	coop	yield	210
1501769	coop	yield	211
1501771	coop	yield	212
1501773	coop	yield	213
1501775	coop	yield	214
1501777	coop	yield	215
1501779	coop	yield	216
1501781	coop	yield	217
1501783	coop	yield	218
1501785	coop	yield	219
1501787	coop	yield	220
1501789	coop	yield	221
1501791	coop	yield	222
1501793	coop	yield	223
1501795	coop	yield	224
1501797	coop	yield	225
1501799	coop	yield	226
1501801	coop	yield	227
1501803	coop	yield	228
1501805	coop	yield	229
1501807	coop	yield	230
1501809	coop	yield	231
1501811	coop	yield	232
1501813	coop	yield	233
1501815	coop	yield	234
1501817	coop	yield	235
1501819	coop	yield	236
1501821	coop	yield	237
1501823	coop	yield	238
1501825	coop	yield	239
1501827	coop	yield	240
1501829	coop	yield	241
1501831	coop	yield	242
1501833	coop	yield	243
1501835	coop	yield	244
1501837	coop	yield	245
1501839	coop	yield	246
1501841	coop	yield	247
1501843	coop	yield	248
1501845	coop	yield	249
1501847	coop	yield	206
1501849	coop	yield	207
1501851	coop	yield	208
1501878	lifecycle	wave	258
1501882	lifecycle	wave	256
1501885	lifecycle	wave	259
1501888	lifecycle	wave	251
1501891	lifecycle	wave	250
1501894	lifecycle	wave	252
1501898	lifecycle	wave	253
1501901	lifecycle	wave	257
1501904	lifecycle	wave	254
1504251	coop	yield	200
1504254	coop	yield	201
1504256	coop	yield	202
1504258	coop	yield	203
1504260	coop	yield	204
1504262	coop	yield	205
1505514	lifecycle	wave	255
1506694	lifecycle	wave	254
1506698	lifecycle	wave	257
1506701	lifecycle	wave	253
1506704	lifecycle	wave	252
1506707	lifecycle	wave	250
1506711	lifecycle	wave	251
1506714	lifecycle	wave	259
1506717	lifecycle	wave	256
1506720	lifecycle	wave	258
1510275	heartbeat	tick	651
1510279	lifecycle	wave	255
1511461	lifecycle	wave	258
1511466	lifecycle	wave	256
1511469	lifecycle	wave	259
1511472	lifecycle	wave	251
1511475	lifecycle	wave	250
1511478	lifecycle	wave	252
1511482	lifecycle	wave	253
1511485	lifecycle	wave	257
1511488	lifecycle	wave	254
1516118	lifecycle	wave	255
1517311	lifecycle	wave	254
1517316	lifecycle	wave	257
1517319	lifecycle	wave	253
1517322	lifecycle	wave	252
1517325	lifecycle	wave	250
1517328	lifecycle	wave	251
1517331	lifecycle	wave	259
1517335	lifecycle	wave	256
1517338	lifecycle	wave	258
1519626	timer	op	176
1519653	timer	op	57
1519655	timer	op	58
1519658	timer	op	59
1520846	lifecycle	wave	255
1521934	timer	op	87
1523039	timer	op	173
1523111	timer	op	144
1523113	timer	op	145
1523115	timer	op	146
1523132	lifecycle	wave	258
1523136	lifecycle	wave	256
1523139	lifecycle	wave	259
1523142	lifecycle	wave	251
1523145	lifecycle	wave	250
1523148	lifecycle	wave	252
1523154	lifecycle	wave	253
1523157	lifecycle	wave	257
1523161	lifecycle	wave	254
1523218	timer	op	103
1523220	timer	op	104
1523252	timer	op	149
1524388	timer	op	126
1524394	timer	op	174
1525561	timer	op	96
1525567	timer	op	125
1525601	timer	op	133
1525605	timer	op	147
1525609	timer	op	60
1525612	timer	op	48
1525614	timer	op	49
1525616	timer	op	50
1525618	timer	op	51
1525637	lifecycle	wave	255
1526719	timer	op	124
1526725	timer	op	150
1526735	timer	op	127
1526762	timer	op	91
1526764	timer	op	92
1526766	timer	op	65
1526773	timer	op	131
1526775	timer	op	132
1526777	timer	op	194
1526780	timer	op	195
1526782	timer	op	196
1526784	timer	op	197
1526789	timer	op	102
1526807	timer	op	121
1526809	timer	op	122
1527911	timer	op	47
1527927	timer	op	177
1527939	timer	op	37
1527941	timer	op	138
1527944	timer	op	139
1527946	timer	op	140
1527948	timer	op	141
1527950	timer	op	142
1527953	timer	op	143
1527956	timer	op	128
1527960	timer	op	115
1527962	timer	op	116
1527965	timer	op	98
1527967	timer	op	99
1527988	timer	op	175
1527992	timer	op	89
1528001	timer	op	123
1528009	timer	op	66
1528011	timer	op	120
1529095	timer	op	172
1529111	timer	op	46
1529116	timer	op	90
1529119	timer	op	105
1529135	timer	op	167
1529138	timer	op	168
1529140	timer	op	169
1529142	timer	op	170
1529144	timer	op	171
1529146	timer	op	107
1529149	timer	op	108
1529151	timer	op	109
1529153	timer	op	110
1529155	timer	op	111
1529158	timer	op	112
1529160	timer	op	113
1529163	timer	op	117
1529168	timer	op	42
1529170	timer	op	199
1529199	timer	op	153
1529201	timer	op	154
1529203	timer	op	155
1529207	timer	op	137
1529237	lifecycle	wave	254
1529241	lifecycle	wave	257
1529244	lifecycle	wave	253
1529247	lifecycle	wave	252
1529250	lifecycle	wave	250
1529268	timer	op	61
1529271	timer	op	62
1529273	timer	op	63
1529283	timer	op	43
1529285	timer	op	44
1529287	timer	op	45
1529294	timer	op	67
1529297	timer	op	119
1529323	lifecycle	wave	251
1529327	lifecycle	wave	259
1529330	lifecycle	wave	256
1529334	lifecycle	wave	258
1530450	timer	op	95
1530453	timer	op	25
1530458	timer	op	118
1530461	timer	op	148
1530473	timer	op	166
1530481	timer	op	97
1530494	timer	op	70
1530496	timer	op	71
1530501	timer	op	185
1530504	timer	op	186
1530514	timer	op	93
1530517	timer	op	94
1530522	timer	op	106
1530529	timer	op	100
1530531	timer	op	152
1530533	timer	op	136
1530536	timer	op	114
1530561	lifecycle	wave	255
1530564	network	connect	652
1530641	network	connect	653
1530689	network	connect	654
1530736	network	connect	655
1530781	network	connect	656
1530827	network	connect	657
1530872	network	connect	658
1530918	network	connect	659
1530963	network	connect	660
1531023	network	connect	661
1531071	network	connect	662
1531118	network	connect	663
1531164	network	connect	664
1531214	network	connect	665
1531260	network	connect	666
1531451	timer	op	68
1531464	timer	op	72
1531485	timer	op	26
1531490	timer	op	53
1531493	timer	op	54
1531495	timer	op	55
1531497	timer	op	56
1531698	network	reply	652
1531714	network	reply	653
1531727	network	reply	654
1531740	network	reply	655
1531752	network	reply	656
1531765	network	reply	657
1531778	network	reply	658
1531790	network	reply	659
1531803	network	reply	660
1531815	network	reply	661
1531828	network	reply	662
1531840	network	reply	663
1531853	network	reply	664
1531865	network	reply	665
1531878	network	reply	666
1532194	timer	op	134
1532202	timer	op	1
1532229	timer	op	151
1532231	timer	op	135
1532233	timer	op	83
1532236	timer	op	84
1532238	timer	op	163
1532240	timer	op	164
1532242	timer	op	165
1532246	timer	op	88
1532260	timer	op	40
1532262	timer	op	41
1532290	timer	op	129
1532293	timer	op	130
1532295	timer	op	23
1533403	timer	op	77
1533416	timer	op	27
1533418	timer	op	28
1533420	timer	op	29
1533422	timer	op	30
1533427	timer	op	31
1533429	timer	op	32
1533435	timer	op	187
1533437	timer	op	188
1533439	timer	op	189
1533441	timer	op	190
1533445	timer	op	2
1533447	timer	op	3
1533449	timer	op	4
1533452	timer	op	5
1533464	timer	op	35
1533470	timer	op	69
1533481	timer	op	184
1533489	timer	op	38
1533491	timer	op	39
1533494	timer	op	36
1533513	timer	op	73
1533517	timer	op	156
1534604	timer	op	198
1534616	timer	op	157
1534622	timer	op	158
1534624	timer	op	159
1534638	timer	op	182
1534661	timer	op	191
1534663	timer	op	192
1534665	timer	op	193
1534669	timer	op	183
1534682	timer	op	0
1534684	timer	op	64
1534699	timer	op	33
1534701	timer	op	34
1534715	lifecycle	wave	258
1534720	lifecycle	wave	256
1534724	lifecycle	wave	259
1534727	lifecycle	wave	251
1534730	lifecycle	wave	250
1534733	lifecycle	wave	252
1534736	lifecycle	wave	253
1534740	lifecycle	wave	257
1534743	lifecycle	wave	254
1535871	timer	op	101
1535890	timer	op	16
1535893	timer	op	17
1535896	timer	op	179
1535898	timer	op	180
1535900	timer	op	181
1535945	timer	op	52
1535949	timer	op	18
1537042	timer	op	22
1537053	timer	op	19
1537055	timer	op	20
1537060	timer	op	85
1537067	timer	op	74
1537069	timer	op	75
1537096	timer	op	14
1537098	timer	op	15
1537100	timer	op	178
1537113	timer	op	160
1537116	timer	op	161
1537123	timer	op	6
1537125	timer	op	7
1537127	timer	op	8
1537130	timer	op	9
1537132	timer	op	10
1537134	timer	op	11
1537136	timer	op	12
1537139	timer	op	13
1537152	lifecycle	wave	255
1538246	timer	op	162
1538274	timer	op	24
1538317	timer	op	21
1539494	lifecycle	wave	254
1539499	lifecycle	wave	257
1539502	lifecycle	wave	253
1539505	lifecycle	wave	252
1539508	lifecycle	wave	250
1539511	lifecycle	wave	251
1539514	lifecycle	wave	259
1539518	lifecycle	wave	256
1539521	lifecycle	wave	258
1540686	timer	op	78
1540689	timer	op	79
1540691	timer	op	80
1541792	timer	op	86
1541892	lifecycle	wave	255
1542985	timer	op	81
1543055	timer	op	76
1544152	timer	op	82
1544281	lifecycle	wave	258
1544297	lifecycle	wave	256
1544300	lifecycle	wave	259
1544303	lifecycle	wave	251
1544307	lifecycle	wave	250
1544310	lifecycle	wave	252
1544313	lifecycle	wave	253
1544321	lifecycle	wave	257
1544325	lifecycle	wave	254
1546644	lifecycle	wave	255
1550133	lifecycle	wave	254
1550138	lifecycle	wave	257
1550141	lifecycle	wave	253
1550144	lifecycle	wave	252
1550147	lifecycle	wave	250
1550151	lifecycle	wave	251
1550154	lifecycle	wave	259
1550157	lifecycle	wave	256
1550160	lifecycle	wave	258
1551450	lifecycle	wave	255
1556083	lifecycle	wave	258
1556089	lifecycle	wave	256
1556092	lifecycle	wave	259
1556095	lifecycle	wave	251
1556098	lifecycle	wave	250
1556101	lifecycle	wave	252
1556104	lifecycle	wave	253
1556108	lifecycle	wave	257
1556111	lifecycle	wave	254
1557314	lifecycle	wave	255
1560786	heartbeat	tick	667
1560798	lifecycle	wave	254
1560802	lifecycle	wave	257
1560805	lifecycle	wave	253
1560808	lifecycle	wave	252
1560812	lifecycle	wave	250
1560815	lifecycle	wave	251
1560818	lifecycle	wave	259
1560821	lifecycle	wave	256
1560824	lifecycle	wave	258
1563106	lifecycle	wave	255
1565457	lifecycle	wave	258
1565462	lifecycle	wave	256
1565465	lifecycle	wave	259
1565468	lifecycle	wave	251
1565471	lifecycle	wave	250
1565475	lifecycle	wave	252
1565478	lifecycle	wave	253
1565481	lifecycle	wave	257
1565484	lifecycle	wave	254
1567829	lifecycle	wave	255
1571304	lifecycle	wave	254
1571309	lifecycle	wave	257
1571312	lifecycle	wave	253
1571315	lifecycle	wave	252
1571319	lifecycle	wave	250
1571322	lifecycle	wave	251
1571325	lifecycle	wave	259
1571328	lifecycle	wave	256
1571331	lifecycle	wave	258
1572531	lifecycle	wave	255
1573663	timer	op	57
1573666	timer	op	58
1573668	timer	op	59
1575947	timer	op	176
1577080	timer	op	173
1577163	lifecycle	wave	258
1577167	lifecycle	wave	256
1577171	lifecycle	wave	259
1577174	lifecycle	wave	251
1577177	lifecycle	wave	250
1577180	lifecycle	wave	252
1577183	lifecycle	wave	253
1577186	lifecycle	wave	257
1577190	lifecycle	wave	254
1577227	timer	op	87
1577280	timer	op	149
1577337	lifecycle	wave	255
1578422	timer	op	126
1578429	timer	op	174
1578494	timer	op	144
1578497	timer	op	145
1578499	timer	op	146
1579595	timer	op	103
1579598	timer	op	104
1579613	timer	op	125
1579636	timer	op	133
1579643	timer	op	147
1579646	timer	op	60
1579649	timer	op	48
1579651	timer	op	49
1579653	timer	op	50
1579656	timer	op	51
1580745	timer	op	124
1580751	timer	op	150
1580758	timer	op	127
1580795	timer	op	91
1580797	timer	op	92
1580800	timer	op	65
1581950	timer	op	96
1581962	timer	op	115
1581968	timer	op	116
1581971	timer	op	98
1581973	timer	op	99
1581986	timer	op	175
1581990	timer	op	89
1582001	timer	op	123
1582009	timer	op	66
1582012	timer	op	120
1583098	timer	op	172
1583113	timer	op	46
1583118	timer	op	90
1583123	timer	op	105
1583137	timer	op	167
1583140	timer	op	168
1583142	timer	op	169
1583144	timer	op	170
1583146	timer	op	171
1583149	timer	op	107
1583151	timer	op	108
1583153	timer	op	109
1583155	timer	op	110
1583158	timer	op	111
1583160	timer	op	112
1583162	timer	op	113
1583165	timer	op	117
1583179	timer	op	131
1583182	timer	op	132
1583184	timer	op	194
1583186	timer	op	195
1583188	timer	op	196
1583191	timer	op	197
1583194	timer	op	102
1583215	timer	op	121
1583217	timer	op	122
1583247	lifecycle	wave	255
1583251	lifecycle	wave	254
1583254	lifecycle	wave	257
1583257	lifecycle	wave	253
1583260	lifecycle	wave	252
1583276	timer	op	61
1583279	timer	op	62
1583281	timer	op	63
1583293	timer	op	43
1583295	timer	op	44
1583298	timer	op	45
1583302	timer	op	67
1583305	timer	op	119
1583329	lifecycle	wave	250
1583333	lifecycle	wave	251
1583336	lifecycle	wave	259
1583340	lifecycle	wave	256
1583343	lifecycle	wave	258
1584463	timer	op	95
1584467	timer	op	25
1584471	timer	op	118
1584480	timer	op	148
1584487	timer	op	166
1584495	timer	op	97
1584508	timer	op	70
1584510	timer	op	71
1584516	timer	op	47
1584534	timer	op	177
1584545	timer	op	37
1584548	timer	op	138
1584550	timer	op	139
1584552	timer	op	140
1584555	timer	op	141
1584557	timer	op	142
1584559	timer	op	143
1584562	timer	op	128
1585642	timer	op	185
1585644	timer	op	186
1585648	timer	op	42
1585651	timer	op	199
1585673	timer	op	153
1585675	timer	op	154
1585678	timer	op	155
1585681	timer	op	137
1585701	timer	op	68
1585713	timer	op	72
1585729	timer	op	26
1585733	timer	op	53
1585735	timer	op	54
1585740	timer	op	55
1585742	timer	op	56
1586816	timer	op	134
1586819	timer	op	1
1586847	timer	op	151
1586850	timer	op	135
1586852	timer	op	83
1586854	timer	op	84
1586856	timer	op	163
1586858	timer	op	164
1586861	timer	op	165
1586864	timer	op	88
1586879	timer	op	93
1586882	timer	op	94
1586887	timer	op	106
1586892	timer	op	100
1586894	timer	op	152
1586896	timer	op	136
1586898	timer	op	114
1588013	timer	op	40
1588015	timer	op	41
1588061	timer	op	184
1588071	timer	op	38
1588073	timer	op	39
1588076	timer	op	36
1588094	timer	op	73
1588098	timer	op	156
1589183	timer	op	198
1589205	timer	op	157
1589211	timer	op	158
1589213	timer	op	159
1589223	timer	op	182
1589250	timer	op	129
1589253	timer	op	130
1589255	timer	op	23
1589281	timer	op	69
1589299	lifecycle	wave	258
1589303	lifecycle	wave	256
1589307	lifecycle	wave	259
1589310	lifecycle	wave	251
1589313	lifecycle	wave	250
1589322	lifecycle	wave	252
1589325	lifecycle	wave	253
1589328	lifecycle	wave	257
1589331	lifecycle	wave	254
1589334	lifecycle	wave	255
1590460	timer	op	77
1590473	timer	op	27
1590475	timer	op	28
1590478	timer	op	29
1590480	timer	op	30
1590482	timer	op	31
1590484	timer	op	32
1590492	timer	op	187
1590495	timer	op	188
1590497	timer	op	189
1590499	timer	op	190
1590503	timer	op	2
1590505	timer	op	3
1590507	timer	op	4
1590509	timer	op	5
1590519	timer	op	35
1590558	timer	op	52
1590562	timer	op	18
1591640	timer	op	22
1591650	timer	op	19
1591652	timer	op	20
1591658	timer	op	85
1591662	timer	op	74
1591664	timer	op	75
1591685	timer	op	191
1591687	timer	op	192
1591689	timer	op	193
1591693	timer	op	183
1591709	timer	op	0
1591711	timer	op	64
1591728	timer	op	33
1591730	timer	op	34
1591737	timer	op	179
1591739	timer	op	180
1591741	timer	op	181
1591750	network	connect	668
1591826	network	connect	669
1591875	network	connect	670
1591923	network	connect	671
1591971	network	connect	672
1592016	network	connect	673
1592062	network	connect	674
1592109	network	connect	675
1592155	network	connect	676
1592200	network	connect	677
1592246	network	connect	678
1592292	network	connect	679
1592337	network	connect	680
1592384	network	connect	681
1592430	network	connect	682
1592604	timer	op	101
1592620	timer	op	16
1592622	timer	op	17
1592666	timer	op	21
1592871	network	reply	668
1592887	network	reply	669
1592900	network	reply	670
1592913	network	reply	671
1592929	network	reply	672
1592942	network	reply	673
1592955	network	reply	674
1592967	network	reply	675
1592980	network	reply	676
1592992	network	reply	677
1593005	network	reply	678
1593017	network	reply	679
1593030	network	reply	680
1593042	network	reply	681
1593055	network	reply	682
1593425	timer	op	14
1593428	timer	op	15
1593431	timer	op	178
1593444	timer	op	160
1593446	timer	op	161
1593451	timer	op	6
1593454	timer	op	7
1593456	timer	op	8
1593458	timer	op	9
1593461	timer	op	10
1593463	timer	op	11
1593465	timer	op	12
1593467	timer	op	13
1593481	timer	op	24
1594580	timer	op	162
1594617	timer	op	78
1594620	timer	op	79
1594623	timer	op	80
1594669	lifecycle	wave	255
1594673	lifecycle	wave	254
1594676	lifecycle	wave	257
1594680	lifecycle	wave	253
1594683	lifecycle	wave	252
1594686	lifecycle	wave	250
1594689	lifecycle	wave	251
1594692	lifecycle	wave	259
1594696	lifecycle	wave	256
1594699	lifecycle	wave	258
1595808	timer	op	86
1595899	coop	yield	209
1595902	coop	yield	210
1595904	coop	yield	211
1595906	coop	yield	212
1595908	coop	yield	213
1595910	coop	yield	214
1595912	coop	yield	215
1595914	coop	yield	216
1595916	coop	yield	217
1595918	coop	yield	218
1595920	coop	yield	219
1595922	coop	yield	220
1595924	coop	yield	221
1595926	coop	yield	222
1595928	coop	yield	223
1595930	coop	yield	224
1595932	coop	yield	225
1595934	coop	yield	226
1595936	coop	yield	227
1595938	coop	yield	228
1595940	coop	yield	229
1595942	coop	yield	230
1595944	coop	yield	231
1595946	coop	yield	232
1595948	coop	yield	233
1595950	coop	yield	234
1595952	coop	yield	235
1595953	coop	yield	236
1595955	coop	yield	237
1595957	coop	yield	238
1595959	coop	yield	239
1595961	coop	yield	240
1595963	coop	yield	241
1595965	coop	yield	242
1595967	coop	yield	243
1595969	coop	yield	244
1595971	coop	yield	245
1595973	coop	yield	246
1595975	coop	yield	247
1595977	coop	yield	248
1595979	coop	yield	249
1595982	coop	yield	206
1595984	coop	yield	207
1595986	coop	yield	208
1597145	timer	op	76
1598218	coop	yield	200
1598220	coop	yield	201
1598222	coop	yield	202
1598224	coop	yield	203
1598226	coop	yield	204
1598228	coop	yield	205
1598262	timer	op	82
1599429	timer	op	81
1599500	lifecycle	wave	258
1599505	lifecycle	wave	256
1599508	lifecycle	wave	259
1599511	lifecycle	wave	251
1599514	lifecycle	wave	250
1599517	lifecycle	wave	252
1599520	lifecycle	wave	253
1599524	lifecycle	wave	257
1599527	lifecycle	wave	254
1599530	lifecycle	wave	255
1604303	lifecycle	wave	255
1604308	lifecycle	wave	254
1604311	lifecycle	wave	257
1604314	lifecycle	wave	253
1604318	lifecycle	wave	252
1604321	lifecycle	wave	250
1604324	lifecycle	wave	251
1604327	lifecycle	wave	259
1604330	lifecycle	wave	256
1604333	lifecycle	wave	258
1610135	lifecycle	wave	258
1610140	lifecycle	wave	256
1610144	lifecycle	wave	259
1610147	lifecycle	wave	251
1610150	lifecycle	wave	250
1610153	lifecycle	wave	252
1610156	lifecycle	wave	253
1610159	lifecycle	wave	257
1610163	lifecycle	wave	254
1610166	lifecycle	wave	255
1610279	heartbeat	tick	683
1616087	lifecycle	wave	255
1616092	lifecycle	wave	254
1616095	lifecycle	wave	257
1616098	lifecycle	wave	253
1616102	lifecycle	wave	252
1616105	lifecycle	wave	250
1616108	lifecycle	wave	251
1616111	lifecycle	wave	259
1616114	lifecycle	wave	256
1616117	lifecycle	wave	258
1620805	lifecycle	wave	258
1620811	lifecycle	wave	256
1620814	lifecycle	wave	259
1620817	lifecycle	wave	251
1620820	lifecycle	wave	250
1620823	lifecycle	wave	252
1620827	lifecycle	wave	253
1620830	lifecycle	wave	257
1620833	lifecycle	wave	254
1620836	lifecycle	wave	255
1625491	lifecycle	wave	255
1625496	lifecycle	wave	254
1625499	lifecycle	wave	257
1625502	lifecycle	wave	253
1625505	lifecycle	wave	252
1625508	lifecycle	wave	250
1625512	lifecycle	wave	251
1625515	lifecycle	wave	259
1625518	lifecycle	wave	256
1625521	lifecycle	wave	258
1627840	timer	op	57
1627843	timer	op	58
1627845	timer	op	59
1631314	timer	op	176
1631355	lifecycle	wave	258
1631359	lifecycle	wave	256
1631362	lifecycle	wave	259
1631365	lifecycle	wave	251
1631369	lifecycle	wave	250
1631372	lifecycle	wave	252
1631375	lifecycle	wave	253
1631378	lifecycle	wave	257
1631381	lifecycle	wave	254
1631388	lifecycle	wave	255
1632555	timer	op	149
1632570	timer	op	173
1633695	timer	op	87
1634834	timer	op	144
1634836	timer	op	145
1634839	timer	op	146
1634842	timer	op	125
1634865	timer	op	133
1634879	timer	op	126
1634884	timer	op	174
1635976	timer	op	147
1635980	timer	op	60
1635983	timer	op	48
1635985	timer	op	49
1635987	timer	op	50
1635990	timer	op	51
1636047	timer	op	103
1636061	timer	op	104
1637151	timer	op	91
1637153	timer	op	92
1637155	timer	op	65
1637192	timer	op	98
1637195	timer	op	99
1637214	timer	op	175
1637218	timer	op	89
1637231	timer	op	124
1637238	timer	op	150
1637245	timer	op	127
1637267	lifecycle	wave	255
1637271	lifecycle	wave	254
1637274	lifecycle	wave	257
1637277	lifecycle	wave	253
1637281	lifecycle	wave	252
1637296	timer	op	96
1637302	timer	op	115
1637305	timer	op	116
1637318	lifecycle	wave	250
1637322	lifecycle	wave	251
1637325	lifecycle	wave	259
1637328	lifecycle	wave	256
1637332	lifecycle	wave	258
1638475	timer	op	131
1638480	timer	op	132
1638484	timer	op	194
1638488	timer	op	195
1638493	timer	op	196
1638498	timer	op	197
1638504	timer	op	102
1638519	timer	op	123
1638537	timer	op	66
1638543	timer	op	120
1638570	timer	op	90
1638578	timer	op	105
1638609	timer	op	167
1638614	timer	op	168
1638619	timer	op	169
1638624	timer	op	170
1638629	timer	op	171
1638634	timer	op	107
1638639	timer	op	108
1638644	timer	op	109
1638649	timer	op	110
1638654	timer	op	111
1638659	timer	op	112
1638664	timer	op	113
1638674	timer	op	117
1639809	timer	op	121
1639812	timer	op	122
1639836	timer	op	61
1639838	timer	op	62
1639840	timer	op	63
1639850	timer	op	43
1639853	timer	op	44
1639856	timer	op	172
1639872	timer	op	46
1639883	timer	op	37
1639885	timer	op	138
1639887	timer	op	139
1639890	timer	op	140
1639892	timer	op	141
1639894	timer	op	142
1639896	timer	op	143
1639899	timer	op	128
1640980	timer	op	185
1640982	timer	op	186
1640989	timer	op	42
1640991	timer	op	199
1641002	timer	op	45
1641009	timer	op	67
1641011	timer	op	119
1641025	timer	op	166
1641038	timer	op	97
1641049	timer	op	70
1641051	timer	op	71
1641061	timer	op	47
1641077	timer	op	177
1642178	timer	op	153
1642180	timer	op	154
1642183	timer	op	155
1642186	timer	op	137
1642200	timer	op	68
1642212	timer	op	72
1642230	timer	op	95
1642233	timer	op	25
1642238	timer	op	118
1642241	timer	op	148
1642286	lifecycle	wave	258
1642291	lifecycle	wave	256
1642294	lifecycle	wave	259
1642297	lifecycle	wave	251
1642300	lifecycle	wave	250
1642303	lifecycle	wave	252
1642306	lifecycle	wave	253
1642309	lifecycle	wave	257
1642312	lifecycle	wave	254
1642316	lifecycle	wave	255
1643439	timer	op	40
1643442	timer	op	41
1643466	timer	op	26
1643470	timer	op	53
1643472	timer	op	54
1643474	timer	op	55
1643476	timer	op	56
1643494	timer	op	151
1643497	timer	op	135
1643499	timer	op	83
1643501	timer	op	84
1643504	timer	op	163
1643506	timer	op	164
1643508	timer	op	165
1643512	timer	op	88
1643525	timer	op	93
1643527	timer	op	94
1643534	timer	op	106
1643539	timer	op	100
1643541	timer	op	152
1643543	timer	op	136
1643546	timer	op	114
1644657	timer	op	184
1644667	timer	op	38
1644670	timer	op	39
1644672	timer	op	36
1644693	timer	op	134
1644696	timer	op	1
1644729	timer	op	69
1645803	timer	op	27
1645805	timer	op	28
1645807	timer	op	29
1645812	timer	op	30
1645814	timer	op	31
1645816	timer	op	32
1645826	timer	op	77
1645845	timer	op	73
1645851	timer	op	156
1645859	timer	op	158
1645862	timer	op	159
1645872	timer	op	182
1645897	timer	op	129
1645899	timer	op	130
1645901	timer	op	23
1646979	timer	op	187
1646981	timer	op	188
1646989	timer	op	189
1646992	timer	op	190
1646995	timer	op	2
1646997	timer	op	3
1647000	timer	op	4
1647002	timer	op	5
1647016	timer	op	35
1647044	timer	op	198
1647055	timer	op	157
1647073	timer	op	33
1647075	timer	op	34
1647080	timer	op	179
1647082	timer	op	180
1647084	timer	op	181
1647091	timer	op	0
1647093	timer	op	64
1648226	timer	op	52
1648230	timer	op	18
1648234	timer	op	85
1648239	timer	op	74
1648241	timer	op	75
1648262	timer	op	191
1648264	timer	op	192
1648266	timer	op	193
1648272	timer	op	183
1648296	lifecycle	wave	255
1648301	lifecycle	wave	254
1648304	lifecycle	wave	257
1648311	lifecycle	wave	253
1648314	lifecycle	wave	252
1648317	lifecycle	wave	250
1648320	lifecycle	wave	251
1648323	lifecycle	wave	259
1648327	lifecycle	wave	256
1648330	lifecycle	wave	258
1649439	timer	op	101
1649454	timer	op	16
1649456	timer	op	17
1649490	timer	op	22
1649502	timer	op	19
1649505	timer	op	20
1649508	timer	op	9
1649510	timer	op	10
1649512	timer	op	11
1649515	timer	op	12
1649517	timer	op	13
1649529	timer	op	24
1649540	timer	op	6
1649542	timer	op	7
1649545	timer	op	8
1650649	timer	op	162
1650667	timer	op	21
1650699	timer	op	14
1650701	timer	op	15
1650703	timer	op	178
1650716	timer	op	160
1650718	timer	op	161
1651815	timer	op	78
1651817	timer	op	79
1651819	timer	op	80
1653042	network	connect	684
1653119	network	connect	685
1653168	network	connect	686
1653214	network	connect	687
1653260	network	connect	688
1653400	timer	op	86
1653464	network	connect	689
1653515	network	connect	690
1653561	network	connect	691
1653611	network	connect	692
1653657	network	connect	693
1653702	network	connect	694
1653747	network	connect	695
1653793	network	connect	696
1653838	network	connect	697
1653883	network	connect	698
1653991	lifecycle	wave	258
1653997	lifecycle	wave	256
1654000	lifecycle	wave	259
1654004	lifecycle	wave	251
1654007	lifecycle	wave	250
1654011	lifecycle	wave	252
1654014	lifecycle	wave	253
1654017	lifecycle	wave	257
1654020	lifecycle	wave	254
1654023	lifecycle	wave	255
1654097	network	reply	684
1654114	network	reply	685
1654127	network	reply	686
1654140	network	reply	687
1654152	network	reply	688
1654414	network	reply	689
1654429	network	reply	690
1654442	network	reply	691
1654454	network	reply	692
1654467	network	reply	693
1654479	network	reply	694
1654493	network	reply	695
1654506	network	reply	696
1654519	network	reply	697
1654531	network	reply	698
1654592	timer	op	76
1654613	timer	op	82
1655918	timer	op	81
1659599	lifecycle	wave	255
1659605	lifecycle	wave	254
1659608	lifecycle	wave	257
1659611	lifecycle	wave	253
1659614	lifecycle	wave	252
1659618	lifecycle	wave	250
1659621	lifecycle	wave	251
1659624	lifecycle	wave	259
1659627	lifecycle	wave	256
1659630	lifecycle	wave	258
1660817	heartbeat	tick	699
1664289	lifecycle	wave	258
1664294	lifecycle	wave	256
1664298	lifecycle	wave	259
1664301	lifecycle	wave	251
1664304	lifecycle	wave	250
1664307	lifecycle	wave	252
1664311	lifecycle	wave	253
1664314	lifecycle	wave	257
1664317	lifecycle	wave	254
1664321	lifecycle	wave	255
1670151	lifecycle	wave	255
1670157	lifecycle	wave	254
1670160	lifecycle	wave	257
1670163	lifecycle	wave	253
1670166	lifecycle	wave	252
1670170	lifecycle	wave	250
1670173	lifecycle	wave	251
1670176	lifecycle	wave	259
1670179	lifecycle	wave	256
1670182	lifecycle	wave	258
1676106	lifecycle	wave	258
1676111	lifecycle	wave	256
1676114	lifecycle	wave	259
1676117	lifecycle	wave	251
1676120	lifecycle	wave	250
1676124	lifecycle	wave	252
1676127	lifecycle	wave	253
1676130	lifecycle	wave	257
1676133	lifecycle	wave	254
1676136	lifecycle	wave	255
1680900	lifecycle	wave	253
1680905	lifecycle	wave	252
1680908	lifecycle	wave	250
1680911	lifecycle	wave	251
1680915	lifecycle	wave	259
1680918	lifecycle	wave	256
1680921	lifecycle	wave	258
1682099	lifecycle	wave	255
1682104	lifecycle	wave	254
1682107	lifecycle	wave	257
1683240	timer	op	57
1683243	timer	op	58
1683245	timer	op	59
1685578	timer	op	176
1685604	lifecycle	wave	258
1685608	lifecycle	wave	256
1685611	lifecycle	wave	259
1685614	lifecycle	wave	251
1685617	lifecycle	wave	250
1685620	lifecycle	wave	252
1685624	lifecycle	wave	253
1686823	lifecycle	wave	257
1686827	lifecycle	wave	254
1686831	lifecycle	wave	255
1687945	timer	op	149
1687963	timer	op	173
1689152	timer	op	87
1690265	timer	op	144
1690267	timer	op	145
1690270	timer	op	146
1690273	timer	op	125
1690295	timer	op	133
1690309	timer	op	126
1690315	timer	op	174
1690321	timer	op	103
1690323	timer	op	104
1690343	coop	yield	210
1690345	coop	yield	211
1690347	coop	yield	212
1690349	coop	yield	213
1690351	coop	yield	214
1690353	coop	yield	215
1690355	coop	yield	216
1690357	coop	yield	217
1690359	coop	yield	218
1690361	coop	yield	219
1690363	coop	yield	220
1690365	coop	yield	221
1690371	coop	yield	222
1690373	coop	yield	223
1690375	coop	yield	224
1690377	coop	yield	225
1690379	coop	yield	226
1690381	coop	yield	227
1690383	coop	yield	228
1690385	coop	yield	229
1690387	coop	yield	230
1690389	coop	yield	231
1690391	coop	yield	232
1690393	coop	yield	233
1690395	coop	yield	234
1690397	coop	yield	235
1690399	coop	yield	236
1690401	coop	yield	237
1690402	coop	yield	238
1690404	coop	yield	239
1690406	coop	yield	240
1690408	coop	yield	241
1690410	coop	yield	242
1690412	coop	yield	243
1690414	coop	yield	244
1690416	coop	yield	245
1690418	coop	yield	246
1690420	coop	yield	247
1690422	coop	yield	248
1690424	coop	yield	249
1690427	coop	yield	206
1690428	coop	yield	207
1690430	coop	yield	208
1690433	lifecycle	wave	253
1690438	lifecycle	wave	252
1690441	lifecycle	wave	250
1690444	lifecycle	wave	251
1690448	lifecycle	wave	259
1690451	lifecycle	wave	256
1690454	lifecycle	wave	258
1691572	timer	op	91
1691575	timer	op	92
1691578	timer	op	65
1691609	timer	op	147
1691614	timer	op	60
1691616	timer	op	48
1691618	timer	op	49
1691621	timer	op	50
1691625	timer	op	51
1691675	lifecycle	wave	255
1691679	lifecycle	wave	254
1691683	lifecycle	wave	257
1692785	timer	op	98
1692787	timer	op	99
1692803	timer	op	175
1692807	timer	op	89
1692821	timer	op	124
1692826	timer	op	150
1692835	timer	op	127
1692848	timer	op	96
1692855	timer	op	115
1692857	timer	op	116
1693949	timer	op	131
1693957	timer	op	132
1693959	timer	op	194
1693962	timer	op	195
1693964	timer	op	196
1693966	timer	op	197
1693969	timer	op	102
1693974	timer	op	123
1693982	timer	op	66
1693984	timer	op	120
1693995	timer	op	90
1693998	timer	op	105
1694012	timer	op	167
1694015	timer	op	168
1694017	timer	op	169
1694019	timer	op	170
1694021	timer	op	171
1694025	timer	op	107
1694028	timer	op	108
1694030	timer	op	109
1694032	timer	op	110
1694034	timer	op	111
1694036	timer	op	112
1694039	timer	op	113
1694041	timer	op	117
1694062	coop	yield	209
1694064	coop	yield	200
1694066	coop	yield	201
1694068	coop	yield	202
1694070	coop	yield	203
1694072	coop	yield	204
1694074	coop	yield	205
1695167	timer	op	121
1695170	timer	op	122
1695193	timer	op	61
1695196	timer	op	62
1695198	timer	op	63
1695206	timer	op	43
1695208	timer	op	44
1695212	timer	op	172
1695226	timer	op	46
1695238	timer	op	37
1695241	timer	op	138
1695243	timer	op	139
1695245	timer	op	140
1695247	timer	op	141
1695250	timer	op	142
1695252	timer	op	143
1695255	timer	op	128
1695265	timer	op	177
1695296	lifecycle	wave	258
1695301	lifecycle	wave	256
1695304	lifecycle	wave	259
1695307	lifecycle	wave	251
1695310	lifecycle	wave	250
1695313	lifecycle	wave	252
1695316	lifecycle	wave	253
1696428	timer	op	153
1696430	timer	op	154
1696432	timer	op	155
1696441	timer	op	185
1696443	timer	op	186
1696447	timer	op	42
1696450	timer	op	199
1696466	timer	op	45
1696471	timer	op	67
1696473	timer	op	119
1696489	timer	op	166
1696497	timer	op	97
1696511	timer	op	70
1696513	timer	op	71
1696518	timer	op	47
1696545	lifecycle	wave	257
1696549	lifecycle	wave	254
1696552	lifecycle	wave	255
1697640	timer	op	137
1697654	timer	op	68
1697664	timer	op	72
1697682	timer	op	95
1697685	timer	op	25
1697690	timer	op	118
1697693	timer	op	148
1697722	timer	op	106
1697728	timer	op	100
1697730	timer	op	152
1697733	timer	op	136
1697735	timer	op	114
1698823	timer	op	40
1698825	timer	op	41
1698849	timer	op	26
1698853	timer	op	53
1698855	timer	op	54
1698857	timer	op	55
1698860	timer	op	56
1698878	timer	op	151
1698880	timer	op	135
1698882	timer	op	83
1698884	timer	op	84
1698887	timer	op	163
1698889	timer	op	164
1698891	timer	op	165
1698895	timer	op	88
1698912	timer	op	93
1698914	timer	op	94
1699999	timer	op	184
1700009	timer	op	38
1700012	timer	op	39
1700015	timer	op	36
1700035	timer	op	134
1700038	timer	op	1
1700070	timer	op	69
1700080	timer	op	129
1700082	timer	op	130
1700084	timer	op	23
1701184	timer	op	187
1701186	timer	op	188
1701188	timer	op	189
1701191	timer	op	190
1701194	timer	op	2
1701197	timer	op	3
1701199	timer	op	4
1701201	timer	op	5
1701208	timer	op	27
1701210	timer	op	28
1701213	timer	op	29
1701215	timer	op	30
1701217	timer	op	31
1701219	timer	op	32
1701231	timer	op	77
1701254	timer	op	73
1701258	timer	op	156
1701270	timer	op	158
1701272	timer	op	159
1701282	timer	op	182
1701313	lifecycle	wave	253
1701317	lifecycle	wave	252
1701321	lifecycle	wave	250
1701324	lifecycle	wave	251
1701327	lifecycle	wave	259
1701333	lifecycle	wave	256
1701336	lifecycle	wave	258
1701340	lifecycle	wave	255
1701343	lifecycle	wave	254
1701346	lifecycle	wave	257
1702461	timer	op	35
1702492	timer	op	198
1702503	timer	op	157
1702518	timer	op	33
1702520	timer	op	34
1702527	timer	op	179
1702529	timer	op	180
1702531	timer	op	181
1702536	timer	op	0
1702538	timer	op	64
1703634	timer	op	101
1703686	timer	op	52
1703690	timer	op	18
1703695	timer	op	85
1703701	timer	op	74
1703704	timer	op	75
1703724	timer	op	191
1703726	timer	op	192
1703728	timer	op	193
1703732	timer	op	183
1704808	timer	op	16
1704811	timer	op	17
1704840	timer	op	22
1704850	timer	op	19
1704852	timer	op	20
1704857	timer	op	9
1704859	timer	op	10
1704861	timer	op	11
1704864	timer	op	12
1704866	timer	op	13
1704876	timer	op	24
1704889	timer	op	6
1704891	timer	op	7
1704893	timer	op	8
1704904	timer	op	160
1704907	timer	op	161
1706009	timer	op	162
1706022	timer	op	21
1706057	timer	op	14
1706059	timer	op	15
1706061	timer	op	178
1707170	timer	op	78
1707173	timer	op	79
1707175	timer	op	80
1707254	lifecycle	wave	257
1707258	lifecycle	wave	254
1707261	lifecycle	wave	255
1707264	lifecycle	wave	258
1707268	lifecycle	wave	256
1707286	lifecycle	wave	259
1707290	lifecycle	wave	251
1707293	lifecycle	wave	250
1707296	lifecycle	wave	252
1707299	lifecycle	wave	253
1709593	timer	op	86
1710737	timer	op	81
1710786	timer	op	76
1710799	timer	op	82
1710802	heartbeat	tick	700
1713135	lifecycle	wave	253
1713140	lifecycle	wave	252
1713143	lifecycle	wave	250
1713146	lifecycle	wave	251
1713149	lifecycle	wave	259
1713153	lifecycle	wave	256
1713156	lifecycle	wave	258
1713159	lifecycle	wave	255
1713162	lifecycle	wave	254
1713165	lifecycle	wave	257
1714447	network	connect	701
1714534	network	connect	702
1714588	network	connect	703
1714638	network	connect	704
1714684	network	connect	705
1714781	network	connect	706
1714835	network	connect	707
1714881	network	connect	708
1714927	network	connect	709
1714972	network	connect	710
1715025	network	connect	711
1715072	network	connect	712
1715118	network	connect	713
1715162	network	connect	714
1715210	network	connect	715
1715394	network	reply	701
1715411	network	reply	702
1715424	network	reply	703
1715437	network	reply	704
1715449	network	reply	705
1715779	network	reply	706
1715794	network	reply	707
1715807	network	reply	708
1715820	network	reply	709
1715832	network	reply	710
1715845	network	reply	711
1715858	network	reply	712
1715870	network	reply	713
1715882	network	reply	714
1715895	network	reply	715
1718431	lifecycle	wave	257
1718437	lifecycle	wave	254
1718441	lifecycle	wave	255
1718444	lifecycle	wave	258
1718447	lifecycle	wave	256
1718451	lifecycle	wave	259
1718454	lifecycle	wave	251
1718457	lifecycle	wave	250
1718460	lifecycle	wave	252
1718463	lifecycle	wave	253
1724294	lifecycle	wave	253
1724299	lifecycle	wave	252
1724303	lifecycle	wave	250
1724306	lifecycle	wave	251
1724309	lifecycle	wave	259
1724312	lifecycle	wave	256
1724315	lifecycle	wave	258
1724318	lifecycle	wave	255
1724322	lifecycle	wave	254
1724325	lifecycle	wave	257
1730233	lifecycle	wave	257
1730238	lifecycle	wave	254
1730241	lifecycle	wave	255
1730245	lifecycle	wave	258
1730248	lifecycle	wave	256
1730296	lifecycle	wave	259
1730300	lifecycle	wave	251
1730303	lifecycle	wave	250
1730306	lifecycle	wave	252
1730310	lifecycle	wave	253
1736122	lifecycle	wave	253
1736127	lifecycle	wave	252
1736130	lifecycle	wave	250
1736133	lifecycle	wave	251
1736136	lifecycle	wave	259
1736140	lifecycle	wave	256
1736143	lifecycle	wave	258
1736146	lifecycle	wave	255
1736149	lifecycle	wave	254
1736152	lifecycle	wave	257
1739671	timer	op	57
1739674	timer	op	58
1739676	timer	op	59
1742077	lifecycle	wave	257
1742081	lifecycle	wave	254
1742085	lifecycle	wave	255
1742088	lifecycle	wave	258
1742091	lifecycle	wave	256
1742094	lifecycle	wave	259
1742097	lifecycle	wave	251
1742100	lifecycle	wave	250
1742104	lifecycle	wave	252
1742111	lifecycle	wave	253
1743221	timer	op	176
1744394	timer	op	149
1744409	timer	op	173
1745551	timer	op	87
1746704	timer	op	133
1746715	timer	op	126
1746720	timer	op	174
1746729	timer	op	103
1746735	timer	op	144
1746737	timer	op	145
1746739	timer	op	146
1746743	timer	op	125
1746811	lifecycle	wave	253
1746815	lifecycle	wave	252
1746818	lifecycle	wave	250
1746821	lifecycle	wave	251
1746824	lifecycle	wave	259
1746828	lifecycle	wave	256
1746831	lifecycle	wave	258
1746834	lifecycle	wave	255
1746837	lifecycle	wave	254
1746840	lifecycle	wave	257
1747949	timer	op	104
1748012	timer	op	147
1748016	timer	op	60
1748018	timer	op	48
1748021	timer	op	49
1748023	timer	op	50
1748025	timer	op	51
1749119	timer	op	122
1749127	timer	op	175
1749133	timer	op	89
1749144	timer	op	124
1749149	timer	op	150
1749164	timer	op	127
1749174	timer	op	98
1749177	timer	op	99
1749201	timer	op	91
1749203	timer	op	92
1749205	timer	op	65
1749231	timer	op	102
1749236	timer	op	123
1749246	timer	op	66
1749249	timer	op	120
1749259	timer	op	90
1749262	timer	op	105
1750367	timer	op	61
1750369	timer	op	62
1750372	timer	op	63
1750380	timer	op	43
1750382	timer	op	44
1750386	timer	op	172
1750400	timer	op	46
1750415	timer	op	96
1750425	timer	op	115
1750428	timer	op	116
1750446	timer	op	167
1750448	timer	op	168
1750450	timer	op	169
1750452	timer	op	170
1750455	timer	op	171
1750457	timer	op	107
1750459	timer	op	108
1750461	timer	op	109
1750464	timer	op	110
1750466	timer	op	111
1750468	timer	op	112
1750470	timer	op	113
1750473	timer	op	117
1751576	timer	op	121
1751597	timer	op	131
1751599	timer	op	132
1751602	timer	op	194
1751604	timer	op	195
1751606	timer	op	196
1751608	timer	op	197
1751614	timer	op	45
1751621	timer	op	67
1751623	timer	op	119
1751639	timer	op	166
1751649	timer	op	97
1751670	lifecycle	wave	257
1751674	lifecycle	wave	254
1751677	lifecycle	wave	255
1751680	lifecycle	wave	258
1751683	lifecycle	wave	256
1751687	lifecycle	wave	259
1751690	lifecycle	wave	251
1751693	lifecycle	wave	250
1751696	lifecycle	wave	252
1751699	lifecycle	wave	253
1752822	timer	op	72
1752834	timer	op	95
1752837	timer	op	25
1752842	timer	op	118
1752845	timer	op	148
1752861	timer	op	37
1752864	timer	op	138
1752866	timer	op	139
1752868	timer	op	140
1752870	timer	op	141
1752873	timer	op	142
1752875	timer	op	143
1752878	timer	op	128
1752888	timer	op	177
1752909	timer	op	70
1752911	timer	op	71
1752916	timer	op	47
1754003	timer	op	137
1754020	timer	op	68
1754031	timer	op	153
1754033	timer	op	154
1754035	timer	op	155
1754044	timer	op	185
1754046	timer	op	186
1754050	timer	op	42
1754053	timer	op	199
1754066	timer	op	93
1754068	timer	op	94
1754081	timer	op	26
1754085	timer	op	53
1754087	timer	op	54
1754090	timer	op	55
1754092	timer	op	56
1754106	timer	op	151
1754109	timer	op	135
1754111	timer	op	83
1754113	timer	op	84
1754119	timer	op	163
1754122	timer	op	164
1754124	timer	op	165
1754127	timer	op	88
1755206	timer	op	184
1755216	timer	op	38
1755219	timer	op	39
1755222	timer	op	36
1755232	timer	op	134
1755235	timer	op	1
1755275	timer	op	106
1755280	timer	op	100
1755282	timer	op	152
1755284	timer	op	136
1755292	timer	op	114
1756430	timer	op	40
1756433	timer	op	41
1756455	timer	op	73
1756464	timer	op	156
1756472	timer	op	158
1756474	timer	op	159
1756482	timer	op	182
1756506	lifecycle	wave	253
1756510	lifecycle	wave	252
1756513	lifecycle	wave	250
1756516	lifecycle	wave	251
1756520	lifecycle	wave	259
1756523	lifecycle	wave	256
1756526	lifecycle	wave	258
1756529	lifecycle	wave	255
1756532	lifecycle	wave	254
1756535	lifecycle	wave	257
1757658	timer	op	198
1757670	timer	op	157
1757691	timer	op	69
1757703	timer	op	129
1757705	timer	op	130
1757707	timer	op	23
1758802	timer	op	35
1758814	timer	op	187
1758817	timer	op	188
1758819	timer	op	189
1758821	timer	op	190
1758827	timer	op	2
1758829	timer	op	3
1758831	timer	op	4
1758833	timer	op	5
1758838	timer	op	27
1758840	timer	op	28
1758843	timer	op	29
1758845	timer	op	30
1758847	timer	op	31
1758850	timer	op	32
1758863	timer	op	77
1758891	timer	op	52
1758894	timer	op	18
1758901	timer	op	85
1758905	timer	op	74
1758908	timer	op	75
1760021	timer	op	22
1760035	timer	op	19
1760038	timer	op	20
1760043	timer	op	9
1760045	timer	op	10
1760048	timer	op	11
1760050	timer	op	12
1760052	timer	op	13
1760061	timer	op	33
1760063	timer	op	34
1760070	timer	op	179
1760072	timer	op	180
1760075	timer	op	181
1760080	timer	op	0
1760082	timer	op	64
1760109	timer	op	191
1760112	timer	op	192
1760114	timer	op	193
1760117	timer	op	183
1761222	timer	op	16
1761224	timer	op	17
1761236	timer	op	101
1761269	timer	op	162
1761285	timer	op	21
1761307	heartbeat	tick	716
1761319	lifecycle	wave	257
1761323	lifecycle	wave	254
1761326	lifecycle	wave	255
1761330	lifecycle	wave	258
1761333	lifecycle	wave	256
1761336	lifecycle	wave	259
1761340	lifecycle	wave	251
1761343	lifecycle	wave	250
1761346	lifecycle	wave	252
1761350	lifecycle	wave	253
1762458	timer	op	78
1762460	timer	op	79
1762463	timer	op	80
1762509	timer	op	24
1762521	timer	op	6
1762523	timer	op	7
1762525	timer	op	8
1762536	timer	op	160
1762538	timer	op	161
1762554	timer	op	14
1762556	timer	op	15
1762558	timer	op	178
1764798	timer	op	86
1766005	timer	op	76
1766019	timer	op	82
1767202	lifecycle	wave	253
1767206	lifecycle	wave	252
1767210	lifecycle	wave	250
1767213	lifecycle	wave	251
1767216	lifecycle	wave	259
1767225	timer	op	81
1767299	lifecycle	wave	256
1767303	lifecycle	wave	258
1767307	lifecycle	wave	255
1767310	lifecycle	wave	254
1767313	lifecycle	wave	257
1773121	lifecycle	wave	257
1773126	lifecycle	wave	254
1773130	lifecycle	wave	255
1773133	lifecycle	wave	258
1773136	lifecycle	wave	256
1773139	lifecycle	wave	259
1773142	lifecycle	wave	251
1773145	lifecycle	wave	250
1773149	lifecycle	wave	252
1773152	lifecycle	wave	253
1775591	network	connect	717
1775665	network	connect	718
1775714	network	connect	719
1775760	network	connect	720
1775806	network	connect	721
1775852	network	connect	722
1775901	network	connect	723
1775947	network	connect	724
1775993	network	connect	725
1776044	network	connect	726
1776093	network	connect	727
1776139	network	connect	728
1776187	network	connect	729
1776233	network	connect	730
1776277	network	connect	731
1776711	network	reply	717
1776728	network	reply	718
1776741	network	reply	719
1776754	network	reply	720
1776767	network	reply	721
1776779	network	reply	722
1776792	network	reply	723
1776804	network	reply	724
1776817	network	reply	725
1776829	network	reply	726
1776842	network	reply	727
1776854	network	reply	728
1776867	network	reply	729
1776879	network	reply	730
1776892	network	reply	731
1778471	lifecycle	wave	253
1778477	lifecycle	wave	252
1778480	lifecycle	wave	250
1778483	lifecycle	wave	251
1778487	lifecycle	wave	259
1778490	lifecycle	wave	256
1778493	lifecycle	wave	258
1778496	lifecycle	wave	255
1778499	lifecycle	wave	254
1778502	lifecycle	wave	257
1783103	coop	yield	210
1783106	coop	yield	211
1783108	coop	yield	212
1783110	coop	yield	213
1783112	coop	yield	214
1783114	coop	yield	215
1783116	coop	yield	216
1783118	coop	yield	217
1783120	coop	yield	218
1783122	coop	yield	219
1783124	coop	yield	220
1783126	coop	yield	221
1783128	coop	yield	222
1783130	coop	yield	223
1783132	coop	yield	224
1783134	coop	yield	225
1783136	coop	yield	226
1783138	coop	yield	227
1783140	coop	yield	228
1783142	coop	yield	229
1783144	coop	yield	230
1783146	coop	yield	231
1783148	coop	yield	232
1783150	coop	yield	233
1783152	coop	yield	234
1783154	coop	yield	235
1783156	coop	yield	236
1783158	coop	yield	237
1783160	coop	yield	238
1783162	coop	yield	239
1783164	coop	yield	240
1783166	coop	yield	241
1783168	coop	yield	242
1783170	coop	yield	243
1783172	coop	yield	244
1783174	coop	yield	245
1783176	coop	yield	246
1783178	coop	yield	247
1783180	coop	yield	248
1783182	coop	yield	249
1783184	coop	yield	206
1783186	coop	yield	207
1783188	coop	yield	208
1783310	lifecycle	wave	257
1783314	lifecycle	wave	254
1783317	lifecycle	wave	255
1783320	lifecycle	wave	258
1783324	lifecycle	wave	256
1783327	lifecycle	wave	259
1783330	lifecycle	wave	251
1783333	lifecycle	wave	250
1783336	lifecycle	wave	252
1783340	lifecycle	wave	253
1786824	coop	yield	209
1786827	coop	yield	200
1786829	coop	yield	201
1786831	coop	yield	202
1786833	coop	yield	203
1786835	coop	yield	204
1786841	coop	yield	205
1789164	lifecycle	wave	253
1789169	lifecycle	wave	252
1789172	lifecycle	wave	250
1789175	lifecycle	wave	251
1789178	lifecycle	wave	259
1789182	lifecycle	wave	256
1789185	lifecycle	wave	258
1789188	lifecycle	wave	255
1789191	lifecycle	wave	254
1789194	lifecycle	wave	257
1792714	timer	op	57
1792717	timer	op	58
1792719	timer	op	59
1795120	lifecycle	wave	257
1795124	lifecycle	wave	254
1795127	lifecycle	wave	255
1795130	lifecycle	wave	258
1795134	lifecycle	wave	256
1795137	lifecycle	wave	259
1795140	lifecycle	wave	251
1795143	lifecycle	wave	250
1795147	lifecycle	wave	252
1795150	lifecycle	wave	253
1796377	timer	op	149
1796391	timer	op	173
1796408	timer	op	176
1798677	timer	op	133
1798689	timer	op	126
1798695	timer	op	174
1798704	timer	op	103
1798725	timer	op	87
1799882	timer	op	147
1799887	timer	op	60
1799889	timer	op	48
1799891	timer	op	49
1799894	timer	op	50
1799896	timer	op	51
1799927	lifecycle	wave	254
1799931	lifecycle	wave	257
1801016	timer	op	122
1801038	timer	op	175
1801042	timer	op	89
1801061	timer	op	124
1801066	timer	op	150
1801073	timer	op	127
1801079	timer	op	104
1801117	timer	op	144
1801120	timer	op	145
1801122	timer	op	146
1801126	timer	op	125
1801138	lifecycle	wave	253
1801142	lifecycle	wave	252
1801146	lifecycle	wave	250
1801149	lifecycle	wave	251
1801152	lifecycle	wave	259
1801155	lifecycle	wave	256
1801158	lifecycle	wave	258
1801161	lifecycle	wave	255
1801220	timer	op	91
1801223	timer	op	92
1801225	timer	op	65
1801243	timer	op	102
1801248	timer	op	123
1801256	timer	op	66
1801259	timer	op	120
1801270	timer	op	90
1801273	timer	op	105
1802395	timer	op	61
1802398	timer	op	62
1802400	timer	op	63
1802408	timer	op	43
1802410	timer	op	44
1802414	timer	op	172
1802428	timer	op	46
1802447	timer	op	96
1802453	timer	op	115
1802456	timer	op	116
1802471	timer	op	167
1802474	timer	op	168
1802476	timer	op	169
1802478	timer	op	170
1802480	timer	op	171
1802483	timer	op	107
1802485	timer	op	108
1802487	timer	op	109
1802489	timer	op	110
1802492	timer	op	111
1802494	timer	op	112
1802496	timer	op	113
1802505	timer	op	98
1802507	timer	op	99
1803580	timer	op	117
1803603	timer	op	121
1803620	timer	op	131
1803623	timer	op	132
1803625	timer	op	194
1803627	timer	op	195
1803629	timer	op	196
1803633	timer	op	197
1803639	timer	op	45
1803644	timer	op	67
1803646	timer	op	119
1803668	timer	op	166
1803675	timer	op	97
1804764	timer	op	72
1804778	timer	op	95
1804783	timer	op	25
1804788	timer	op	118
1804790	timer	op	148
1804803	timer	op	37
1804805	timer	op	138
1804808	timer	op	139
1804810	timer	op	140
1804812	timer	op	141
1804814	timer	op	142
1804817	timer	op	143
1804822	timer	op	128
1804832	timer	op	177
1804879	lifecycle	wave	257
1804883	lifecycle	wave	254
1805960	timer	op	70
1805963	timer	op	71
1805968	timer	op	47
1805979	timer	op	68
1805987	timer	op	153
1805990	timer	op	154
1805992	timer	op	155
1806002	timer	op	185
1806004	timer	op	186
1806010	timer	op	42
1806013	timer	op	199
1806023	timer	op	93
1806025	timer	op	94
1806042	timer	op	26
1806048	timer	op	53
1806050	timer	op	54
1806053	timer	op	55
1806055	timer	op	56
1806069	timer	op	151
1806072	timer	op	135
1806074	timer	op	83
1806076	timer	op	84
1806078	timer	op	163
1806081	timer	op	164
1806083	timer	op	165
1806086	timer	op	88
1807161	timer	op	184
1807170	timer	op	38
1807172	timer	op	39
1807175	timer	op	36
1807189	timer	op	134
1807192	timer	op	1
1807232	timer	op	106
1807237	timer	op	100
1807239	timer	op	152
1807242	timer	op	136
1807246	timer	op	114
1807253	timer	op	137
1807279	lifecycle	wave	255
1807283	lifecycle	wave	258
1807287	lifecycle	wave	256
1807290	lifecycle	wave	259
1807293	lifecycle	wave	251
1807299	timer	op	182
1807312	lifecycle	wave	250
1807315	lifecycle	wave	252
1807318	lifecycle	wave	253
1808481	timer	op	40
1808484	timer	op	41
1808507	timer	op	73
1808513	timer	op	156
1808523	timer	op	158
1808525	timer	op	159
1809611	timer	op	198
1809621	timer	op	157
1809644	timer	op	69
1809656	timer	op	129
1809658	timer	op	130
1809661	timer	op	23
1809693	lifecycle	wave	254
1809697	lifecycle	wave	257
1810802	timer	op	187
1810805	timer	op	188
1810807	timer	op	189
1810810	timer	op	190
1810817	timer	op	2
1810819	timer	op	3
1810821	timer	op	4
1810823	timer	op	5
1810828	timer	op	27
1810830	timer	op	28
1810833	timer	op	29
1810835	timer	op	30
1810837	timer	op	31
1810839	timer	op	32
1810855	timer	op	77
1810878	timer	op	52
1810882	timer	op	18
1810886	timer	op	85
1810893	timer	op	74
1810895	timer	op	75
1811993	timer	op	22
1812007	timer	op	19
1812009	timer	op	20
1812012	timer	op	9
1812015	timer	op	10
1812017	timer	op	11
1812019	timer	op	12
1812021	timer	op	13
1812032	timer	op	33
1812034	timer	op	34
1812039	timer	op	179
1812041	timer	op	180
1812043	timer	op	181
1812048	timer	op	0
1812050	timer	op	64
1812079	timer	op	35
1812092	heartbeat	tick	732
1813167	timer	op	78
1813170	timer	op	79
1813172	timer	op	80
1813185	timer	op	191
1813187	timer	op	192
1813189	timer	op	193
1813192	timer	op	183
1813202	timer	op	101
1813232	timer	op	162
1813247	timer	op	21
1813279	lifecycle	wave	253
1813283	lifecycle	wave	252
1813286	lifecycle	wave	250
1813289	lifecycle	wave	251
1813292	lifecycle	wave	259
1813302	lifecycle	wave	256
1813305	lifecycle	wave	258
1813308	lifecycle	wave	255
1814458	timer	op	24
1814468	timer	op	6
1814470	timer	op	7
1814472	timer	op	8
1814484	timer	op	160
1814486	timer	op	161
1814497	timer	op	16
1814499	timer	op	17
1814516	lifecycle	wave	257
1814520	lifecycle	wave	254
1815609	timer	op	14
1815611	timer	op	15
1815614	timer	op	178
1816755	timer	op	86
1816840	timer	op	82
1817993	timer	op	76
1819165	lifecycle	wave	255
1819170	lifecycle	wave	258
1819173	lifecycle	wave	256
1819176	lifecycle	wave	259
1819179	lifecycle	wave	251
1819182	lifecycle	wave	250
1819185	lifecycle	wave	252
1819189	lifecycle	wave	253
1819243	timer	op	81
1819327	lifecycle	wave	254
1819331	lifecycle	wave	257
1825120	lifecycle	wave	257
1825126	lifecycle	wave	254
1825129	lifecycle	wave	253
1825132	lifecycle	wave	252
1825135	lifecycle	wave	250
1825138	lifecycle	wave	251
1825142	lifecycle	wave	259
1825145	lifecycle	wave	256
1825148	lifecycle	wave	258
1825151	lifecycle	wave	255
1831057	lifecycle	wave	255
1831062	lifecycle	wave	258
1831065	lifecycle	wave	256
1831068	lifecycle	wave	259
1831071	lifecycle	wave	251
1831075	lifecycle	wave	250
1831078	lifecycle	wave	252
1831081	lifecycle	wave	253
1831084	lifecycle	wave	254
1831087	lifecycle	wave	257
1835775	lifecycle	wave	257
1835780	lifecycle	wave	254
1835783	lifecycle	wave	253
1835786	lifecycle	wave	252
1835789	lifecycle	wave	250
1835792	lifecycle	wave	251
1835795	lifecycle	wave	259
1835799	lifecycle	wave	256
1835802	lifecycle	wave	258
1835805	lifecycle	wave	255
1836990	network	connect	733
1837067	network	connect	734
1837115	network	connect	735
1837161	network	connect	736
1837206	network	connect	737
1837253	network	connect	738
1837301	network	connect	739
1837347	network	connect	740
1837398	network	connect	741
1837444	network	connect	742
1837490	network	connect	743
1837537	network	connect	744
1837582	network	connect	745
1837630	network	connect	746
1837675	network	connect	747
1838093	network	reply	733
1838110	network	reply	734
1838123	network	reply	735
1838135	network	reply	736
1838148	network	reply	737
1838161	network	reply	738
1838173	network	reply	739
1838186	network	reply	740
1838198	network	reply	741
1838211	network	reply	742
1838224	network	reply	743
1838236	network	reply	744
1838249	network	reply	745
1838261	network	reply	746
1838274	network	reply	747
1841008	lifecycle	wave	255
1841014	lifecycle	wave	258
1841018	lifecycle	wave	256
1841021	lifecycle	wave	259
1841024	lifecycle	wave	251
1841027	lifecycle	wave	250
1841030	lifecycle	wave	252
1841034	lifecycle	wave	253
1841037	lifecycle	wave	254
1841040	lifecycle	wave	257
1845638	timer	op	57
1845641	timer	op	58
1845643	timer	op	59
1845743	lifecycle	wave	257
1845747	lifecycle	wave	254
1845750	lifecycle	wave	253
1845753	lifecycle	wave	252
1845756	lifecycle	wave	250
1845759	lifecycle	wave	251
1845763	lifecycle	wave	259
1845766	lifecycle	wave	256
1845769	lifecycle	wave	258
1845772	lifecycle	wave	255
1850359	timer	op	149
1850374	timer	op	173
1850451	lifecycle	wave	255
1850455	lifecycle	wave	258
1850458	lifecycle	wave	256
1850461	lifecycle	wave	259
1850469	lifecycle	wave	251
1850472	lifecycle	wave	250
1850475	lifecycle	wave	252
1850478	lifecycle	wave	253
1850481	lifecycle	wave	254
1850484	lifecycle	wave	257
1851608	timer	op	176
1852741	timer	op	122
1852752	timer	op	133
1852764	timer	op	126
1853913	timer	op	174
1853922	timer	op	103
1853945	timer	op	87
1855056	timer	op	175
1855061	timer	op	89
1855072	timer	op	124
1855143	timer	op	147
1855147	timer	op	60
1855150	timer	op	48
1855152	timer	op	49
1855154	timer	op	50
1855157	timer	op	51
1856239	timer	op	150
1856246	timer	op	127
1856252	timer	op	104
1856291	timer	op	144
1856293	timer	op	145
1856295	timer	op	146
1856299	timer	op	125
1856312	timer	op	66
1856315	timer	op	120
1856325	timer	op	90
1856328	timer	op	105
1856367	lifecycle	wave	257
1856371	lifecycle	wave	254
1856375	lifecycle	wave	253
1856378	lifecycle	wave	252
1856381	lifecycle	wave	250
1856384	lifecycle	wave	251
1856387	lifecycle	wave	259
1856390	lifecycle	wave	256
1856393	lifecycle	wave	258
1856396	lifecycle	wave	255
1857506	timer	op	43
1857509	timer	op	44
1857512	timer	op	172
1857531	timer	op	61
1857533	timer	op	62
1857535	timer	op	63
1857567	timer	op	91
1857570	timer	op	92
1857572	timer	op	65
1857586	timer	op	102
1857591	timer	op	123
1858673	timer	op	46
1858688	timer	op	96
1858694	timer	op	115
1858697	timer	op	116
1858718	timer	op	167
1858721	timer	op	168
1858723	timer	op	169
1858725	timer	op	170
1858727	timer	op	171
1858729	timer	op	107
1858732	timer	op	108
1858734	timer	op	109
1858736	timer	op	110
1858738	timer	op	111
1858741	timer	op	112
1858743	timer	op	113
1858750	timer	op	98
1858752	timer	op	99
1858759	timer	op	97
1858776	timer	op	166
1858785	timer	op	88
1859857	timer	op	184
1859862	timer	op	72
1859879	timer	op	95
1859882	timer	op	25
1859893	timer	op	117
1859914	timer	op	121
1859935	timer	op	131
1859937	timer	op	132
1859939	timer	op	194
1859942	timer	op	195
1859944	timer	op	196
1859946	timer	op	197
1859952	timer	op	45
1859957	timer	op	67
1859959	timer	op	119
1861050	timer	op	118
1861053	timer	op	148
1861066	timer	op	37
1861069	timer	op	138
1861071	timer	op	139
1861074	timer	op	140
1861076	timer	op	141
1861078	timer	op	142
1861080	timer	op	143
1861085	timer	op	128
1861094	timer	op	177
1861127	timer	op	151
1861129	timer	op	135
1861131	timer	op	83
1861134	timer	op	84
1861136	timer	op	163
1861138	timer	op	164
1861140	timer	op	165
1861146	timer	op	26
1861150	timer	op	53
1861152	timer	op	54
1861155	timer	op	55
1861157	timer	op	56
1861196	timer	op	134
1861199	timer	op	1
1861213	timer	op	70
1861216	timer	op	71
1861223	timer	op	47
1861233	timer	op	68
1861244	timer	op	153
1861246	timer	op	154
1861249	timer	op	155
1861257	timer	op	185
1861261	timer	op	186
1861265	timer	op	42
1861268	timer	op	199
1861278	timer	op	93
1861280	timer	op	94
1861304	heartbeat	tick	748
1861307	lifecycle	wave	255
1861311	lifecycle	wave	258
1861314	lifecycle	wave	256
1861317	lifecycle	wave	259
1861320	lifecycle	wave	251
1861324	lifecycle	wave	250
1861327	lifecycle	wave	252
1861330	lifecycle	wave	253
1861333	lifecycle	wave	254
1861336	lifecycle	wave	257
1862479	timer	op	106
1862484	timer	op	100
1862486	timer	op	152
1862488	timer	op	136
1862492	timer	op	114
1862500	timer	op	137
1862512	timer	op	182
1862532	timer	op	73
1862536	timer	op	156
1862546	timer	op	158
1862548	timer	op	159
1862553	timer	op	38
1862555	timer	op	39
1862558	timer	op	36
1863661	timer	op	198
1863704	timer	op	40
1863706	timer	op	41
1864802	timer	op	157
1864822	timer	op	69
1864837	timer	op	129
1864840	timer	op	130
1864842	timer	op	23
1864874	timer	op	52
1864877	timer	op	18
1864884	timer	op	85
1865962	timer	op	74
1865965	timer	op	75
1865980	timer	op	22
1866007	timer	op	187
1866010	timer	op	188
1866012	timer	op	189
1866014	timer	op	190
1866017	timer	op	2
1866020	timer	op	3
1866022	timer	op	4
1866024	timer	op	5
1866029	timer	op	27
1866031	timer	op	28
1866033	timer	op	29
1866036	timer	op	30
1866038	timer	op	31
1866040	timer	op	32
1866057	timer	op	77
1867170	timer	op	19
1867175	timer	op	20
1867178	timer	op	9
1867180	timer	op	10
1867183	timer	op	11
1867185	timer	op	12
1867187	timer	op	13
1867198	timer	op	33
1867200	timer	op	34
1867205	timer	op	179
1867212	timer	op	180
1867215	timer	op	181
1867219	timer	op	0
1867224	timer	op	64
1867249	timer	op	35
1867262	timer	op	21
1867294	lifecycle	wave	257
1867298	lifecycle	wave	254
1867301	lifecycle	wave	253
1867304	lifecycle	wave	252
1867307	lifecycle	wave	250
1867314	lifecycle	wave	251
1867317	lifecycle	wave	259
1867320	lifecycle	wave	256
1867324	lifecycle	wave	258
1867327	lifecycle	wave	255
1868462	timer	op	78
1868465	timer	op	79
1868467	timer	op	80
1868480	timer	op	191
1868482	timer	op	192
1868484	timer	op	193
1868487	timer	op	183
1868497	timer	op	101
1868527	timer	op	162
1869631	timer	op	24
1869642	timer	op	6
1869644	timer	op	7
1869646	timer	op	8
1869658	timer	op	160
1869660	timer	op	161
1869674	timer	op	16
1869676	timer	op	17
1870791	timer	op	86
1870814	timer	op	14
1870816	timer	op	15
1870818	timer	op	178
1871996	timer	op	82
1872010	timer	op	76
1873212	lifecycle	wave	255
1873217	lifecycle	wave	258
1873220	lifecycle	wave	256
1873223	lifecycle	wave	259
1873226	lifecycle	wave	251
1873292	lifecycle	wave	250
1873296	lifecycle	wave	252
1873299	lifecycle	wave	253
1873303	lifecycle	wave	254
1873306	lifecycle	wave	257
1874451	timer	op	81
1877942	coop	yield	210
1877945	coop	yield	211
1877947	coop	yield	212
1877949	coop	yield	213
1877951	coop	yield	214
1877953	coop	yield	215
1877955	coop	yield	216
1877957	coop	yield	217
1877959	coop	yield	218
1877961	coop	yield	219
1877963	coop	yield	220
1877965	coop	yield	221
1877967	coop	yield	222
1877969	coop	yield	223
1877971	coop	yield	224
1877973	coop	yield	225
1877975	coop	yield	226
1877977	coop	yield	227
1877979	coop	yield	228
1877981	coop	yield	229
1877983	coop	yield	230
1877985	coop	yield	231
1877987	coop	yield	232
1877989	coop	yield	233
1877991	coop	yield	234
1877993	coop	yield	235
1877995	coop	yield	236
1877997	coop	yield	237
1877999	coop	yield	238
1878001	coop	yield	239
1878003	coop	yield	240
1878005	coop	yield	241
1878007	coop	yield	242
1878009	coop	yield	243
1878011	coop	yield	244
1878013	coop	yield	245
1878015	coop	yield	246
1878017	coop	yield	247
1878019	coop	yield	248
1878021	coop	yield	249
1878023	coop	yield	206
1878025	coop	yield	207
1878027	coop	yield	208
1879218	lifecycle	wave	257
1879223	lifecycle	wave	254
1879226	lifecycle	wave	253
1879229	lifecycle	wave	252
1879232	lifecycle	wave	250
1879288	lifecycle	wave	251
1879292	lifecycle	wave	259
1879296	lifecycle	wave	256
1879299	lifecycle	wave	258
1879302	lifecycle	wave	255
1880490	coop	yield	209
1880493	coop	yield	200
1880495	coop	yield	201
1880497	coop	yield	202
1880499	coop	yield	203
1880501	coop	yield	204
1880503	coop	yield	205
1885134	lifecycle	wave	255
1885139	lifecycle	wave	258
1885142	lifecycle	wave	256
1885145	lifecycle	wave	259
1885148	lifecycle	wave	251
1885152	lifecycle	wave	250
1885155	lifecycle	wave	252
1885158	lifecycle	wave	253
1885161	lifecycle	wave	254
1885164	lifecycle	wave	257
1891083	lifecycle	wave	257
1891088	lifecycle	wave	254
1891092	lifecycle	wave	253
1891095	lifecycle	wave	252
1891098	lifecycle	wave	250
1891101	lifecycle	wave	251
1891104	lifecycle	wave	259
1891107	lifecycle	wave	256
1891111	lifecycle	wave	258
1891114	lifecycle	wave	255
1895807	lifecycle	wave	255
1895812	lifecycle	wave	258
1895815	lifecycle	wave	256
1895818	lifecycle	wave	259
1895821	lifecycle	wave	251
1895825	lifecycle	wave	250
1895828	lifecycle	wave	252
1895831	lifecycle	wave	253
1895834	lifecycle	wave	254
1895837	lifecycle	wave	257
1899318	network	connect	749
1899396	network	connect	750
1899445	network	connect	751
1899491	network	connect	752
1899536	network	connect	753
1899625	network	connect	754
1899674	network	connect	755
1899720	network	connect	756
1899765	network	connect	757
1899811	network	connect	758
1899856	network	connect	759
1899902	network	connect	760
1899950	network	connect	761
1899996	network	connect	762
1900041	network	connect	763
1900211	network	reply	749
1900227	network	reply	750
1900240	network	reply	751
1900253	network	reply	752
1900266	network	reply	753
1900526	network	reply	754
1900540	network	reply	755
1900553	network	reply	756
1900566	network	reply	757
1900578	network	reply	758
1900591	network	reply	759
1900608	network	reply	760
1900621	network	reply	761
1900636	network	reply	762
1900651	network	reply	763
1900951	lifecycle	wave	257
1900957	lifecycle	wave	254
1900961	lifecycle	wave	253
1900964	lifecycle	wave	252
1900967	lifecycle	wave	250
1900971	lifecycle	wave	251
1900974	lifecycle	wave	259
1900977	lifecycle	wave	256
1900980	lifecycle	wave	258
1900984	lifecycle	wave	255
1902180	timer	op	57
1902183	timer	op	58
1902186	timer	op	59
1904518	timer	op	173
1905759	lifecycle	wave	255
1905764	lifecycle	wave	258
1905767	lifecycle	wave	256
1905770	lifecycle	wave	259
1905773	lifecycle	wave	251
1905776	lifecycle	wave	250
1905779	lifecycle	wave	252
1905782	lifecycle	wave	253
1905786	lifecycle	wave	254
1905789	lifecycle	wave	257
1906903	timer	op	149
1906912	timer	op	133
1906927	timer	op	126
1908066	timer	op	176
1908119	timer	op	174
1909204	timer	op	122
1909212	timer	op	60
1909214	timer	op	48
1909217	timer	op	49
1909219	timer	op	50
1909221	timer	op	51
1909234	timer	op	124
1909289	timer	op	87
1910409	timer	op	103
1910441	timer	op	144
1910445	timer	op	145
1910447	timer	op	146
1910451	timer	op	125
1910462	timer	op	66
1910465	timer	op	120
1910476	timer	op	90
1910478	timer	op	150
1910506	lifecycle	wave	257
1910510	lifecycle	wave	254
1910514	lifecycle	wave	253
1910517	lifecycle	wave	252
1910520	lifecycle	wave	250
1910523	lifecycle	wave	251
1910526	lifecycle	wave	259
1910530	lifecycle	wave	256
1910533	lifecycle	wave	258
1910536	lifecycle	wave	255
1911645	timer	op	105
1911649	timer	op	175
1911653	timer	op	89
1911667	timer	op	43
1911669	timer	op	44
1911673	timer	op	172
1911686	timer	op	61
1911689	timer	op	62
1911691	timer	op	63
1911734	timer	op	147
1911744	heartbeat	tick	764
1912824	timer	op	127
1912830	timer	op	104
1912856	timer	op	167
1912859	timer	op	168
1912861	timer	op	169
1912863	timer	op	170
1912865	timer	op	171
1912867	timer	op	107
1912870	timer	op	108
1912872	timer	op	109
1912874	timer	op	110
1912876	timer	op	111
1912879	timer	op	112
1912881	timer	op	113
1912887	timer	op	98
1912890	timer	op	99
1912898	timer	op	97
1914012	timer	op	166
1914023	timer	op	67
1914025	timer	op	119
1914038	timer	op	95
1914041	timer	op	25
1914050	timer	op	117
1914075	timer	op	91
1914077	timer	op	92
1914080	timer	op	65
1914094	timer	op	102
1914099	timer	op	123
1915181	timer	op	121
1915185	timer	op	46
1915200	timer	op	96
1915208	timer	op	115
1915211	timer	op	116
1915237	timer	op	151
1915240	timer	op	135
1915242	timer	op	83
1915244	timer	op	84
1915246	timer	op	163
1915249	timer	op	164
1915251	timer	op	165
1915257	timer	op	26
1915261	timer	op	53
1915263	timer	op	54
1915265	timer	op	55
1915267	timer	op	56
1915280	timer	op	118
1915283	timer	op	148
1915290	timer	op	88
1915334	lifecycle	wave	255
1915338	lifecycle	wave	258
1915341	lifecycle	wave	256
1915344	lifecycle	wave	259
1915347	lifecycle	wave	251
1915350	lifecycle	wave	250
1915353	lifecycle	wave	252
1915356	lifecycle	wave	253
1915359	lifecycle	wave	254
1915363	lifecycle	wave	257
1916471	timer	op	184
1916478	timer	op	72
1916490	timer	op	134
1916493	timer	op	1
1916508	timer	op	70
1916510	timer	op	71
1916515	timer	op	47
1916525	timer	op	68
1916551	timer	op	131
1916553	timer	op	132
1916555	timer	op	194
1916558	timer	op	195
1916560	timer	op	196
1916562	timer	op	197
1916568	timer	op	45
1917647	timer	op	153
1917650	timer	op	154
1917652	timer	op	155
1917665	timer	op	37
1917668	timer	op	138
1917672	timer	op	139
1917675	timer	op	140
1917677	timer	op	141
1917679	timer	op	142
1917681	timer	op	143
1917684	timer	op	128
1917694	timer	op	177
1917700	timer	op	100
1917702	timer	op	152
1917704	timer	op	136
1917707	timer	op	114
1917716	timer	op	137
1917728	timer	op	182
1917734	timer	op	73
1917740	timer	op	156
1918833	timer	op	158
1918836	timer	op	159
1918840	timer	op	38
1918843	timer	op	39
1918845	timer	op	36
1918858	timer	op	198
1918908	timer	op	185
1918910	timer	op	186
1918914	timer	op	42
1918917	timer	op	199
1918931	timer	op	93
1918933	timer	op	94
1918944	timer	op	106
1920093	timer	op	52
1920097	timer	op	18
1920104	timer	op	157
1921199	timer	op	85
1921218	timer	op	22
1921250	timer	op	187
1921252	timer	op	188
1921254	timer	op	189
1921260	timer	op	190
1921271	timer	op	40
1921273	timer	op	41
1921296	timer	op	129
1921298	timer	op	130
1921300	timer	op	23
1921324	lifecycle	wave	257
1921328	lifecycle	wave	254
1921331	lifecycle	wave	253
1921334	lifecycle	wave	252
1921337	lifecycle	wave	250
1921340	lifecycle	wave	251
1921344	lifecycle	wave	259
1921347	lifecycle	wave	256
1921350	lifecycle	wave	258
1921353	lifecycle	wave	255
1922474	timer	op	2
1922479	timer	op	3
1922483	timer	op	4
1922488	timer	op	5
1922545	timer	op	69
1922583	timer	op	35
1922621	timer	op	21
1922654	timer	op	74
1922660	timer	op	75
1923770	timer	op	78
1923772	timer	op	79
1923775	timer	op	80
1923787	timer	op	191
1923789	timer	op	192
1923792	timer	op	193
1923795	timer	op	183
1923802	timer	op	101
1923812	timer	op	27
1923815	timer	op	28
1923817	timer	op	29
1923819	timer	op	30
1923821	timer	op	31
1923824	timer	op	32
1923833	timer	op	77
1924930	timer	op	19
1924932	timer	op	20
1924937	timer	op	9
1924940	timer	op	10
1924942	timer	op	11
1924944	timer	op	12
1924946	timer	op	13
1924957	timer	op	33
1924959	timer	op	34
1924964	timer	op	179
1924966	timer	op	180
1924968	timer	op	181
1924973	timer	op	0
1924975	timer	op	64
1924984	timer	op	160
1924987	timer	op	161
1924999	timer	op	16
1925001	timer	op	17
1926133	timer	op	86
1926156	timer	op	14
1926159	timer	op	15
1926161	timer	op	178
1926192	timer	op	162
1926198	timer	op	6
1926201	timer	op	7
1926203	timer	op	8
1926244	timer	op	82
1926256	timer	op	76
1926285	lifecycle	wave	255
1926289	lifecycle	wave	258
1926293	lifecycle	wave	256
1926296	lifecycle	wave	259
1926299	lifecycle	wave	251
1926302	lifecycle	wave	250
1926305	lifecycle	wave	252
1926308	lifecycle	wave	253
1926312	lifecycle	wave	254
1926315	lifecycle	wave	257
1927503	timer	op	24
1929787	timer	op	81
1932149	lifecycle	wave	257
1932154	lifecycle	wave	254
1932157	lifecycle	wave	253
1932160	lifecycle	wave	252
1932163	lifecycle	wave	250
1932167	lifecycle	wave	251
1932170	lifecycle	wave	259
1932173	lifecycle	wave	256
1932176	lifecycle	wave	258
1932179	lifecycle	wave	255
1938096	lifecycle	wave	255
1938101	lifecycle	wave	258
1938104	lifecycle	wave	256
1938107	lifecycle	wave	259
1938110	lifecycle	wave	251
1938114	lifecycle	wave	250
1938117	lifecycle	wave	252
1938120	lifecycle	wave	253
1938123	lifecycle	wave	254
1938126	lifecycle	wave	257
1942806	lifecycle	wave	257
1942811	lifecycle	wave	254
1942814	lifecycle	wave	253
1942818	lifecycle	wave	252
1942821	lifecycle	wave	250
1942824	lifecycle	wave	251
1942827	lifecycle	wave	259
1942830	lifecycle	wave	256
1942833	lifecycle	wave	258
1942837	lifecycle	wave	255
1947493	lifecycle	wave	255
1947498	lifecycle	wave	258
1947501	lifecycle	wave	256
1947505	lifecycle	wave	259
1947508	lifecycle	wave	251
1947511	lifecycle	wave	250
1947514	lifecycle	wave	252
1947517	lifecycle	wave	253
1947520	lifecycle	wave	254
1947523	lifecycle	wave	257
1952284	lifecycle	wave	257
1952289	lifecycle	wave	254
1952292	lifecycle	wave	253
1952295	lifecycle	wave	252
1952298	lifecycle	wave	250
1952302	lifecycle	wave	251
1952305	lifecycle	wave	259
1952315	lifecycle	wave	256
1952318	lifecycle	wave	258
1952322	lifecycle	wave	255
1958044	timer	op	57
1958048	timer	op	58
1958050	timer	op	59
1958133	lifecycle	wave	255
1958137	lifecycle	wave	258
1958140	lifecycle	wave	256
1958144	lifecycle	wave	259
1958147	lifecycle	wave	251
1958150	lifecycle	wave	250
1958153	lifecycle	wave	252
1958156	lifecycle	wave	253
1958159	lifecycle	wave	254
1958163	lifecycle	wave	257
1959409	timer	op	173
1960625	network	connect	765
1960700	network	connect	766
1960748	network	connect	767
1960797	network	connect	768
1960846	network	connect	769
1960892	network	connect	770
1960938	network	connect	771
1960984	network	connect	772
1961030	network	connect	773
1961076	network	connect	774
1961121	network	connect	775
1961167	network	connect	776
1961214	network	connect	777
1961260	network	connect	778
1961305	network	connect	779
1961453	timer	op	149
1961471	timer	op	133
1961482	timer	op	126
1961549	heartbeat	tick	780
1961745	network	reply	765
1961761	network	reply	766
1961774	network	reply	767
1961786	network	reply	768
1961799	network	reply	769
1961811	network	reply	770
1961828	network	reply	771
1961841	network	reply	772
1961853	network	reply	773
1961866	network	reply	774
1961878	network	reply	775
1961891	network	reply	776
1961904	network	reply	777
1961916	network	reply	778
1961928	network	reply	779
1962329	timer	op	174
1963417	timer	op	122
1963429	timer	op	60
1963432	timer	op	48
1963434	timer	op	49
1963436	timer	op	50
1963438	timer	op	51
1963449	timer	op	124
1963490	timer	op	176
1963520	lifecycle	wave	257
1963525	lifecycle	wave	254
1963528	lifecycle	wave	253
1963532	lifecycle	wave	252
1963535	lifecycle	wave	250
1963538	lifecycle	wave	251
1963542	lifecycle	wave	259
1963546	lifecycle	wave	256
1963550	lifecycle	wave	258
1963553	lifecycle	wave	255
1964711	timer	op	87
1964724	timer	op	144
1964726	timer	op	145
1964729	timer	op	146
1964732	timer	op	125
1964747	timer	op	66
1964750	timer	op	120
1964759	timer	op	90
1964761	timer	op	150
1965861	timer	op	105
1965865	timer	op	175
1965869	timer	op	89
1965879	timer	op	43
1965881	timer	op	44
1965885	timer	op	172
1965901	timer	op	61
1965903	timer	op	62
1965905	timer	op	63
1965930	timer	op	103
1967055	timer	op	147
1967065	timer	op	167
1967067	timer	op	168
1967069	timer	op	169
1967072	timer	op	170
1967074	timer	op	171
1967076	timer	op	107
1967078	timer	op	108
1967081	timer	op	109
1967083	timer	op	110
1967085	timer	op	111
1967087	timer	op	112
1967089	timer	op	113
1967098	timer	op	98
1967101	timer	op	99
1967107	timer	op	97
1968223	timer	op	166
1968238	timer	op	67
1968240	timer	op	119
1968252	timer	op	95
1968255	timer	op	25
1968267	timer	op	117
1968291	timer	op	127
1968299	timer	op	104
1968328	lifecycle	wave	255
1968333	lifecycle	wave	258
1968336	lifecycle	wave	256
1968339	lifecycle	wave	259
1968342	lifecycle	wave	251
1968346	lifecycle	wave	250
1968349	lifecycle	wave	252
1968352	lifecycle	wave	253
1968356	lifecycle	wave	254
1968359	lifecycle	wave	257
1969487	timer	op	91
1969489	timer	op	92
1969492	timer	op	65
1969506	timer	op	102
1969511	timer	op	123
1969537	timer	op	151
1969540	timer	op	135
1969542	timer	op	83
1969544	timer	op	84
1969546	timer	op	163
1969549	timer	op	164
1969551	timer	op	165
1969558	timer	op	26
1969562	timer	op	53
1969565	timer	op	54
1969567	timer	op	55
1969569	timer	op	56
1969578	timer	op	118
1969581	timer	op	148
1969588	timer	op	88
1970662	timer	op	184
1970667	timer	op	72
1970676	timer	op	134
1970679	timer	op	1
1970697	timer	op	70
1970699	timer	op	71
1970705	timer	op	47
1970718	timer	op	68
1970724	timer	op	121
1970727	timer	op	46
1970744	timer	op	96
1970753	timer	op	115
1970755	timer	op	116
1971852	timer	op	131
1971855	timer	op	132
1971857	timer	op	194
1971860	timer	op	195
1971864	timer	op	196
1971866	timer	op	197
1971872	timer	op	45
1971885	timer	op	137
1971901	timer	op	182
1971907	timer	op	73
1971911	timer	op	156
1971933	coop	yield	210
1971935	coop	yield	211
1971937	coop	yield	212
1971939	coop	yield	213
1971941	coop	yield	214
1971943	coop	yield	215
1971945	coop	yield	216
1971947	coop	yield	217
1971949	coop	yield	218
1971951	coop	yield	219
1971953	coop	yield	220
1971955	coop	yield	221
1971957	coop	yield	222
1971959	coop	yield	223
1971961	coop	yield	224
1971963	coop	yield	225
1971965	coop	yield	226
1971967	coop	yield	227
1971969	coop	yield	228
1971971	coop	yield	229
1971973	coop	yield	230
1971975	coop	yield	231
1971977	coop	yield	232
1971979	coop	yield	233
1971981	coop	yield	234
1971983	coop	yield	235
1971985	coop	yield	236
1971987	coop	yield	237
1971989	coop	yield	238
1971991	coop	yield	239
1971993	coop	yield	240
1971995	coop	yield	241
1971997	coop	yield	242
1971999	coop	yield	243
1972001	coop	yield	244
1972003	coop	yield	245
1972005	coop	yield	246
1972006	coop	yield	247
1972008	coop	yield	248
1972010	coop	yield	249
1972013	coop	yield	206
1972015	coop	yield	207
1972017	coop	yield	208
1973096	timer	op	158
1973098	timer	op	159
1973105	timer	op	38
1973107	timer	op	39
1973110	timer	op	36
1973125	timer	op	198
1973155	timer	op	153
1973157	timer	op	154
1973159	timer	op	155
1973188	timer	op	37
1973190	timer	op	138
1973193	timer	op	139
1973195	timer	op	140
1973197	timer	op	141
1973199	timer	op	142
1973202	timer	op	143
1973205	timer	op	128
1973217	timer	op	177
1973248	timer	op	106
1973280	timer	op	52
1973284	timer	op	18
1973292	timer	op	157
1973313	lifecycle	wave	257
1973317	lifecycle	wave	254
1973320	lifecycle	wave	253
1973323	lifecycle	wave	252
1973327	lifecycle	wave	250
1973330	lifecycle	wave	251
1973333	lifecycle	wave	259
1973336	lifecycle	wave	256
1973339	lifecycle	wave	258
1973342	lifecycle	wave	255
1974450	timer	op	85
1974475	timer	op	22
1974512	timer	op	100
1974514	timer	op	152
1974516	timer	op	136
1974518	timer	op	114
1974529	timer	op	185
1974531	timer	op	186
1974535	timer	op	42
1974538	timer	op	199
1974548	timer	op	93
1974551	timer	op	94
1974555	coop	yield	209
1974557	coop	yield	200
1974560	coop	yield	201
1974562	coop	yield	202
1974564	coop	yield	203
1974566	coop	yield	204
1974568	coop	yield	205
1975683	timer	op	129
1975686	timer	op	130
1975688	timer	op	23
1975700	timer	op	35
1975718	timer	op	21
1975733	timer	op	74
1975735	timer	op	75
1976833	timer	op	78
1976835	timer	op	79
1976837	timer	op	80
1976847	timer	op	191
1976850	timer	op	192
1976852	timer	op	193
1976860	timer	op	183
1976869	timer	op	2
1976871	timer	op	3
1976873	timer	op	4
1976875	timer	op	5
1976885	timer	op	188
1976887	timer	op	189
1976891	timer	op	190
1976900	timer	op	40
1976902	timer	op	41
1978003	timer	op	69
1978016	timer	op	187
1978036	timer	op	16
1978038	timer	op	17
1979178	timer	op	86
1979201	timer	op	14
1979204	timer	op	15
1979206	timer	op	178
1979223	timer	op	19
1979225	timer	op	20
1979229	timer	op	9
1979234	timer	op	27
1979236	timer	op	28
1979239	timer	op	29
1979241	timer	op	30
1979243	timer	op	31
1979245	timer	op	32
1979255	timer	op	77
1979282	lifecycle	wave	255
1979286	lifecycle	wave	258
1979290	lifecycle	wave	256
1979293	lifecycle	wave	259
1979296	lifecycle	wave	251
1979304	lifecycle	wave	250
1979307	lifecycle	wave	252
1979310	lifecycle	wave	253
1979313	lifecycle	wave	254
1979317	lifecycle	wave	257
1980432	timer	op	10
1980434	timer	op	11
1980437	timer	op	12
1980441	timer	op	13
1980450	timer	op	33
1980452	timer	op	34
1980461	timer	op	179
1980463	timer	op	180
1980465	timer	op	181
1980470	timer	op	0
1980472	timer	op	64
1980480	timer	op	101
1980488	timer	op	6
1980491	timer	op	7
1980493	timer	op	8
1980516	timer	op	82
1980543	timer	op	76
1981684	timer	op	160
1981686	timer	op	161
1981707	timer	op	162
1982803	timer	op	24
1983970	timer	op	81
1985202	lifecycle	wave	257
1985206	lifecycle	wave	254
1985210	lifecycle	wave	253
1985213	lifecycle	wave	252
1985216	lifecycle	wave	250
1985292	lifecycle	wave	251
1985296	lifecycle	wave	259
1985300	lifecycle	wave	256
1985303	lifecycle	wave	258
1985306	lifecycle	wave	255
1991123	lifecycle	wave	255
1991128	lifecycle	wave	258
1991131	lifecycle	wave	256
1991135	lifecycle	wave	259
1991138	lifecycle	wave	251
1991141	lifecycle	wave	250
1991144	lifecycle	wave	252
1991147	lifecycle	wave	253
1991150	lifecycle	wave	254
1991154	lifecycle	wave	257
1997066	lifecycle	wave	257
1997071	lifecycle	wave	254
1997075	lifecycle	wave	253
1997078	lifecycle	wave	252
1997081	lifecycle	wave	250
1997084	lifecycle	wave	251
1997087	lifecycle	wave	259
1997090	lifecycle	wave	256
1997094	lifecycle	wave	258
1997097	lifecycle	wave	255
2001854	lifecycle	wave	255
2001859	lifecycle	wave	258
2001862	lifecycle	wave	256
2001866	lifecycle	wave	259
2001869	lifecycle	wave	251
2001872	lifecycle	wave	250
2001875	lifecycle	wave	252
2001878	lifecycle	wave	253
2001881	lifecycle	wave	254
2001885	lifecycle	wave	257
2006589	lifecycle	wave	257
2006594	lifecycle	wave	254
2006597	lifecycle	wave	253
2006600	lifecycle	wave	252
2006603	lifecycle	wave	250
2006607	lifecycle	wave	251
2006610	lifecycle	wave	259
2006613	lifecycle	wave	256
2006616	lifecycle	wave	258
2006619	lifecycle	wave	255
2011284	heartbeat	tick	781
2011298	lifecycle	wave	255
2011302	lifecycle	wave	258
2011305	lifecycle	wave	256
2011308	lifecycle	wave	259
2011311	lifecycle	wave	251
2011314	lifecycle	wave	250
2011318	lifecycle	wave	252
2011321	lifecycle	wave	253
2011324	lifecycle	wave	254
2011327	lifecycle	wave	257
2013626	timer	op	57
2013629	timer	op	58
2013631	timer	op	59
2014795	timer	op	173
2017061	timer	op	122
2017113	timer	op	126
2017154	lifecycle	wave	257
2017159	lifecycle	wave	254
2017162	lifecycle	wave	253
2017165	lifecycle	wave	252
2017168	lifecycle	wave	250
2017171	lifecycle	wave	251
2017174	lifecycle	wave	259
2017178	lifecycle	wave	256
2017181	lifecycle	wave	258
2017184	lifecycle	wave	255
2017249	timer	op	149
2017256	timer	op	133
2018404	timer	op	105
2018410	timer	op	175
2018422	timer	op	176
2018450	timer	op	174
2018463	timer	op	124
2019562	timer	op	87
2019577	timer	op	144
2019580	timer	op	145
2019586	timer	op	146
2019590	timer	op	125
2019600	timer	op	66
2019603	timer	op	120
2019615	timer	op	60
2019618	timer	op	48
2019620	timer	op	49
2019622	timer	op	50
2019624	timer	op	51
2020746	timer	op	166
2020757	timer	op	103
2020784	timer	op	147
2020791	timer	op	90
2020793	timer	op	150
2020800	timer	op	172
2020816	timer	op	61
2020818	timer	op	62
2020820	timer	op	63
2021933	timer	op	167
2021936	timer	op	168
2021938	timer	op	169
2021940	timer	op	170
2021942	timer	op	171
2021945	timer	op	107
2021947	timer	op	108
2021949	timer	op	109
2021951	timer	op	110
2021954	timer	op	111
2021956	timer	op	112
2021958	timer	op	113
2021965	timer	op	98
2021967	timer	op	99
2021974	timer	op	97
2021988	timer	op	89
2021998	timer	op	43
2022000	timer	op	44
2022005	timer	op	127
2022037	timer	op	88
2022045	network	connect	782
2022120	network	connect	783
2022169	network	connect	784
2022215	network	connect	785
2022260	network	connect	786
2022309	network	connect	787
2022358	network	connect	788
2022403	network	connect	789
2022450	network	connect	790
2022495	network	connect	791
2022541	network	connect	792
2022586	network	connect	793
2022632	network	connect	794
2022677	network	connect	795
2022723	network	connect	796
2022871	timer	op	184
2022877	timer	op	72
2022882	timer	op	104
2022913	timer	op	123
2022933	timer	op	95
2022936	timer	op	25
2022947	timer	op	117
2023187	lifecycle	wave	255
2023193	lifecycle	wave	258
2023196	lifecycle	wave	256
2023200	lifecycle	wave	259
2023203	lifecycle	wave	251
2023206	lifecycle	wave	250
2023209	lifecycle	wave	252
2023212	lifecycle	wave	253
2023216	lifecycle	wave	254
2023219	lifecycle	wave	257
2023262	network	reply	782
2023279	network	reply	783
2023292	network	reply	784
2023305	network	reply	785
2023317	network	reply	786
2023330	network	reply	787
2023342	network	reply	788
2023355	network	reply	789
2023368	network	reply	790
2023381	network	reply	791
2023393	network	reply	792
2023406	network	reply	793
2023418	network	reply	794
2023431	network	reply	795
2023444	network	reply	796
2023478	timer	op	151
2023481	timer	op	135
2023483	timer	op	83
2023485	timer	op	84
2023488	timer	op	163
2023490	timer	op	164
2023492	timer	op	165
2023498	timer	op	26
2023502	timer	op	53
2023504	timer	op	54
2023507	timer	op	55
2023509	timer	op	56
2023514	timer	op	67
2023517	timer	op	119
2023535	timer	op	46
2023546	timer	op	91
2023549	timer	op	92
2023551	timer	op	65
2023566	timer	op	102
2024978	timer	op	158
2024982	timer	op	159
2024987	timer	op	38
2024989	timer	op	39
2024992	timer	op	36
2025006	timer	op	96
2025013	timer	op	115
2025015	timer	op	116
2025029	timer	op	45
2025038	timer	op	118
2025041	timer	op	148
2025046	timer	op	1
2025061	timer	op	70
2025064	timer	op	71
2025071	timer	op	47
2025081	timer	op	68
2025087	timer	op	121
2026167	timer	op	137
2026181	timer	op	182
2026187	timer	op	73
2026191	timer	op	156
2026209	timer	op	134
2026235	timer	op	131
2026237	timer	op	132
2026239	timer	op	194
2026241	timer	op	195
2026244	timer	op	196
2026246	timer	op	197
2026274	timer	op	153
2026276	timer	op	154
2026279	timer	op	155
2027370	timer	op	106
2027382	timer	op	85
2027406	timer	op	37
2027409	timer	op	138
2027411	timer	op	139
2027413	timer	op	140
2027415	timer	op	141
2027418	timer	op	142
2027420	timer	op	143
2027423	timer	op	128
2027433	timer	op	177
2027459	timer	op	198
2028576	timer	op	52
2028594	timer	op	100
2028596	timer	op	152
2028598	timer	op	136
2028600	timer	op	114
2028611	timer	op	185
2028614	timer	op	186
2028618	timer	op	42
2028620	timer	op	199
2028630	timer	op	93
2028633	timer	op	94
2028638	timer	op	74
2028640	timer	op	75
2028671	lifecycle	wave	257
2028676	lifecycle	wave	254
2028679	lifecycle	wave	253
2028686	lifecycle	wave	252
2028690	lifecycle	wave	250
2028693	lifecycle	wave	251
2028696	lifecycle	wave	259
2028699	lifecycle	wave	256
2028702	lifecycle	wave	258
2028706	lifecycle	wave	255
2029816	timer	op	129
2029819	timer	op	130
2029821	timer	op	23
2029869	timer	op	18
2029876	timer	op	157
2029885	timer	op	22
2030991	timer	op	35
2031012	timer	op	21
2031036	timer	op	188
2031038	timer	op	189
2031041	timer	op	190
2031049	timer	op	40
2031051	timer	op	41
2031080	timer	op	2
2031082	timer	op	3
2031084	timer	op	4
2031086	timer	op	5
2032194	timer	op	69
2032203	timer	op	187
2032228	timer	op	78
2032230	timer	op	79
2032233	timer	op	80
2032245	timer	op	191
2032247	timer	op	192
2032250	timer	op	193
2032255	timer	op	183
2033361	timer	op	8
2033381	timer	op	16
2033383	timer	op	17
2033410	timer	op	19
2033412	timer	op	20
2033415	timer	op	9
2033423	timer	op	27
2033426	timer	op	28
2033428	timer	op	29
2033430	timer	op	30
2033432	timer	op	31
2033434	timer	op	32
2033446	timer	op	77
2033476	lifecycle	wave	255
2033480	lifecycle	wave	258
2033484	lifecycle	wave	256
2033487	lifecycle	wave	259
2033490	lifecycle	wave	251
2033493	lifecycle	wave	250
2033496	lifecycle	wave	252
2033500	lifecycle	wave	253
2033503	lifecycle	wave	254
2033506	lifecycle	wave	257
2034621	timer	op	10
2034623	timer	op	11
2034625	timer	op	12
2034628	timer	op	13
2034642	timer	op	33
2034645	timer	op	34
2034649	timer	op	179
2034651	timer	op	180
2034654	timer	op	181
2034658	timer	op	0
2034661	timer	op	64
2034666	timer	op	101
2034675	timer	op	6
2034678	timer	op	7
2034709	timer	op	14
2034712	timer	op	15
2034714	timer	op	178
2035829	timer	op	82
2035854	timer	op	86
2035861	timer	op	160
2035864	timer	op	161
2035884	timer	op	162
2037000	timer	op	24
2037018	timer	op	76
2037056	timer	op	81
2038279	lifecycle	wave	257
2038284	lifecycle	wave	254
2038287	lifecycle	wave	253
2038299	lifecycle	wave	252
2038303	lifecycle	wave	250
2038306	lifecycle	wave	251
2038309	lifecycle	wave	259
2038312	lifecycle	wave	256
2038316	lifecycle	wave	258
2038319	lifecycle	wave	255
2044123	lifecycle	wave	255
2044128	lifecycle	wave	258
2044131	lifecycle	wave	256
2044134	lifecycle	wave	259
2044138	lifecycle	wave	251
2044141	lifecycle	wave	250
2044144	lifecycle	wave	252
2044147	lifecycle	wave	253
2044150	lifecycle	wave	254
2044153	lifecycle	wave	257
2050060	lifecycle	wave	257
2050065	lifecycle	wave	254
2050068	lifecycle	wave	253
2050072	lifecycle	wave	252
2050075	lifecycle	wave	250
2050078	lifecycle	wave	251
2050081	lifecycle	wave	259
2050084	lifecycle	wave	256
2050088	lifecycle	wave	258
2050091	lifecycle	wave	255
2054775	lifecycle	wave	255
2054781	lifecycle	wave	258
2054784	lifecycle	wave	256
2054787	lifecycle	wave	259
2054790	lifecycle	wave	251
2054793	lifecycle	wave	250
2054796	lifecycle	wave	252
2054800	lifecycle	wave	253
2054803	lifecycle	wave	254
2054806	lifecycle	wave	257
2059469	lifecycle	wave	257
2059474	lifecycle	wave	254
2059477	lifecycle	wave	253
2059480	lifecycle	wave	252
2059483	lifecycle	wave	250
2059486	lifecycle	wave	251
2059490	lifecycle	wave	259
2059493	lifecycle	wave	256
2059496	lifecycle	wave	258
2059499	lifecycle	wave	255
2061838	heartbeat	tick	797
2065292	coop	yield	210
2065295	coop	yield	211
2065297	coop	yield	212
2065299	coop	yield	213
2065301	coop	yield	214
2065303	coop	yield	215
2065305	coop	yield	216
2065307	coop	yield	217
2065309	coop	yield	218
2065311	coop	yield	219
2065313	coop	yield	220
2065315	coop	yield	221
2065317	coop	yield	222
2065319	coop	yield	223
2065321	coop	yield	224
2065323	coop	yield	225
2065325	coop	yield	226
2065327	coop	yield	227
2065329	coop	yield	228
2065331	coop	yield	229
2065333	coop	yield	230
2065335	coop	yield	231
2065337	coop	yield	232
2065339	coop	yield	233
2065342	coop	yield	234
2065343	coop	yield	235
2065345	coop	yield	236
2065347	coop	yield	237
2065349	coop	yield	238
2065351	coop	yield	239
2065353	coop	yield	240
2065355	coop	yield	241
2065357	coop	yield	242
2065360	coop	yield	243
2065362	coop	yield	244
2065364	coop	yield	245
2065366	coop	yield	246
2065368	coop	yield	247
2065370	coop	yield	248
2065372	coop	yield	249
2065374	coop	yield	206
2065376	coop	yield	207
2065382	coop	yield	208
2065410	lifecycle	wave	255
2065414	lifecycle	wave	258
2065417	lifecycle	wave	256
2065420	lifecycle	wave	259
2065423	lifecycle	wave	251
2065427	lifecycle	wave	250
2065430	lifecycle	wave	252
2065433	lifecycle	wave	253
2065436	lifecycle	wave	254
2065439	lifecycle	wave	257
2068997	timer	op	57
2069000	timer	op	58
2069002	timer	op	59
2069049	coop	yield	209
2069052	coop	yield	200
2069054	coop	yield	201
2069056	coop	yield	202
2069058	coop	yield	203
2069060	coop	yield	204
2069062	coop	yield	205
2070195	timer	op	173
2070276	lifecycle	wave	257
2070281	lifecycle	wave	254
2070284	lifecycle	wave	253
2070287	lifecycle	wave	252
2070290	lifecycle	wave	250
2070293	lifecycle	wave	251
2070296	lifecycle	wave	259
2070299	lifecycle	wave	256
2070302	lifecycle	wave	258
2070306	lifecycle	wave	255
2072598	timer	op	126
2073719	timer	op	133
2073749	timer	op	87
2073782	timer	op	149
2073793	timer	op	122
2074886	timer	op	174
2074897	timer	op	124
2074928	timer	op	176
2076082	timer	op	167
2076084	timer	op	168
2076087	timer	op	169
2076089	timer	op	170
2076091	timer	op	171
2076093	timer	op	107
2076098	timer	op	108
2076100	timer	op	109
2076102	timer	op	110
2076104	timer	op	111
2076109	timer	op	144
2076111	timer	op	145
2076113	timer	op	146
2076117	timer	op	125
2076139	timer	op	66
2076142	timer	op	120
2076152	timer	op	60
2076155	timer	op	48
2076157	timer	op	49
2076159	timer	op	50
2076161	timer	op	51
2076166	timer	op	105
2076177	timer	op	175
2076206	lifecycle	wave	255
2076210	lifecycle	wave	258
2076213	lifecycle	wave	256
2076216	lifecycle	wave	259
2076220	lifecycle	wave	251
2076231	timer	op	172
2076245	timer	op	61
2076247	timer	op	62
2076250	timer	op	63
2076297	timer	op	147
2076303	timer	op	90
2076305	timer	op	150
2076307	lifecycle	wave	250
2076311	lifecycle	wave	252
2076314	lifecycle	wave	253
2076318	lifecycle	wave	254
2076321	lifecycle	wave	257
2077426	timer	op	43
2077428	timer	op	44
2077440	timer	op	127
2077479	timer	op	98
2077481	timer	op	99
2077485	timer	op	97
2077502	timer	op	89
2077511	timer	op	112
2077513	timer	op	113
2077518	timer	op	166
2078614	timer	op	103
2078635	timer	op	95
2078638	timer	op	25
2078647	timer	op	117
2078660	timer	op	68
2078668	timer	op	121
2078692	timer	op	123
2079773	timer	op	46
2079787	timer	op	91
2079789	timer	op	92
2079792	timer	op	65
2079826	timer	op	151
2079828	timer	op	135
2079830	timer	op	83
2079833	timer	op	84
2079835	timer	op	163
2079837	timer	op	164
2079839	timer	op	165
2079845	timer	op	26
2079851	timer	op	53
2079853	timer	op	54
2079855	timer	op	55
2079858	timer	op	56
2079863	timer	op	67
2079865	timer	op	119
2079874	timer	op	184
2079884	timer	op	88
2080958	timer	op	72
2080963	timer	op	104
2080972	timer	op	118
2080975	timer	op	148
2080982	timer	op	1
2080997	timer	op	70
2080999	timer	op	71
2081004	timer	op	47
2081017	timer	op	153
2081019	timer	op	154
2081021	timer	op	155
2081030	timer	op	96
2081043	timer	op	115
2081045	timer	op	116
2081054	timer	op	45
2082153	timer	op	134
2082183	timer	op	131
2082185	timer	op	132
2082187	timer	op	194
2082190	timer	op	195
2082192	timer	op	196
2082194	timer	op	197
2082201	timer	op	106
2082218	timer	op	182
2082226	timer	op	73
2082230	timer	op	156
2082242	timer	op	137
2082244	timer	op	158
2082246	timer	op	159
2082257	timer	op	102
2082277	lifecycle	wave	257
2082281	lifecycle	wave	254
2082284	lifecycle	wave	253
2082287	lifecycle	wave	252
2082291	lifecycle	wave	250
2082294	timer	op	177
2082310	lifecycle	wave	251
2082313	lifecycle	wave	259
2082316	lifecycle	wave	256
2082320	lifecycle	wave	258
2082323	lifecycle	wave	255
2083439	timer	op	100
2083441	timer	op	152
2083444	timer	op	136
2083446	timer	op	114
2083454	timer	op	38
2083456	timer	op	39
2083461	timer	op	36
2083479	timer	op	198
2083527	timer	op	37
2083530	timer	op	138
2083532	timer	op	139
2083534	timer	op	140
2083536	timer	op	141
2083539	timer	op	142
2083541	timer	op	143
2083544	timer	op	128
2083563	network	connect	798
2083658	network	connect	799
2083707	network	connect	800
2083753	network	connect	801
2083799	network	connect	802
2083889	network	connect	803
2083938	network	connect	804
2083985	network	connect	805
2084035	network	connect	806
2084084	network	connect	807
2084130	network	connect	808
2084175	network	connect	809
2084220	network	connect	810
2084265	network	connect	811
2084313	network	connect	812
2084496	network	reply	798
2084513	network	reply	799
2084526	network	reply	800
2084539	network	reply	801
2084551	network	reply	802
2084569	timer	op	185
2084572	timer	op	186
2084578	timer	op	42
2084581	timer	op	199
2084595	timer	op	129
2084597	timer	op	130
2084599	timer	op	23
2084631	timer	op	52
2084641	timer	op	85
2084674	timer	op	18
2084905	network	reply	803
2084920	network	reply	804
2084933	network	reply	805
2084946	network	reply	806
2084958	network	reply	807
2084971	network	reply	808
2084983	network	reply	809
2084996	network	reply	810
2085008	network	reply	811
2085021	network	reply	812
2085250	timer	op	188
2085253	timer	op	189
2085256	timer	op	190
2085276	timer	op	157
2085285	timer	op	22
2085311	timer	op	2
2085313	timer	op	3
2085316	timer	op	4
2085318	timer	op	5
2086409	timer	op	40
2086412	timer	op	41
2086441	timer	op	35
2086456	timer	op	21
2086474	timer	op	93
2086476	timer	op	94
2086483	timer	op	74
2086485	timer	op	75
2086497	timer	op	187
2087602	timer	op	19
2087605	timer	op	20
2087608	timer	op	9
2087614	timer	op	27
2087616	timer	op	28
2087618	timer	op	29
2087621	timer	op	30
2087623	timer	op	31
2087625	timer	op	32
2087656	timer	op	78
2087658	timer	op	79
2087661	timer	op	80
2087671	timer	op	191
2087673	timer	op	192
2087676	timer	op	193
2087681	timer	op	183
2087705	timer	op	69
2087720	lifecycle	wave	255
2087724	lifecycle	wave	258
2087728	lifecycle	wave	256
2087731	lifecycle	wave	259
2087734	lifecycle	wave	251
2087737	lifecycle	wave	250
2087740	lifecycle	wave	252
2087744	lifecycle	wave	253
2087747	lifecycle	wave	254
2087750	lifecycle	wave	257
2088864	timer	op	77
2088871	timer	op	8
2088892	timer	op	16
2088894	timer	op	17
2088929	timer	op	0
2088932	timer	op	64
2088938	timer	op	101
2088946	timer	op	6
2088948	timer	op	7
2090024	timer	op	86
2090034	timer	op	160
2090039	timer	op	161
2090082	timer	op	14
2090084	timer	op	15
2090087	timer	op	178
2090104	timer	op	33
2090106	timer	op	34
2090111	timer	op	179
2090113	timer	op	180
2090115	timer	op	181
2091253	timer	op	82
2091292	timer	op	76
2092394	timer	op	10
2092397	timer	op	11
2092399	timer	op	12
2092401	timer	op	13
2092442	timer	op	81
2092455	timer	op	24
2092494	lifecycle	wave	257
2092498	lifecycle	wave	254
2092501	lifecycle	wave	253
2092504	lifecycle	wave	252
2092508	lifecycle	wave	250
2092511	lifecycle	wave	251
2092514	lifecycle	wave	259
2092517	lifecycle	wave	256
2092520	lifecycle	wave	258
2092523	lifecycle	wave	255
2093686	timer	op	162
2098345	lifecycle	wave	255
2098350	lifecycle	wave	258
2098353	lifecycle	wave	256
2098357	lifecycle	wave	259
2098360	lifecycle	wave	251
2098363	lifecycle	wave	250
2098366	lifecycle	wave	252
2098369	lifecycle	wave	253
2098372	lifecycle	wave	254
2098375	lifecycle	wave	257
2104231	lifecycle	wave	257
2104237	lifecycle	wave	254
2104240	lifecycle	wave	253
2104243	lifecycle	wave	252
2104246	lifecycle	wave	250
2104296	lifecycle	wave	251
2104300	lifecycle	wave	259
2104303	lifecycle	wave	256
2104307	lifecycle	wave	258
2104310	lifecycle	wave	255
2110129	lifecycle	wave	255
2110134	lifecycle	wave	258
2110137	lifecycle	wave	256
2110141	lifecycle	wave	259
2110144	lifecycle	wave	251
2110147	lifecycle	wave	250
2110150	lifecycle	wave	252
2110153	lifecycle	wave	253
2110157	lifecycle	wave	254
2110160	lifecycle	wave	257
2111460	heartbeat	tick	813
2116085	lifecycle	wave	257
2116090	lifecycle	wave	254
2116093	lifecycle	wave	253
2116096	lifecycle	wave	252
2116099	lifecycle	wave	250
2116103	lifecycle	wave	251
2116106	lifecycle	wave	259
2116109	lifecycle	wave	256
2116112	lifecycle	wave	258
2116115	lifecycle	wave	255
2120786	lifecycle	wave	255
2120791	lifecycle	wave	258
2120795	lifecycle	wave	256
2120798	lifecycle	wave	259
2120801	lifecycle	wave	251
2120804	lifecycle	wave	250
2120807	lifecycle	wave	252
2120810	lifecycle	wave	253
2120813	lifecycle	wave	254
2120816	lifecycle	wave	257
2124229	timer	op	57
2124233	timer	op	58
2124235	timer	op	59
2125446	lifecycle	wave	257
2125450	lifecycle	wave	254
2125457	lifecycle	wave	253
2125461	lifecycle	wave	252
2125464	lifecycle	wave	250
2125467	lifecycle	wave	251
2125470	lifecycle	wave	259
2125473	lifecycle	wave	256
2125476	lifecycle	wave	258
2125480	lifecycle	wave	255
2126585	timer	op	173
2127734	timer	op	133
2128899	timer	op	126
2128947	timer	op	149
2128958	timer	op	122
2130078	timer	op	174
2130085	timer	op	124
2130105	timer	op	87
2131239	timer	op	176
2131250	timer	op	120
2131262	timer	op	60
2131264	timer	op	48
2131267	timer	op	49
2131269	timer	op	50
2131271	timer	op	51
2131275	timer	op	105
2131298	timer	op	147
2131303	timer	op	90
2131305	timer	op	150
2131345	lifecycle	wave	255
2131349	lifecycle	wave	258
2131352	lifecycle	wave	256
2131355	lifecycle	wave	259
2131358	lifecycle	wave	251
2131361	lifecycle	wave	250
2131365	lifecycle	wave	252
2131368	lifecycle	wave	253
2131371	lifecycle	wave	254
2131374	lifecycle	wave	257
2132482	timer	op	43
2132486	timer	op	44
2132492	timer	op	127
2132502	timer	op	175
2132523	timer	op	172
2132549	timer	op	167
2132552	timer	op	168
2132554	timer	op	169
2132556	timer	op	170
2132558	timer	op	171
2132561	timer	op	107
2132563	timer	op	108
2132565	timer	op	109
2132569	timer	op	110
2132571	timer	op	111
2132576	timer	op	144
2132578	timer	op	145
2132580	timer	op	146
2132584	timer	op	125
2132595	timer	op	66
2133672	timer	op	61
2133674	timer	op	62
2133677	timer	op	63
2133720	timer	op	89
2133727	timer	op	112
2133729	timer	op	113
2133732	timer	op	166
2133750	timer	op	123
2134832	timer	op	46
2134851	timer	op	103
2134871	timer	op	95
2134904	timer	op	98
2134906	timer	op	99
2134910	timer	op	97
2136001	timer	op	25
2136010	timer	op	117
2136027	timer	op	68
2136033	timer	op	121
2136051	timer	op	26
2136055	timer	op	53
2136057	timer	op	54
2136061	timer	op	55
2136063	timer	op	56
2136068	timer	op	67
2136071	timer	op	119
2136078	timer	op	184
2136088	timer	op	88
2136096	timer	op	45
2137186	timer	op	134
2137200	timer	op	72
2137207	timer	op	104
2137214	timer	op	118
2137217	timer	op	148
2137224	timer	op	1
2137233	timer	op	91
2137235	timer	op	92
2137238	timer	op	65
2137272	timer	op	151
2137274	timer	op	135
2137276	timer	op	83
2137278	timer	op	84
2137281	timer	op	163
2137283	timer	op	164
2137285	timer	op	165
2137305	lifecycle	wave	257
2137309	lifecycle	wave	254
2137312	lifecycle	wave	253
2137316	lifecycle	wave	252
2137319	lifecycle	wave	250
2137328	lifecycle	wave	251
2137331	lifecycle	wave	259
2137334	lifecycle	wave	256
2137337	lifecycle	wave	258
2137340	lifecycle	wave	255
2138465	timer	op	70
2138467	timer	op	71
2138475	timer	op	47
2138485	timer	op	153
2138488	timer	op	154
2138490	timer	op	155
2138503	timer	op	96
2138509	timer	op	115
2138511	timer	op	116
2138514	timer	op	156
2138529	timer	op	137
2138532	timer	op	158
2138534	timer	op	159
2138539	timer	op	102
2138548	timer	op	177
2139634	timer	op	100
2139637	timer	op	152
2139639	timer	op	136
2139641	timer	op	114
2139655	timer	op	38
2139657	timer	op	39
2139660	timer	op	36
2139677	timer	op	198
2139695	timer	op	131
2139697	timer	op	132
2139699	timer	op	194
2139702	timer	op	195
2139704	timer	op	196
2139706	timer	op	197
2139713	timer	op	106
2139729	timer	op	182
2139737	timer	op	73
2140846	timer	op	37
2140849	timer	op	138
2140851	timer	op	139
2140853	timer	op	140
2140855	timer	op	141
2140858	timer	op	142
2140860	timer	op	143
2140863	timer	op	128
2140880	timer	op	52
2140890	timer	op	85
2140914	timer	op	18
2142009	timer	op	188
2142012	timer	op	189
2142014	timer	op	190
2142036	timer	op	157
2142043	timer	op	22
2142049	timer	op	185
2142051	timer	op	186
2142055	timer	op	42
2142057	timer	op	199
2142074	timer	op	129
2142077	timer	op	130
2142079	timer	op	23
2143196	timer	op	2
2143199	timer	op	3
2143201	timer	op	4
2143203	timer	op	5
2143224	timer	op	21
2143239	timer	op	93
2143241	timer	op	94
2143246	timer	op	74
2143248	timer	op	75
2143263	timer	op	187
2143287	lifecycle	wave	255
2143291	lifecycle	wave	258
2143294	lifecycle	wave	256
2143297	lifecycle	wave	259
2143300	lifecycle	wave	251
2143309	lifecycle	wave	250
2143312	lifecycle	wave	252
2143315	lifecycle	wave	253
2143319	lifecycle	wave	254
2143322	lifecycle	wave	257
2144445	timer	op	19
2144451	timer	op	20
2144454	timer	op	9
2144460	timer	op	27
2144464	timer	op	28
2144466	timer	op	29
2144468	timer	op	30
2144471	timer	op	31
2144473	timer	op	32
2144503	timer	op	40
2144506	timer	op	41
2144532	timer	op	35
2144547	network	connect	814
2144622	network	connect	815
2144670	network	connect	816
2144717	network	connect	817
2144763	network	connect	818
2144810	network	connect	819
2144855	network	connect	820
2144902	network	connect	821
2144948	network	connect	822
2144994	network	connect	823
2145040	network	connect	824
2145086	network	connect	825
2145132	network	connect	826
2145181	network	connect	827
2145227	network	connect	828
2145372	timer	op	78
2145375	timer	op	79
2145377	timer	op	80
2145391	timer	op	191
2145393	timer	op	192
2145395	timer	op	193
2145399	timer	op	183
2145425	timer	op	69
2145451	timer	op	0
2145453	timer	op	64
2145463	timer	op	101
2145469	timer	op	6
2145471	timer	op	7
2145676	network	reply	814
2145692	network	reply	815
2145705	network	reply	816
2145717	network	reply	817
2145730	network	reply	818
2145742	network	reply	819
2145755	network	reply	820
2145767	network	reply	821
2145780	network	reply	822
2145792	network	reply	823
2145805	network	reply	824
2145817	network	reply	825
2145830	network	reply	826
2145842	network	reply	827
2145855	network	reply	828
2147229	timer	op	86
2147238	timer	op	160
2147241	timer	op	161
2147278	timer	op	77
2147287	timer	op	8
2147307	timer	op	16
2147309	timer	op	17
2148427	timer	op	14
2148429	timer	op	15
2148431	timer	op	178
2148449	timer	op	33
2148451	timer	op	34
2148455	timer	op	179
2148458	timer	op	180
2148460	timer	op	181
2148511	timer	op	76
2148527	lifecycle	wave	257
2148532	lifecycle	wave	254
2148535	lifecycle	wave	253
2148538	lifecycle	wave	252
2148541	lifecycle	wave	250
2148544	lifecycle	wave	251
2148548	lifecycle	wave	259
2148551	lifecycle	wave	256
2148554	lifecycle	wave	258
2148557	lifecycle	wave	255
2149687	timer	op	10
2149690	timer	op	11
2149692	timer	op	12
2149695	timer	op	13
2149750	timer	op	82
2150844	timer	op	81
2150857	timer	op	24
2150885	timer	op	162
2153281	lifecycle	wave	255
2153286	lifecycle	wave	258
2153289	lifecycle	wave	256
2153292	lifecycle	wave	259
2153305	lifecycle	wave	251
2153308	lifecycle	wave	250
2153311	lifecycle	wave	252
2153314	lifecycle	wave	253
2153318	lifecycle	wave	254
2153321	lifecycle	wave	257
2159123	lifecycle	wave	257
2159128	lifecycle	wave	254
2159131	lifecycle	wave	253
2159134	lifecycle	wave	252
2159137	lifecycle	wave	250
2159140	lifecycle	wave	251
2159144	lifecycle	wave	259
2159147	lifecycle	wave	256
2159150	lifecycle	wave	258
2159153	lifecycle	wave	255
2159281	coop	yield	210
2159284	coop	yield	211
2159286	coop	yield	212
2159288	coop	yield	213
2159290	coop	yield	214
2159292	coop	yield	215
2159294	coop	yield	216
2159296	coop	yield	217
2159298	coop	yield	218
2159300	coop	yield	219
2159302	coop	yield	220
2159304	coop	yield	221
2159306	coop	yield	222
2159308	coop	yield	223
2159310	coop	yield	224
2159312	coop	yield	225
2159314	coop	yield	226
2159316	coop	yield	227
2159318	coop	yield	228
2159320	coop	yield	229
2159322	coop	yield	230
2159324	coop	yield	231
2159326	coop	yield	232
2159328	coop	yield	233
2159329	coop	yield	234
2159331	coop	yield	235
2159333	coop	yield	236
2159335	coop	yield	237
2159337	coop	yield	238
2159339	coop	yield	239
2159341	coop	yield	240
2159343	coop	yield	241
2159345	coop	yield	242
2159347	coop	yield	243
2159349	coop	yield	244
2159351	coop	yield	245
2159353	coop	yield	246
2159355	coop	yield	247
2159357	coop	yield	248
2159359	coop	yield	249
2159362	coop	yield	206
2159364	coop	yield	207
2159366	coop	yield	208
2161669	heartbeat	tick	829
2162819	coop	yield	209
2162822	coop	yield	200
2162824	coop	yield	201
2162826	coop	yield	202
2162828	coop	yield	203
2162830	coop	yield	204
2162832	coop	yield	205
2165166	lifecycle	wave	255
2165171	lifecycle	wave	258
2165174	lifecycle	wave	256
2165178	lifecycle	wave	259
2165181	lifecycle	wave	251
2165184	lifecycle	wave	250
2165187	lifecycle	wave	252
2165190	lifecycle	wave	253
2165193	lifecycle	wave	254
2165196	lifecycle	wave	257
2171102	lifecycle	wave	257
2171107	lifecycle	wave	254
2171117	lifecycle	wave	253
2171120	lifecycle	wave	252
2171123	lifecycle	wave	250
2171126	lifecycle	wave	251
2171129	lifecycle	wave	259
2171133	lifecycle	wave	256
2171136	lifecycle	wave	258
2171139	lifecycle	wave	255
2175900	lifecycle	wave	257
2177070	lifecycle	wave	255
2177074	lifecycle	wave	258
2177078	lifecycle	wave	256
2177081	lifecycle	wave	259
2177084	lifecycle	wave	251
2177087	lifecycle	wave	250
2177090	lifecycle	wave	252
2177093	lifecycle	wave	253
2177096	lifecycle	wave	254
2180597	timer	op	57
2180600	timer	op	58
2180603	timer	op	59
2180677	lifecycle	wave	257
2181762	timer	op	173
2181868	lifecycle	wave	254
2181872	lifecycle	wave	253
2181875	lifecycle	wave	252
2181879	lifecycle	wave	250
2181882	lifecycle	wave	251
2181885	lifecycle	wave	259
2181888	lifecycle	wave	256
2181891	lifecycle	wave	258
2181894	lifecycle	wave	255
2184145	timer	op	126
2184184	timer	op	133
2185369	timer	op	149
2185379	timer	op	122
2185415	timer	op	87
2185423	lifecycle	wave	257
2186513	timer	op	176
2186555	timer	op	174
2186562	timer	op	124
2186570	timer	op	167
2186572	timer	op	168
2186574	timer	op	169
2186577	timer	op	170
2186579	timer	op	171
2186581	timer	op	107
2186583	timer	op	108
2186585	timer	op	109
2186588	timer	op	110
2186590	timer	op	111
2186601	timer	op	144
2186603	timer	op	145
2186605	timer	op	146
2186609	timer	op	125
2186618	timer	op	66
2186631	lifecycle	wave	255
2186635	lifecycle	wave	258
2186638	lifecycle	wave	256
2186642	lifecycle	wave	259
2186645	lifecycle	wave	251
2186648	lifecycle	wave	250
2186651	lifecycle	wave	252
2186654	lifecycle	wave	253
2186657	lifecycle	wave	254
2187783	timer	op	61
2187786	timer	op	62
2187788	timer	op	63
2187806	timer	op	120
2187819	timer	op	60
2187822	timer	op	48
2187824	timer	op	49
2187826	timer	op	50
2187829	timer	op	51
2187833	timer	op	105
2187852	timer	op	147
2187857	timer	op	90
2187859	timer	op	150
2188978	timer	op	43
2188981	timer	op	44
2188988	timer	op	127
2189000	timer	op	175
2189019	timer	op	172
2189039	timer	op	98
2189041	timer	op	99
2189045	timer	op	97
2190119	timer	op	25
2190133	timer	op	117
2190144	timer	op	68
2190156	timer	op	89
2190165	timer	op	112
2190167	timer	op	113
2190170	timer	op	166
2190193	timer	op	123
2190239	timer	op	95
2190262	timer	op	151
2190264	timer	op	135
2190266	timer	op	83
2190269	timer	op	84
2190271	timer	op	163
2190273	timer	op	164
2190275	timer	op	165
2190287	lifecycle	wave	257
2191387	timer	op	70
2191390	timer	op	71
2191396	timer	op	47
2191412	timer	op	26
2191415	timer	op	53
2191418	timer	op	54
2191420	timer	op	55
2191422	timer	op	56
2191429	timer	op	67
2191432	timer	op	119
2191441	timer	op	121
2191458	timer	op	46
2191480	timer	op	103
2191497	lifecycle	wave	254
2191501	lifecycle	wave	253
2191504	lifecycle	wave	252
2191507	lifecycle	wave	250
2191510	lifecycle	wave	251
2191513	lifecycle	wave	259
2191516	lifecycle	wave	256
2191519	lifecycle	wave	258
2191522	lifecycle	wave	255
2192625	timer	op	184
2192634	timer	op	88
2192646	timer	op	45
2192671	timer	op	118
2192674	timer	op	148
2192681	timer	op	1
2192688	timer	op	91
2192691	timer	op	92
2192693	timer	op	65
2192710	timer	op	182
2192715	timer	op	73
2193814	timer	op	115
2193817	timer	op	116
2193820	timer	op	156
2193837	timer	op	153
2193839	timer	op	154
2193842	timer	op	155
2193855	timer	op	96
2193862	timer	op	134
2193879	timer	op	72
2193884	timer	op	104
2194971	timer	op	137
2194973	timer	op	158
2194975	timer	op	159
2194981	timer	op	102
2194988	timer	op	177
2195020	timer	op	131
2195023	timer	op	132
2195025	timer	op	194
2195027	timer	op	195
2195029	timer	op	196
2195031	timer	op	197
2195037	timer	op	106
2195049	timer	op	198
2195058	timer	op	129
2195060	timer	op	130
2195063	timer	op	23
2196189	timer	op	52
2196211	timer	op	37
2196213	timer	op	138
2196216	timer	op	139
2196218	timer	op	140
2196220	timer	op	141
2196222	timer	op	142
2196225	timer	op	143
2196228	timer	op	128
2196241	timer	op	100
2196243	timer	op	152
2196246	timer	op	136
2196248	timer	op	114
2196257	timer	op	38
2196260	timer	op	39
2196263	timer	op	36
2196274	lifecycle	wave	257
2196323	lifecycle	wave	255
2196327	lifecycle	wave	258
2196330	lifecycle	wave	256
2196333	lifecycle	wave	259
2196340	lifecycle	wave	251
2196343	lifecycle	wave	250
2196346	lifecycle	wave	252
2196349	lifecycle	wave	253
2196352	lifecycle	wave	254
2197466	timer	op	78
2197468	timer	op	79
2197471	timer	op	80
2197479	timer	op	85
2197503	timer	op	18
2197509	timer	op	42
2197512	timer	op	199
2197532	timer	op	157
2197541	timer	op	22
2197547	timer	op	185
2197549	timer	op	186
2197563	timer	op	35
2198640	timer	op	191
2198643	timer	op	192
2198645	timer	op	193
2198650	timer	op	183
2198662	timer	op	21
2198674	timer	op	2
2198676	timer	op	3
2198679	timer	op	4
2198681	timer	op	5
2198707	timer	op	188
2198710	timer	op	189
2198712	timer	op	190
2199819	timer	op	93
2199821	timer	op	94
2199826	timer	op	74
2199829	timer	op	75
2199840	timer	op	187
2199851	timer	op	40
2199853	timer	op	41
2199896	timer	op	16
2199899	timer	op	17
2200990	timer	op	14
2200993	timer	op	15
2200997	timer	op	178
2201008	timer	op	69
2201043	timer	op	19
2201045	timer	op	20
2201048	timer	op	9
2201056	timer	op	27
2201058	timer	op	28
2201060	timer	op	29
2201063	timer	op	30
2201065	timer	op	31
2201067	timer	op	32
2201088	timer	op	82
2202183	timer	op	0
2202186	timer	op	64
2202192	timer	op	101
2202202	timer	op	6
2202205	timer	op	7
2202216	timer	op	77
2202222	timer	op	8
2202276	lifecycle	wave	254
2202281	lifecycle	wave	253
2202284	lifecycle	wave	252
2202287	lifecycle	wave	250
2202290	lifecycle	wave	251
2202303	lifecycle	wave	259
2202306	lifecycle	wave	256
2202309	lifecycle	wave	258
2202313	lifecycle	wave	255
2202316	lifecycle	wave	257
2203449	timer	op	81
2203489	timer	op	33
2203491	timer	op	34
2203495	timer	op	179
2203498	timer	op	180
2203500	timer	op	181
2203508	timer	op	86
2203516	timer	op	160
2203518	timer	op	161
2204631	timer	op	76
2205798	timer	op	24
2205824	timer	op	10
2205827	timer	op	11
2205829	timer	op	12
2205831	timer	op	13
2205852	network	connect	830
2205926	network	connect	831
2205977	network	connect	832
2206024	network	connect	833
2206072	network	connect	834
2206164	network	connect	835
2206216	network	connect	836
2206262	network	connect	837
2206307	network	connect	838
2206353	network	connect	839
2206399	network	connect	840
2206444	network	connect	841
2206490	network	connect	842
2206536	network	connect	843
2206581	network	connect	844
2206766	network	reply	830
2206783	network	reply	831
2206796	network	reply	832
2206809	network	reply	833
2206821	network	reply	834
2206844	timer	op	162
2207195	network	reply	835
2207212	network	reply	836
2207225	network	reply	837
2207238	network	reply	838
2207250	network	reply	839
2207263	network	reply	840
2207276	network	reply	841
2207288	network	reply	842
2207301	network	reply	843
2207313	network	reply	844
2207616	lifecycle	wave	257
2207623	lifecycle	wave	255
2207626	lifecycle	wave	258
2207630	lifecycle	wave	256
2207634	lifecycle	wave	259
2207638	lifecycle	wave	251
2207642	lifecycle	wave	250
2207645	lifecycle	wave	252
2207648	lifecycle	wave	253
2207652	lifecycle	wave	254
2212337	heartbeat	tick	845
2212341	lifecycle	wave	254
2212345	lifecycle	wave	253
2212348	lifecycle	wave	252
2212351	lifecycle	wave	250
2212355	lifecycle	wave	251
2212358	lifecycle	wave	259
2212362	lifecycle	wave	256
2212365	lifecycle	wave	258
2212368	lifecycle	wave	255
2212372	lifecycle	wave	257
2218193	lifecycle	wave	257
2218199	lifecycle	wave	255
2218202	lifecycle	wave	258
2218205	lifecycle	wave	256
2218208	lifecycle	wave	259
2218313	lifecycle	wave	251
2218317	lifecycle	wave	250
2218320	lifecycle	wave	252
2218324	lifecycle	wave	253
2218327	lifecycle	wave	254
2224135	lifecycle	wave	254
2224140	lifecycle	wave	253
2224143	lifecycle	wave	252
2224146	lifecycle	wave	250
2224149	lifecycle	wave	251
2224153	lifecycle	wave	259
2224156	lifecycle	wave	256
2224159	lifecycle	wave	258
2224162	lifecycle	wave	255
2224165	lifecycle	wave	257
2230084	lifecycle	wave	257
2230089	lifecycle	wave	255
2230092	lifecycle	wave	258
2230095	lifecycle	wave	256
2230099	lifecycle	wave	259
2230102	lifecycle	wave	251
2230105	lifecycle	wave	250
2230108	lifecycle	wave	252
2230111	lifecycle	wave	253
2230114	lifecycle	wave	254
2233528	timer	op	173
2234806	lifecycle	wave	254
2234811	lifecycle	wave	253
2234818	lifecycle	wave	252
2234822	lifecycle	wave	250
2234825	lifecycle	wave	251
2234828	lifecycle	wave	259
2234831	lifecycle	wave	256
2234834	lifecycle	wave	258
2234837	lifecycle	wave	255
2234841	lifecycle	wave	257
2235948	timer	op	126
2235978	timer	op	57
2235980	timer	op	58
2235983	timer	op	59
2239500	timer	op	66
2239524	timer	op	149
2239547	timer	op	133
2239591	lifecycle	wave	257
2239595	lifecycle	wave	255
2239599	lifecycle	wave	258
2239602	lifecycle	wave	256
2239605	lifecycle	wave	259
2239608	lifecycle	wave	251
2239611	lifecycle	wave	250
2239615	lifecycle	wave	252
2239618	lifecycle	wave	253
2239621	lifecycle	wave	254
2240731	timer	op	61
2240734	timer	op	62
2240736	timer	op	63
2240746	timer	op	122
2240780	timer	op	87
2240790	timer	op	174
2240800	timer	op	124
2240807	timer	op	167
2240810	timer	op	168
2240812	timer	op	169
2240814	timer	op	170
2240816	timer	op	171
2240818	timer	op	107
2240823	timer	op	108
2240825	timer	op	109
2240828	timer	op	110
2240830	timer	op	111
2240835	timer	op	144
2240837	timer	op	145
2240839	timer	op	146
2240845	timer	op	125
2241970	timer	op	120
2241980	timer	op	60
2241982	timer	op	48
2241985	timer	op	49
2241987	timer	op	50
2241989	timer	op	51
2242000	timer	op	176
2242035	timer	op	97
2243113	timer	op	105
2243133	timer	op	147
2243138	timer	op	90
2243140	timer	op	150
2243165	timer	op	172
2243185	timer	op	98
2243189	timer	op	99
2243193	timer	op	25
2243214	timer	op	89
2243221	timer	op	112
2243223	timer	op	113
2243244	timer	op	43
2243249	timer	op	44
2243254	timer	op	127
2243266	timer	op	175
2243277	timer	op	151
2243279	timer	op	135
2243282	timer	op	83
2243284	timer	op	84
2244384	timer	op	166
2244403	timer	op	123
2244436	timer	op	163
2244438	timer	op	164
2244441	timer	op	165
2244448	timer	op	117
2244460	timer	op	68
2244482	lifecycle	wave	254
2244486	lifecycle	wave	253
2244489	lifecycle	wave	252
2244492	lifecycle	wave	250
2244495	lifecycle	wave	251
2244499	lifecycle	wave	259
2244502	lifecycle	wave	256
2244505	lifecycle	wave	258
2244508	lifecycle	wave	255
2244511	lifecycle	wave	257
2245622	timer	op	95
2245645	timer	op	53
2245647	timer	op	54
2245650	timer	op	55
2245652	timer	op	56
2245657	timer	op	67
2245660	timer	op	119
2245670	timer	op	121
2245688	timer	op	46
2245707	timer	op	103
2245714	timer	op	182
2246794	timer	op	184
2246801	timer	op	88
2246816	timer	op	45
2246839	timer	op	118
2246842	timer	op	148
2246848	timer	op	1
2246857	timer	op	73
2246865	timer	op	47
2246879	timer	op	26
2247972	timer	op	91
2247975	timer	op	92
2247977	timer	op	65
2247996	timer	op	70
2247999	timer	op	71
2248016	timer	op	153
2248018	timer	op	154
2248021	timer	op	155
2248029	timer	op	96
2248037	timer	op	134
2248054	timer	op	72
2248059	timer	op	104
2249137	timer	op	137
2249140	timer	op	158
2249142	timer	op	159
2249149	timer	op	102
2249158	timer	op	177
2249182	timer	op	131
2249184	timer	op	132
2249186	timer	op	194
2249189	timer	op	195
2249191	timer	op	196
2249193	timer	op	197
2249199	timer	op	106
2249209	timer	op	198
2249247	timer	op	115
2249249	timer	op	116
2249252	timer	op	156
2249273	timer	op	100
2249276	timer	op	152
2249278	timer	op	136
2249280	timer	op	114
2249289	timer	op	38
2249292	timer	op	39
2249295	timer	op	36
2249325	lifecycle	wave	257
2249329	lifecycle	wave	255
2249332	lifecycle	wave	258
2249335	lifecycle	wave	256
2249339	lifecycle	wave	259
2249342	lifecycle	wave	251
2249345	lifecycle	wave	250
2249358	lifecycle	wave	252
2249361	lifecycle	wave	253
2249364	lifecycle	wave	254
2250477	timer	op	85
2250504	timer	op	129
2250507	timer	op	130
2250509	timer	op	23
2250529	timer	op	52
2250547	timer	op	37
2250549	timer	op	138
2250551	timer	op	139
2250554	timer	op	140
2250556	timer	op	141
2250558	timer	op	142
2250560	timer	op	143
2250564	timer	op	128
2251645	timer	op	18
2251653	timer	op	42
2251656	timer	op	199
2251672	timer	op	157
2251710	timer	op	188
2251712	timer	op	189
2251714	timer	op	190
2252811	timer	op	93
2252814	timer	op	94
2252819	timer	op	74
2252821	timer	op	75
2252832	timer	op	187
2252837	timer	op	22
2252845	timer	op	185
2252847	timer	op	186
2252859	timer	op	35
2252865	timer	op	78
2252867	timer	op	79
2252869	timer	op	80
2252884	timer	op	2
2252890	timer	op	3
2252892	timer	op	4
2252894	timer	op	5
2252918	coop	yield	210
2252920	coop	yield	211
2252922	coop	yield	212
2252924	coop	yield	213
2252926	coop	yield	214
2252928	coop	yield	215
2252930	coop	yield	216
2252932	coop	yield	217
2252934	coop	yield	218
2252936	coop	yield	219
2252938	coop	yield	220
2252940	coop	yield	221
2252942	coop	yield	222
2252944	coop	yield	223
2252946	coop	yield	224
2252948	coop	yield	225
2252950	coop	yield	226
2252952	coop	yield	227
2252954	coop	yield	228
2252956	coop	yield	229
2252958	coop	yield	230
2252960	coop	yield	231
2252962	coop	yield	232
2252964	coop	yield	233
2252966	coop	yield	234
2252968	coop	yield	235
2252970	coop	yield	236
2252972	coop	yield	237
2252974	coop	yield	238
2252976	coop	yield	239
2252978	coop	yield	240
2252980	coop	yield	241
2252982	coop	yield	242
2252984	coop	yield	243
2252986	coop	yield	244
2252988	coop	yield	245
2252990	coop	yield	246
2252992	coop	yield	247
2252994	coop	yield	248
2252996	coop	yield	249
2252999	coop	yield	206
2253001	coop	yield	207
2253003	coop	yield	208
2254086	timer	op	40
2254088	timer	op	41
2254124	timer	op	191
2254127	timer	op	192
2254129	timer	op	193
2254132	timer	op	183
2254145	timer	op	21
2254148	timer	op	19
2254150	timer	op	20
2254153	timer	op	9
2254161	timer	op	27
2254163	timer	op	28
2254165	timer	op	29
2254168	timer	op	30
2254170	timer	op	31
2254172	timer	op	32
2254211	timer	op	101
2254232	timer	op	16
2254234	timer	op	17
2254287	lifecycle	wave	254
2254291	lifecycle	wave	253
2254294	lifecycle	wave	252
2254297	lifecycle	wave	250
2254301	lifecycle	wave	251
2254304	lifecycle	wave	259
2254307	lifecycle	wave	256
2254310	lifecycle	wave	258
2254313	lifecycle	wave	255
2254316	lifecycle	wave	257
2255426	timer	op	6
2255428	timer	op	7
2255438	timer	op	77
2255444	timer	op	8
2255465	timer	op	82
2255476	timer	op	14
2255479	timer	op	15
2255481	timer	op	178
2255490	timer	op	69
2255503	timer	op	160
2255505	timer	op	161
2255522	timer	op	0
2255524	timer	op	64
2255528	coop	yield	209
2255530	coop	yield	200
2255532	coop	yield	201
2255534	coop	yield	202
2255536	coop	yield	203
2255538	coop	yield	204
2255540	coop	yield	205
2256703	timer	op	33
2256706	timer	op	34
2256713	timer	op	179
2256715	timer	op	180
2256717	timer	op	181
2256721	timer	op	86
2257792	timer	op	76
2257837	timer	op	81
2258945	timer	op	10
2258947	timer	op	11
2258950	timer	op	12
2258952	timer	op	13
2259023	timer	op	24
2260197	timer	op	162
2260224	lifecycle	wave	257
2260228	lifecycle	wave	255
2260231	lifecycle	wave	258
2260234	lifecycle	wave	256
2260237	lifecycle	wave	259
2260289	lifecycle	wave	251
2260293	lifecycle	wave	250
2260296	lifecycle	wave	252
2260300	lifecycle	wave	253
2260303	lifecycle	wave	254
2262649	heartbeat	tick	846
2266134	lifecycle	wave	254
2266138	lifecycle	wave	253
2266142	lifecycle	wave	252
2266145	lifecycle	wave	250
2266148	lifecycle	wave	251
2266152	lifecycle	wave	259
2266155	lifecycle	wave	256
2266158	lifecycle	wave	258
2266161	lifecycle	wave	255
2266164	lifecycle	wave	257
2267449	network	connect	847
2267525	network	connect	848
2267573	network	connect	849
2267620	network	connect	850
2267673	network	connect	851
2267765	network	connect	852
2267814	network	connect	853
2267860	network	connect	854
2267906	network	connect	855
2267951	network	connect	856
2267997	network	connect	857
2268042	network	connect	858
2268087	network	connect	859
2268133	network	connect	860
2268178	network	connect	861
2268359	network	reply	847
2268376	network	reply	848
2268389	network	reply	849
2268402	network	reply	850
2268414	network	reply	851
2268743	network	reply	852
2268758	network	reply	853
2268771	network	reply	854
2268783	network	reply	855
2268796	network	reply	856
2268809	network	reply	857
2268821	network	reply	858
2268834	network	reply	859
2268846	network	reply	860
2268859	network	reply	861
2271446	lifecycle	wave	257
2271453	lifecycle	wave	255
2271457	lifecycle	wave	258
2271460	lifecycle	wave	256
2271463	lifecycle	wave	259
2271466	lifecycle	wave	251
2271470	lifecycle	wave	250
2271473	lifecycle	wave	252
2271476	lifecycle	wave	253
2271479	lifecycle	wave	254
2277303	lifecycle	wave	254
2277309	lifecycle	wave	253
2277316	lifecycle	wave	252
2277319	lifecycle	wave	250
2277322	lifecycle	wave	251
2277325	lifecycle	wave	259
2277328	lifecycle	wave	256
2277332	lifecycle	wave	258
2277335	lifecycle	wave	255
2277338	lifecycle	wave	257
2283119	lifecycle	wave	257
2283124	lifecycle	wave	255
2283127	lifecycle	wave	258
2283130	lifecycle	wave	256
2283134	lifecycle	wave	259
2283137	lifecycle	wave	251
2283140	lifecycle	wave	250
2283143	lifecycle	wave	252
2283146	lifecycle	wave	253
2283149	lifecycle	wave	254
2287874	timer	op	173
2287885	timer	op	57
2287888	timer	op	58
2287890	timer	op	59
2289080	lifecycle	wave	254
2289084	lifecycle	wave	253
2289087	lifecycle	wave	252
2289090	lifecycle	wave	250
2289094	lifecycle	wave	251
2289097	lifecycle	wave	259
2289100	lifecycle	wave	256
2289103	lifecycle	wave	258
2289106	lifecycle	wave	255
2289109	lifecycle	wave	257
2290266	timer	op	126
2292579	timer	op	149
2292603	timer	op	133
2293702	timer	op	87
2293714	timer	op	174
2293724	timer	op	66
2293798	lifecycle	wave	257
2293802	lifecycle	wave	255
2293805	lifecycle	wave	258
2293808	lifecycle	wave	256
2293812	lifecycle	wave	259
2293815	lifecycle	wave	251
2293818	lifecycle	wave	250
2293821	lifecycle	wave	252
2293824	lifecycle	wave	253
2293827	lifecycle	wave	254
2294992	timer	op	60
2294995	timer	op	48
2294997	timer	op	49
2294999	timer	op	50
2295001	timer	op	51
2295017	timer	op	176
2296097	timer	op	147
2296102	timer	op	90
2296106	timer	op	150
2296140	timer	op	172
2296166	timer	op	61
2296173	timer	op	62
2296176	timer	op	63
2296180	timer	op	122
2296190	timer	op	167
2296192	timer	op	168
2296195	timer	op	169
2296197	timer	op	170
2296199	timer	op	171
2296201	timer	op	107
2296203	timer	op	108
2296206	timer	op	109
2296208	timer	op	110
2296210	timer	op	111
2296217	timer	op	144
2296219	timer	op	145
2296221	timer	op	146
2296225	timer	op	125
2296239	timer	op	97
2296252	timer	op	124
2296262	timer	op	25
2296273	timer	op	89
2296280	timer	op	112
2296282	timer	op	113
2296303	timer	op	43
2296305	timer	op	44
2297423	timer	op	163
2297425	timer	op	164
2297427	timer	op	165
2297434	timer	op	117
2297440	timer	op	120
2297445	timer	op	127
2298559	timer	op	105
2298579	timer	op	98
2298582	timer	op	99
2298585	timer	op	151
2298587	timer	op	135
2298590	timer	op	83
2298592	timer	op	84
2298600	timer	op	123
2298619	timer	op	53
2298622	timer	op	54
2298624	timer	op	55
2298626	timer	op	56
2298636	timer	op	67
2298638	timer	op	119
2298646	timer	op	121
2298676	lifecycle	wave	254
2298680	lifecycle	wave	253
2298683	lifecycle	wave	252
2298686	lifecycle	wave	250
2298690	lifecycle	wave	251
2298693	lifecycle	wave	259
2298696	lifecycle	wave	256
2298699	lifecycle	wave	258
2298702	lifecycle	wave	255
2298705	lifecycle	wave	257
2299837	timer	op	118
2299840	timer	op	148
2299845	timer	op	1
2299852	timer	op	73
2299867	timer	op	46
2299889	timer	op	68
2299893	timer	op	175
2300991	timer	op	166
2301018	timer	op	182
2301029	timer	op	45
2301034	timer	op	95
2301045	timer	op	70
2301047	timer	op	71
2301064	timer	op	153
2301067	timer	op	154
2301069	timer	op	155
2301080	timer	op	96
2301087	timer	op	134
2302170	timer	op	131
2302173	timer	op	132
2302175	timer	op	194
2302177	timer	op	195
2302180	timer	op	196
2302182	timer	op	197
2302187	timer	op	106
2302199	timer	op	198
2302214	timer	op	26
2302232	timer	op	47
2302251	timer	op	103
2302264	timer	op	138
2302266	timer	op	139
2302268	timer	op	140
2302271	timer	op	141
2302273	timer	op	142
2302275	timer	op	143
2302278	timer	op	128
2303381	timer	op	18
2303390	timer	op	42
2303393	timer	op	199
2303403	timer	op	184
2303412	timer	op	88
2303443	timer	op	91
2303446	timer	op	92
2303448	timer	op	65
2303458	timer	op	52
2303487	timer	op	37
2303502	lifecycle	wave	257
2303506	lifecycle	wave	255
2303509	lifecycle	wave	258
2303512	lifecycle	wave	256
2303515	lifecycle	wave	259
2303519	lifecycle	wave	251
2303522	lifecycle	wave	250
2303525	lifecycle	wave	252
2303528	lifecycle	wave	253
2303531	lifecycle	wave	254
2304648	timer	op	157
2304666	timer	op	115
2304669	timer	op	116
2304672	timer	op	156
2304681	timer	op	100
2304684	timer	op	152
2304686	timer	op	136
2304688	timer	op	114
2304712	timer	op	72
2304721	timer	op	104
2305816	timer	op	40
2305818	timer	op	41
2305826	timer	op	137
2305828	timer	op	158
2305830	timer	op	159
2305837	timer	op	102
2305844	timer	op	177
2305876	timer	op	129
2305878	timer	op	130
2305880	timer	op	23
2305887	timer	op	78
2305889	timer	op	79
2305891	timer	op	80
2305905	timer	op	2
2305908	timer	op	3
2305910	timer	op	4
2305912	timer	op	5
2307045	timer	op	188
2307048	timer	op	189
2307050	timer	op	190
2307071	timer	op	38
2307073	timer	op	39
2307078	timer	op	36
2308167	timer	op	6
2308170	timer	op	7
2308181	timer	op	77
2308187	timer	op	85
2308210	timer	op	35
2308220	timer	op	187
2308225	timer	op	22
2308233	timer	op	185
2308235	timer	op	186
2308305	lifecycle	wave	254
2308310	lifecycle	wave	253
2308313	lifecycle	wave	252
2308316	lifecycle	wave	250
2308319	lifecycle	wave	251
2308322	lifecycle	wave	259
2308325	lifecycle	wave	256
2308329	lifecycle	wave	258
2308332	lifecycle	wave	255
2308335	lifecycle	wave	257
2309445	timer	op	8
2309466	timer	op	82
2309477	timer	op	21
2309479	timer	op	19
2309482	timer	op	20
2309485	timer	op	9
2309490	timer	op	27
2309492	timer	op	28
2309495	timer	op	29
2309497	timer	op	30
2309506	timer	op	191
2309509	timer	op	192
2309511	timer	op	193
2309514	timer	op	183
2309537	timer	op	33
2309539	timer	op	34
2309545	timer	op	179
2309548	timer	op	180
2309550	timer	op	181
2309554	timer	op	86
2310624	timer	op	76
2310642	timer	op	93
2310644	timer	op	94
2310649	timer	op	74
2310651	timer	op	75
2310666	timer	op	16
2310668	timer	op	17
2310676	timer	op	101
2311816	timer	op	69
2311828	timer	op	160
2311830	timer	op	161
2311843	timer	op	14
2311845	timer	op	15
2311847	timer	op	178
2311854	timer	op	31
2311856	timer	op	32
2311890	timer	op	24
2313002	timer	op	0
2313005	timer	op	64
2313064	heartbeat	tick	862
2314161	timer	op	81
2314239	lifecycle	wave	257
2314243	lifecycle	wave	255
2314246	lifecycle	wave	258
2314249	lifecycle	wave	256
2314252	lifecycle	wave	259
2314297	lifecycle	wave	251
2314301	lifecycle	wave	250
2314304	lifecycle	wave	252
2314307	lifecycle	wave	253
2314311	lifecycle	wave	254
2316593	timer	op	10
2316597	timer	op	11
2316599	timer	op	12
2316601	timer	op	13
2317769	timer	op	162
2320136	lifecycle	wave	254
2320141	lifecycle	wave	253
2320144	lifecycle	wave	252
2320147	lifecycle	wave	250
2320150	lifecycle	wave	251
2320153	lifecycle	wave	259
2320157	lifecycle	wave	256
2320160	lifecycle	wave	258
2320163	lifecycle	wave	255
2320166	lifecycle	wave	257
2326073	lifecycle	wave	257
2326078	lifecycle	wave	255
2326081	lifecycle	wave	258
2326084	lifecycle	wave	256
2326088	lifecycle	wave	259
2326091	lifecycle	wave	251
2326094	lifecycle	wave	250
2326097	lifecycle	wave	252
2326100	lifecycle	wave	253
2326103	lifecycle	wave	254
2328467	network	connect	863
2328545	network	connect	864
2328597	network	connect	865
2328643	network	connect	866
2328689	network	connect	867
2328734	network	connect	868
2328781	network	connect	869
2328826	network	connect	870
2328872	network	connect	871
2328917	network	connect	872
2328963	network	connect	873
2329009	network	connect	874
2329054	network	connect	875
2329100	network	connect	876
2329146	network	connect	877
2329568	network	reply	863
2329585	network	reply	864
2329598	network	reply	865
2329611	network	reply	866
2329623	network	reply	867
2329636	network	reply	868
2329649	network	reply	869
2329661	network	reply	870
2329674	network	reply	871
2329686	network	reply	872
2329699	network	reply	873
2329711	network	reply	874
2329724	network	reply	875
2329736	network	reply	876
2329749	network	reply	877
2331282	lifecycle	wave	254
2331288	lifecycle	wave	253
2331292	lifecycle	wave	252
2331295	lifecycle	wave	250
2331298	lifecycle	wave	251
2331301	lifecycle	wave	259
2331304	lifecycle	wave	256
2331308	lifecycle	wave	258
2331311	lifecycle	wave	255
2331314	lifecycle	wave	257
2337124	lifecycle	wave	257
2337129	lifecycle	wave	255
2337133	lifecycle	wave	258
2337136	lifecycle	wave	256
2337139	lifecycle	wave	259
2337142	lifecycle	wave	251
2337145	lifecycle	wave	250
2337149	lifecycle	wave	252
2337152	lifecycle	wave	253
2337155	lifecycle	wave	254
2341878	timer	op	173
2341891	timer	op	57
2341893	timer	op	58
2341899	timer	op	59
2343090	lifecycle	wave	254
2343095	lifecycle	wave	253
2343098	lifecycle	wave	252
2343101	lifecycle	wave	250
2343104	lifecycle	wave	251
2343107	lifecycle	wave	259
2343110	lifecycle	wave	256
2343114	lifecycle	wave	258
2343117	lifecycle	wave	255
2343120	lifecycle	wave	257
2344285	timer	op	126
2346664	timer	op	133
2346684	timer	op	149
2347777	timer	op	147
2347786	timer	op	87
2347797	timer	op	174
2347809	timer	op	66
2347867	coop	yield	210
2347869	coop	yield	211
2347871	coop	yield	212
2347873	coop	yield	213
2347875	coop	yield	214
2347877	coop	yield	215
2347879	coop	yield	216
2347881	coop	yield	217
2347883	coop	yield	218
2347885	coop	yield	219
2347887	coop	yield	220
2347889	coop	yield	221
2347891	coop	yield	222
2347893	coop	yield	223
2347895	coop	yield	224
2347897	coop	yield	225
2347899	coop	yield	226
2347901	coop	yield	227
2347903	coop	yield	228
2347905	coop	yield	229
2347907	coop	yield	230
2347909	coop	yield	231
2347911	coop	yield	232
2347913	coop	yield	233
2347915	coop	yield	234
2347917	coop	yield	235
2347919	coop	yield	236
2347921	coop	yield	237
2347923	coop	yield	238
2347925	coop	yield	239
2347927	coop	yield	240
2347929	coop	yield	241
2347931	coop	yield	242
2347933	coop	yield	243
2347935	coop	yield	244
2347937	coop	yield	245
2347939	coop	yield	246
2347941	coop	yield	247
2347943	coop	yield	248
2347945	coop	yield	249
2347947	coop	yield	206
2347949	coop	yield	207
2347951	coop	yield	208
2347975	lifecycle	wave	257
2347980	lifecycle	wave	255
2347983	lifecycle	wave	258
2347986	lifecycle	wave	256
2347989	lifecycle	wave	259
2347992	lifecycle	wave	251
2347996	lifecycle	wave	250
2347999	lifecycle	wave	252
2348002	lifecycle	wave	253
2348005	lifecycle	wave	254
2349178	timer	op	60
2349182	timer	op	48
2349184	timer	op	49
2349186	timer	op	50
2349188	timer	op	51
2349199	timer	op	176
2349223	timer	op	90
2349225	timer	op	150
2350383	timer	op	43
2350385	timer	op	44
2350389	timer	op	124
2350397	timer	op	25
2350426	timer	op	172
2350436	coop	yield	209
2350438	coop	yield	200
2350440	coop	yield	201
2350442	coop	yield	202
2350444	coop	yield	203
2350446	coop	yield	204
2350448	coop	yield	205
2351539	timer	op	89
2351546	timer	op	112
2351553	timer	op	113
2351562	timer	op	117
2351568	timer	op	120
2351593	timer	op	61
2352699	timer	op	62
2352702	timer	op	63
2352709	timer	op	122
2352721	timer	op	167
2352723	timer	op	168
2352725	timer	op	169
2352727	timer	op	170
2352730	timer	op	171
2352732	timer	op	107
2352734	timer	op	108
2352736	timer	op	109
2352738	timer	op	110
2352741	timer	op	111
2352747	timer	op	144
2352750	timer	op	145
2352752	timer	op	146
2352756	timer	op	125
2352758	timer	op	97
2352804	timer	op	163
2352807	timer	op	164
2352809	timer	op	165
2352826	lifecycle	wave	254
2352831	lifecycle	wave	253
2352834	lifecycle	wave	252
2352837	lifecycle	wave	250
2352840	lifecycle	wave	251
2352844	lifecycle	wave	259
2352847	lifecycle	wave	256
2352850	lifecycle	wave	258
2352853	lifecycle	wave	255
2352856	lifecycle	wave	257
2353973	timer	op	53
2353976	timer	op	54
2353978	timer	op	55
2353980	timer	op	56
2353988	timer	op	67
2353990	timer	op	119
2354000	timer	op	121
2354024	timer	op	127
2355150	timer	op	105
2355172	timer	op	98
2355175	timer	op	99
2355178	timer	op	151
2355181	timer	op	135
2355183	timer	op	83
2355185	timer	op	84
2355199	timer	op	123
2355203	timer	op	96
2355210	timer	op	134
2355213	timer	op	95
2355232	timer	op	118
2355235	timer	op	148
2355246	timer	op	1
2355252	timer	op	73
2355263	timer	op	68
2355267	timer	op	175
2356358	timer	op	166
2356380	timer	op	70
2356383	timer	op	71
2356398	timer	op	153
2356400	timer	op	154
2356403	timer	op	155
2356416	timer	op	26
2356426	timer	op	46
2357543	timer	op	182
2357552	timer	op	45
2357558	timer	op	128
2357571	timer	op	91
2357573	timer	op	92
2357576	timer	op	65
2357584	timer	op	131
2357587	timer	op	132
2357589	timer	op	194
2357591	timer	op	195
2357593	timer	op	196
2357596	timer	op	197
2357601	timer	op	106
2357615	timer	op	198
2357633	timer	op	103
2357640	timer	op	138
2357642	timer	op	139
2357644	timer	op	140
2357646	timer	op	141
2357649	timer	op	142
2357651	timer	op	143
2357666	lifecycle	wave	257
2357670	lifecycle	wave	255
2357676	lifecycle	wave	258
2357679	lifecycle	wave	256
2357682	lifecycle	wave	259
2357686	lifecycle	wave	251
2357689	lifecycle	wave	250
2357692	lifecycle	wave	252
2357695	lifecycle	wave	253
2357698	lifecycle	wave	254
2358813	timer	op	184
2358821	timer	op	88
2358848	timer	op	52
2358867	timer	op	37
2358876	timer	op	115
2358879	timer	op	116
2358882	timer	op	156
2358886	timer	op	18
2358892	timer	op	42
2358894	timer	op	199
2358911	timer	op	47
2360015	timer	op	129
2360018	timer	op	130
2360020	timer	op	23
2360036	timer	op	157
2360060	timer	op	72
2360065	timer	op	104
2361161	timer	op	137
2361164	timer	op	158
2361166	timer	op	159
2361171	timer	op	102
2361178	timer	op	177
2361194	timer	op	78
2361196	timer	op	79
2361198	timer	op	80
2361211	timer	op	2
2361215	timer	op	3
2361217	timer	op	4
2361219	timer	op	5
2361242	timer	op	40
2361244	timer	op	41
2361250	timer	op	100
2361253	timer	op	152
2361255	timer	op	136
2361257	timer	op	114
2362358	timer	op	77
2362365	timer	op	85
2362389	timer	op	22
2362400	timer	op	185
2362403	timer	op	186
2362408	timer	op	6
2362438	timer	op	38
2362440	timer	op	39
2362445	timer	op	36
2362469	heartbeat	tick	878
2362481	lifecycle	wave	254
2362485	lifecycle	wave	253
2362489	lifecycle	wave	252
2362492	lifecycle	wave	250
2362495	lifecycle	wave	251
2362498	lifecycle	wave	259
2362501	lifecycle	wave	256
2362504	lifecycle	wave	258
2362507	lifecycle	wave	255
2362510	lifecycle	wave	257
2363667	timer	op	7
2363683	timer	op	188
2363686	timer	op	189
2363688	timer	op	190
2363706	timer	op	33
2363708	timer	op	34
2364786	timer	op	35
2364799	timer	op	187
2364806	timer	op	179
2364808	timer	op	180
2364812	timer	op	181
2364816	timer	op	86
2364829	timer	op	8
2364852	timer	op	82
2364856	timer	op	193
2364859	timer	op	183
2365944	timer	op	93
2365946	timer	op	94
2365954	timer	op	74
2365956	timer	op	75
2365996	timer	op	69
2366001	timer	op	76
2366011	timer	op	21
2366014	timer	op	19
2366016	timer	op	20
2366019	timer	op	9
2366025	timer	op	27
2366027	timer	op	28
2366029	timer	op	29
2366031	timer	op	30
2366045	timer	op	191
2366047	timer	op	192
2367144	timer	op	16
2367147	timer	op	17
2367157	timer	op	101
2367167	timer	op	24
2367218	timer	op	14
2367220	timer	op	15
2367222	timer	op	178
2367228	timer	op	31
2367231	timer	op	32
2367263	timer	op	160
2367266	timer	op	161
2367295	lifecycle	wave	257
2367299	lifecycle	wave	255
2367302	lifecycle	wave	258
2367305	lifecycle	wave	256
2367308	lifecycle	wave	259
2367311	lifecycle	wave	251
2367315	lifecycle	wave	250
2367318	lifecycle	wave	252
2367321	lifecycle	wave	253
2367324	lifecycle	wave	254
2368462	timer	op	0
2368465	timer	op	64
2368502	timer	op	81
2371934	timer	op	10
2371937	timer	op	11
2371939	timer	op	12
2371942	timer	op	13
2373094	timer	op	162
2373156	lifecycle	wave	254
2373161	lifecycle	wave	253
2373164	lifecycle	wave	252
2373167	lifecycle	wave	250
2373170	lifecycle	wave	251
2373173	lifecycle	wave	259
2373177	lifecycle	wave	256
2373180	lifecycle	wave	258
2373183	lifecycle	wave	255
2373186	lifecycle	wave	257
2379106	lifecycle	wave	257
2379111	lifecycle	wave	255
2379114	lifecycle	wave	258
2379118	lifecycle	wave	256
2379121	lifecycle	wave	259
2379124	lifecycle	wave	251
2379127	lifecycle	wave	250
2379130	lifecycle	wave	252
2379133	lifecycle	wave	253
2379137	lifecycle	wave	254
2383902	lifecycle	wave	250
2383907	lifecycle	wave	251
2383910	lifecycle	wave	259
2383913	lifecycle	wave	256
2383916	lifecycle	wave	258
2383919	lifecycle	wave	255
2383927	lifecycle	wave	257
2385103	lifecycle	wave	254
2385108	lifecycle	wave	253
2385111	lifecycle	wave	252
2388668	lifecycle	wave	257
2388673	lifecycle	wave	255
2388676	lifecycle	wave	258
2388679	lifecycle	wave	256
2388683	lifecycle	wave	259
2388686	lifecycle	wave	251
2388689	lifecycle	wave	250
2389904	lifecycle	wave	252
2389908	lifecycle	wave	253
2389911	lifecycle	wave	254
2389915	network	connect	879
2389992	network	connect	880
2390041	network	connect	881
2390088	network	connect	882
2390136	network	connect	883
2390183	network	connect	884
2390229	network	connect	885
2390275	network	connect	886
2390321	network	connect	887
2390368	network	connect	888
2390419	network	connect	889
2390469	network	connect	890
2390518	network	connect	891
2390565	network	connect	892
2390611	network	connect	893
2391057	network	reply	879
2391074	network	reply	880
2391088	network	reply	881
2391101	network	reply	882
2391114	network	reply	883
2391126	network	reply	884
2391139	network	reply	885
2391151	network	reply	886
2391164	network	reply	887
2391177	network	reply	888
2391189	network	reply	889
2391202	network	reply	890
2391214	network	reply	891
2391227	network	reply	892
2391239	network	reply	893
2393957	lifecycle	wave	250
2393964	lifecycle	wave	251
2393967	lifecycle	wave	259
2393971	lifecycle	wave	256
2393974	lifecycle	wave	258
2393977	lifecycle	wave	255
2393980	lifecycle	wave	257
2396324	lifecycle	wave	254
2396328	lifecycle	wave	253
2396331	lifecycle	wave	252
2397426	timer	op	173
2398628	timer	op	57
2398630	timer	op	58
2398633	timer	op	59
2398670	lifecycle	wave	257
2398674	lifecycle	wave	255
2398678	lifecycle	wave	258
2398681	lifecycle	wave	256
2398684	lifecycle	wave	259
2398687	lifecycle	wave	251
2398690	lifecycle	wave	250
2400992	timer	op	126
2402099	timer	op	133
2402184	lifecycle	wave	252
2402189	lifecycle	wave	253
2402192	lifecycle	wave	254
2402251	timer	op	149
2402267	timer	op	66
2403393	timer	op	147
2403401	timer	op	87
2403410	timer	op	174
2403470	lifecycle	wave	250
2403474	lifecycle	wave	251
2403477	lifecycle	wave	259
2403481	lifecycle	wave	256
2403484	lifecycle	wave	258
2403487	lifecycle	wave	255
2403490	lifecycle	wave	257
2404635	timer	op	60
2404638	timer	op	48
2404640	timer	op	49
2404642	timer	op	50
2404645	timer	op	51
2404673	timer	op	176
2404685	timer	op	90
2404687	timer	op	150
2405764	timer	op	43
2405767	timer	op	44
2405771	timer	op	124
2405781	timer	op	25
2405800	timer	op	172
2405837	timer	op	61
2405844	timer	op	62
2405846	timer	op	63
2405850	timer	op	122
2406950	timer	op	125
2406953	timer	op	97
2406979	timer	op	167
2406982	timer	op	168
2406984	timer	op	169
2406986	timer	op	170
2406988	timer	op	171
2406991	timer	op	107
2406993	timer	op	108
2406995	timer	op	109
2406997	timer	op	110
2407000	timer	op	111
2407017	timer	op	89
2407026	timer	op	112
2407028	timer	op	113
2407040	timer	op	117
2407046	timer	op	120
2408158	timer	op	163
2408160	timer	op	164
2408163	timer	op	165
2408187	timer	op	127
2408207	timer	op	105
2408210	timer	op	144
2408213	timer	op	145
2408215	timer	op	146
2408221	lifecycle	wave	254
2408225	lifecycle	wave	253
2408228	lifecycle	wave	252
2408262	timer	op	53
2408264	timer	op	54
2408267	timer	op	55
2408269	timer	op	56
2408274	timer	op	67
2408281	timer	op	119
2408288	timer	op	121
2408334	lifecycle	wave	257
2408338	lifecycle	wave	255
2408341	lifecycle	wave	258
2408344	lifecycle	wave	256
2408347	lifecycle	wave	259
2408351	lifecycle	wave	251
2408354	lifecycle	wave	250
2409461	timer	op	134
2409465	timer	op	95
2409485	timer	op	118
2409488	timer	op	148
2409493	timer	op	1
2409502	timer	op	73
2409518	timer	op	98
2409521	timer	op	99
2409524	timer	op	151
2409526	timer	op	135
2409529	timer	op	83
2409531	timer	op	84
2409539	timer	op	123
2409548	timer	op	96
2410628	timer	op	68
2410632	timer	op	175
2410644	timer	op	46
2410667	timer	op	166
2410679	timer	op	70
2410682	timer	op	71
2410697	timer	op	153
2410700	timer	op	154
2410702	timer	op	155
2410716	timer	op	26
2411815	timer	op	91
2411820	timer	op	92
2411823	timer	op	65
2411830	timer	op	131
2411832	timer	op	132
2411834	timer	op	194
2411836	timer	op	195
2411839	timer	op	196
2411841	timer	op	197
2411846	timer	op	106
2411858	timer	op	198
2411874	timer	op	138
2411876	timer	op	139
2411878	timer	op	140
2411880	timer	op	141
2411884	timer	op	142
2411887	timer	op	143
2411892	timer	op	182
2411903	timer	op	45
2411907	timer	op	128
2413016	timer	op	103
2413021	timer	op	42
2413024	timer	op	199
2413072	timer	op	52
2413090	timer	op	37
2413098	timer	op	115
2413100	timer	op	116
2413105	timer	op	156
2413109	timer	op	18
2413114	heartbeat	tick	894
2414213	timer	op	129
2414216	timer	op	130
2414218	timer	op	23
2414234	timer	op	157
2414253	timer	op	47
2414277	timer	op	184
2414285	timer	op	88
2414316	lifecycle	wave	250
2414321	lifecycle	wave	251
2414324	lifecycle	wave	259
2414331	lifecycle	wave	256
2414335	lifecycle	wave	258
2414338	lifecycle	wave	255
2414341	lifecycle	wave	257
2414344	lifecycle	wave	252
2414347	lifecycle	wave	253
2414350	lifecycle	wave	254
2415466	timer	op	72
2415471	timer	op	104
2415474	timer	op	41
2415482	timer	op	100
2415485	timer	op	152
2415487	timer	op	136
2415489	timer	op	114
2415502	timer	op	137
2415504	timer	op	158
2415506	timer	op	159
2415521	timer	op	78
2415523	timer	op	79
2415525	timer	op	80
2415540	timer	op	2
2415542	timer	op	3
2415544	timer	op	4
2415547	timer	op	5
2415568	timer	op	40
2416641	timer	op	22
2416649	timer	op	185
2416651	timer	op	186
2416656	timer	op	6
2416714	timer	op	102
2416721	timer	op	177
2417800	timer	op	38
2417803	timer	op	39
2417806	timer	op	36
2417823	timer	op	188
2417825	timer	op	189
2417827	timer	op	190
2417837	timer	op	77
2417844	timer	op	85
2417882	timer	op	7
2418976	timer	op	179
2418978	timer	op	180
2418981	timer	op	181
2418985	timer	op	86
2419000	timer	op	8
2419026	timer	op	82
2419030	timer	op	193
2419033	timer	op	183
2419045	timer	op	33
2419048	timer	op	34
2419050	timer	op	35
2419064	timer	op	187
2420173	timer	op	21
2420175	timer	op	19
2420178	timer	op	20
2420181	timer	op	9
2420187	timer	op	27
2420189	timer	op	28
2420191	timer	op	29
2420193	timer	op	30
2420240	timer	op	69
2420249	timer	op	76
2420274	lifecycle	wave	254
2420278	lifecycle	wave	253
2420281	lifecycle	wave	252
2420284	lifecycle	wave	257
2420287	lifecycle	wave	255
2420293	timer	op	93
2420295	timer	op	94
2420300	timer	op	74
2420302	timer	op	75
2420318	lifecycle	wave	258
2420322	lifecycle	wave	256
2420325	lifecycle	wave	259
2420329	lifecycle	wave	251
2420332	lifecycle	wave	250
2421447	timer	op	31
2421450	timer	op	32
2421508	timer	op	14
2421511	timer	op	15
2421513	timer	op	178
2421520	timer	op	191
2421523	timer	op	192
2421533	timer	op	16
2421535	timer	op	17
2421543	timer	op	101
2421552	timer	op	24
2422626	timer	op	160
2422629	timer	op	161
2422679	timer	op	81
2422701	timer	op	0
2422703	timer	op	64
2426096	timer	op	10
2426099	timer	op	11
2426101	timer	op	12
2426103	timer	op	13
2426201	lifecycle	wave	250
2426205	lifecycle	wave	251
2426208	lifecycle	wave	259
2426211	lifecycle	wave	256
2426214	lifecycle	wave	258
2426280	timer	op	162
2426297	lifecycle	wave	255
2426301	lifecycle	wave	257
2426304	lifecycle	wave	252
2426307	lifecycle	wave	253
2426310	lifecycle	wave	254
2432125	lifecycle	wave	254
2432130	lifecycle	wave	253
2432133	lifecycle	wave	252
2432137	lifecycle	wave	257
2432140	lifecycle	wave	255
2432143	lifecycle	wave	258
2432146	lifecycle	wave	256
2432149	lifecycle	wave	259
2432153	lifecycle	wave	251
2432156	lifecycle	wave	250
2438068	lifecycle	wave	250
2438074	lifecycle	wave	251
2438077	lifecycle	wave	259
2438080	lifecycle	wave	256
2438083	lifecycle	wave	258
2438086	lifecycle	wave	255
2438090	lifecycle	wave	257
2438093	lifecycle	wave	252
2438096	lifecycle	wave	253
2438099	lifecycle	wave	254
2439289	coop	yield	210
2439292	coop	yield	211
2439294	coop	yield	212
2439296	coop	yield	213
2439298	coop	yield	214
2439300	coop	yield	215
2439302	coop	yield	216
2439304	coop	yield	217
2439306	coop	yield	218
2439308	coop	yield	219
2439310	coop	yield	220
2439312	coop	yield	221
2439314	coop	yield	222
2439316	coop	yield	223
2439318	coop	yield	224
2439320	coop	yield	225
2439322	coop	yield	226
2439324	coop	yield	227
2439326	coop	yield	228
2439328	coop	yield	229
2439330	coop	yield	230
2439331	coop	yield	231
2439333	coop	yield	232
2439335	coop	yield	233
2439337	coop	yield	234
2439339	coop	yield	235
2439341	coop	yield	236
2439343	coop	yield	237
2439345	coop	yield	238
2439347	coop	yield	239
2439349	coop	yield	240
2439351	coop	yield	241
2439353	coop	yield	242
2439355	coop	yield	243
2439357	coop	yield	244
2439359	coop	yield	245
2439361	coop	yield	246
2439363	coop	yield	247
2439365	coop	yield	248
2439367	coop	yield	249
2439370	coop	yield	206
2439372	coop	yield	207
2439374	coop	yield	208
2442828	coop	yield	209
2442831	coop	yield	200
2442834	coop	yield	201
2442836	coop	yield	202
2442838	coop	yield	203
2442839	coop	yield	204
2442842	coop	yield	205
2442872	lifecycle	wave	254
2442876	lifecycle	wave	253
2442883	lifecycle	wave	252
2442886	lifecycle	wave	257
2442889	lifecycle	wave	255
2442892	lifecycle	wave	258
2442895	lifecycle	wave	256
2442898	lifecycle	wave	259
2442902	lifecycle	wave	251
2442905	lifecycle	wave	250
2447591	lifecycle	wave	250
2447597	lifecycle	wave	251
2447600	lifecycle	wave	259
2447603	lifecycle	wave	256
2447607	lifecycle	wave	258
2447610	lifecycle	wave	255
2447613	lifecycle	wave	257
2447616	lifecycle	wave	252
2447619	lifecycle	wave	253
2447623	lifecycle	wave	254
2452177	timer	op	173
2452266	network	connect	895
2452355	network	connect	896
2452404	network	connect	897
2452450	network	connect	898
2452495	network	connect	899
2452606	network	connect	900
2452656	network	connect	901
2452702	network	connect	902
2452747	network	connect	903
2452793	network	connect	904
2452838	network	connect	905
2452890	network	connect	906
2452937	network	connect	907
2452982	network	connect	908
2453027	network	connect	909
2453072	lifecycle	wave	254
2453077	lifecycle	wave	253
2453081	lifecycle	wave	252
2453084	lifecycle	wave	257
2453088	lifecycle	wave	255
2453091	lifecycle	wave	258
2453094	lifecycle	wave	256
2453097	lifecycle	wave	259
2453100	lifecycle	wave	251
2453104	lifecycle	wave	250
2453258	network	reply	895
2453275	network	reply	896
2453288	network	reply	897
2453301	network	reply	898
2453313	network	reply	899
2453386	timer	op	57
2453389	timer	op	58
2453391	timer	op	59
2453669	network	reply	900
2453686	network	reply	901
2453699	network	reply	902
2453712	network	reply	903
2453724	network	reply	904
2453737	network	reply	905
2453749	network	reply	906
2453762	network	reply	907
2453774	network	reply	908
2453787	network	reply	909
2456192	timer	op	133
2456231	timer	op	126
2458551	timer	op	149
2458567	timer	op	66
2458594	lifecycle	wave	250
2458599	lifecycle	wave	251
2458602	lifecycle	wave	259
2458605	lifecycle	wave	256
2458609	lifecycle	wave	258
2458612	lifecycle	wave	255
2458615	lifecycle	wave	257
2458618	lifecycle	wave	252
2458621	lifecycle	wave	253
2458624	lifecycle	wave	254
2459739	timer	op	147
2459748	timer	op	87
2459758	timer	op	174
2459801	timer	op	90
2459803	timer	op	150
2460920	timer	op	43
2460922	timer	op	44
2460978	timer	op	60
2460981	timer	op	48
2460983	timer	op	49
2460986	timer	op	50
2460988	timer	op	51
2460996	timer	op	176
2462076	timer	op	124
2462084	timer	op	25
2462105	timer	op	172
2462160	timer	op	167
2462162	timer	op	168
2462164	timer	op	169
2462167	timer	op	170
2462169	timer	op	171
2462212	timer	op	61
2462225	timer	op	62
2462227	timer	op	63
2462231	timer	op	122
2462235	timer	op	107
2462237	timer	op	108
2462240	timer	op	109
2462242	timer	op	110
2462244	timer	op	111
2462254	timer	op	89
2462263	timer	op	112
2462265	timer	op	113
2462277	timer	op	117
2462286	timer	op	120
2462296	heartbeat	tick	910
2463413	timer	op	163
2463416	timer	op	164
2463418	timer	op	165
2463442	timer	op	125
2463444	timer	op	97
2463484	lifecycle	wave	254
2463488	lifecycle	wave	253
2463491	lifecycle	wave	252
2463494	lifecycle	wave	257
2463497	lifecycle	wave	255
2463501	lifecycle	wave	258
2463504	lifecycle	wave	256
2463507	lifecycle	wave	259
2463510	lifecycle	wave	251
2463513	lifecycle	wave	250
2464624	timer	op	68
2464628	timer	op	175
2464663	timer	op	105
2464667	timer	op	144
2464670	timer	op	145
2464672	timer	op	146
2464687	timer	op	53
2464689	timer	op	54
2464691	timer	op	55
2464693	timer	op	56
2464699	timer	op	67
2464701	timer	op	119
2464709	timer	op	121
2465794	timer	op	134
2465798	timer	op	95
2465822	timer	op	118
2465825	timer	op	148
2465830	timer	op	1
2465839	timer	op	73
2465855	timer	op	98
2465857	timer	op	99
2465860	timer	op	151
2465863	timer	op	135
2465867	timer	op	83
2465869	timer	op	84
2465877	timer	op	127
2466991	timer	op	103
2467003	timer	op	123
2467014	timer	op	96
2467030	timer	op	166
2467045	timer	op	70
2467047	timer	op	71
2467061	timer	op	153
2467063	timer	op	154
2467066	timer	op	155
2467078	timer	op	26
2468159	timer	op	91
2468162	timer	op	92
2468164	timer	op	65
2468171	timer	op	131
2468173	timer	op	132
2468175	timer	op	194
2468178	timer	op	195
2468180	timer	op	196
2468182	timer	op	197
2468188	timer	op	106
2468200	timer	op	198
2468219	timer	op	138
2468222	timer	op	139
2468224	timer	op	140
2468226	timer	op	141
2468228	timer	op	142
2468232	timer	op	143
2468238	timer	op	182
2468248	timer	op	46
2468255	timer	op	18
2468263	timer	op	184
2468272	timer	op	88
2468311	timer	op	115
2468313	timer	op	116
2468316	timer	op	156
2468343	lifecycle	wave	250
2468347	lifecycle	wave	251
2468350	lifecycle	wave	259
2468353	lifecycle	wave	256
2468357	lifecycle	wave	258
2468360	lifecycle	wave	255
2468363	lifecycle	wave	257
2468366	lifecycle	wave	252
2468369	lifecycle	wave	253
2468372	lifecycle	wave	254
2469494	timer	op	129
2469496	timer	op	130
2469498	timer	op	23
2469508	timer	op	72
2469515	timer	op	104
2469518	timer	op	41
2469528	timer	op	45
2469532	timer	op	128
2469564	timer	op	52
2469579	timer	op	37
2470664	timer	op	157
2470678	timer	op	47
2470697	timer	op	42
2470700	timer	op	199
2470712	timer	op	40
2470718	timer	op	102
2470725	timer	op	177
2471814	timer	op	22
2471820	timer	op	185
2471823	timer	op	186
2471835	timer	op	38
2471837	timer	op	39
2471840	timer	op	36
2471871	timer	op	137
2471873	timer	op	158
2471876	timer	op	159
2471887	timer	op	78
2471889	timer	op	79
2471891	timer	op	80
2471908	timer	op	2
2471910	timer	op	3
2471913	timer	op	4
2471915	timer	op	5
2473004	timer	op	6
2473057	timer	op	100
2473060	timer	op	152
2473062	timer	op	136
2473064	timer	op	114
2473094	timer	op	7
2474193	timer	op	179
2474195	timer	op	180
2474198	timer	op	181
2474204	timer	op	86
2474215	timer	op	188
2474217	timer	op	189
2474219	timer	op	190
2474228	timer	op	77
2474236	timer	op	85
2474282	lifecycle	wave	254
2474286	lifecycle	wave	253
2474290	lifecycle	wave	252
2474293	lifecycle	wave	257
2474296	lifecycle	wave	255
2474305	lifecycle	wave	258
2474308	lifecycle	wave	256
2474311	lifecycle	wave	259
2474314	lifecycle	wave	251
2474317	lifecycle	wave	250
2475435	timer	op	8
2475455	timer	op	82
2475459	timer	op	193
2475466	timer	op	183
2475477	timer	op	33
2475479	timer	op	34
2475482	timer	op	35
2475509	timer	op	93
2475511	timer	op	94
2475516	timer	op	74
2475518	timer	op	75
2475530	timer	op	69
2475537	timer	op	76
2476617	timer	op	31
2476620	timer	op	32
2476638	timer	op	187
2476646	timer	op	27
2476648	timer	op	28
2476650	timer	op	29
2476653	timer	op	30
2477801	timer	op	14
2477804	timer	op	15
2477806	timer	op	178
2477812	timer	op	191
2477814	timer	op	192
2477824	timer	op	16
2477826	timer	op	17
2477837	timer	op	21
2477840	timer	op	19
2477842	timer	op	20
2477845	timer	op	9
2477864	timer	op	0
2477866	timer	op	64
2477875	timer	op	81
2478991	timer	op	101
2479001	timer	op	24
2479003	timer	op	161
2480181	timer	op	160
2480231	lifecycle	wave	250
2480236	lifecycle	wave	251
2480239	lifecycle	wave	259
2480242	lifecycle	wave	256
2480245	lifecycle	wave	258
2480295	lifecycle	wave	255
2480299	lifecycle	wave	257
2480302	lifecycle	wave	252
2480305	lifecycle	wave	253
2480309	lifecycle	wave	254
2481479	timer	op	10
2481483	timer	op	11
2481486	timer	op	12
2481488	timer	op	13
2482596	timer	op	162
2486137	lifecycle	wave	254
2486142	lifecycle	wave	253
2486145	lifecycle	wave	252
2486148	lifecycle	wave	257
2486151	lifecycle	wave	255
2486154	lifecycle	wave	258
2486158	lifecycle	wave	256
2486161	lifecycle	wave	259
2486164	lifecycle	wave	251
2486167	lifecycle	wave	250
2492074	lifecycle	wave	250
2492079	lifecycle	wave	251
2492082	lifecycle	wave	259
2492086	lifecycle	wave	256
2492089	lifecycle	wave	258
2492092	lifecycle	wave	255
2492095	lifecycle	wave	257
2492098	lifecycle	wave	252
2492101	lifecycle	wave	253
2492104	lifecycle	wave	254
2496873	lifecycle	wave	254
2496878	lifecycle	wave	253
2496881	lifecycle	wave	252
2496884	lifecycle	wave	257
2496887	lifecycle	wave	255
2496890	lifecycle	wave	258
2496893	lifecycle	wave	256
2496897	lifecycle	wave	259
2496900	lifecycle	wave	251
2496903	lifecycle	wave	250
2501586	lifecycle	wave	250
2501591	lifecycle	wave	251
2501594	lifecycle	wave	259
2501597	lifecycle	wave	256
2501600	lifecycle	wave	258
2501603	lifecycle	wave	255
2501607	lifecycle	wave	257
2501610	lifecycle	wave	252
2501613	lifecycle	wave	253
2501616	lifecycle	wave	254
2506293	lifecycle	wave	254
2506298	lifecycle	wave	253
2506301	lifecycle	wave	252
2506308	lifecycle	wave	257
2506311	lifecycle	wave	255
2506314	lifecycle	wave	258
2506318	lifecycle	wave	256
2506321	lifecycle	wave	259
2506324	lifecycle	wave	251
2506327	lifecycle	wave	250
2508605	timer	op	173
2508642	timer	op	57
2508645	timer	op	58
2508647	timer	op	59
2512132	timer	op	126
2512148	lifecycle	wave	250
2512152	lifecycle	wave	251
2512155	lifecycle	wave	259
2512159	lifecycle	wave	256
2512162	lifecycle	wave	258
2512165	lifecycle	wave	255
2512168	lifecycle	wave	257
2512171	lifecycle	wave	252
2512174	lifecycle	wave	253
2512178	lifecycle	wave	254
2512247	timer	op	133
2512273	timer	op	149
2512294	heartbeat	tick	911
2513399	timer	op	87
2513412	timer	op	174
2513452	timer	op	66
2513483	network	connect	912
2513557	network	connect	913
2513606	network	connect	914
2513653	network	connect	915
2513699	network	connect	916
2513745	network	connect	917
2513791	network	connect	918
2513840	network	connect	919
2513886	network	connect	920
2513932	network	connect	921
2513977	network	connect	922
2514023	network	connect	923
2514069	network	connect	924
2514115	network	connect	925
2514161	network	connect	926
2514335	timer	op	147
2514382	timer	op	60
2514385	timer	op	48
2514387	timer	op	49
2514389	timer	op	50
2514391	timer	op	51
2514402	timer	op	176
2514599	network	reply	912
2514615	network	reply	913
2514628	network	reply	914
2514641	network	reply	915
2514654	network	reply	916
2514666	network	reply	917
2514679	network	reply	918
2514691	network	reply	919
2514704	network	reply	920
2514716	network	reply	921
2514729	network	reply	922
2514741	network	reply	923
2514754	network	reply	924
2514766	network	reply	925
2514779	network	reply	926
2516192	timer	op	172
2516217	timer	op	90
2516220	timer	op	150
2517387	timer	op	124
2517396	timer	op	25
2517415	timer	op	43
2517418	timer	op	44
2517438	timer	op	89
2517445	timer	op	112
2517447	timer	op	113
2517469	lifecycle	wave	254
2517474	lifecycle	wave	253
2517477	lifecycle	wave	252
2517480	lifecycle	wave	257
2517483	lifecycle	wave	255
2517487	lifecycle	wave	258
2517490	lifecycle	wave	256
2517493	lifecycle	wave	259
2517496	lifecycle	wave	251
2517500	lifecycle	wave	250
2518626	timer	op	163
2518629	timer	op	164
2518631	timer	op	165
2518665	timer	op	167
2518668	timer	op	168
2518670	timer	op	169
2518672	timer	op	170
2518676	timer	op	117
2518682	timer	op	120
2518693	timer	op	62
2518696	timer	op	63
2518700	timer	op	122
2518704	timer	op	107
2518706	timer	op	108
2518708	timer	op	109
2518711	timer	op	110
2518713	timer	op	111
2519809	timer	op	125
2519822	timer	op	171
2519851	timer	op	61
2519855	timer	op	53
2519858	timer	op	54
2519860	timer	op	55
2519862	timer	op	56
2519873	timer	op	67
2519875	timer	op	119
2519883	timer	op	121
2520981	timer	op	118
2520984	timer	op	148
2520992	timer	op	1
2520997	timer	op	97
2521048	timer	op	105
2521052	timer	op	144
2521054	timer	op	145
2521057	timer	op	146
2522136	timer	op	73
2522152	timer	op	98
2522155	timer	op	99
2522157	timer	op	134
2522161	timer	op	95
2522173	timer	op	68
2522177	timer	op	175
2522206	timer	op	70
2522208	timer	op	71
2522223	timer	op	153
2522225	timer	op	154
2522227	timer	op	155
2522258	timer	op	26
2522276	timer	op	166
2522304	lifecycle	wave	250
2522308	lifecycle	wave	251
2522311	lifecycle	wave	259
2522314	lifecycle	wave	256
2522317	lifecycle	wave	258
2522320	lifecycle	wave	255
2522333	lifecycle	wave	257
2522336	lifecycle	wave	252
2522339	lifecycle	wave	253
2522342	lifecycle	wave	254
2523460	timer	op	138
2523462	timer	op	139
2523465	timer	op	140
2523467	timer	op	141
2523469	timer	op	142
2523471	timer	op	143
2523483	timer	op	91
2523485	timer	op	92
2523487	timer	op	65
2523497	timer	op	131
2523499	timer	op	132
2523502	timer	op	194
2523504	timer	op	195
2523506	timer	op	196
2523508	timer	op	197
2523514	timer	op	106
2523526	timer	op	198
2523530	timer	op	151
2523533	timer	op	135
2523535	timer	op	83
2523537	timer	op	84
2523545	timer	op	127
2524644	timer	op	103
2524656	timer	op	123
2524664	timer	op	96
2524689	timer	op	52
2524704	timer	op	37
2524714	timer	op	115
2524717	timer	op	116
2524720	timer	op	156
2525821	timer	op	47
2525838	timer	op	129
2525841	timer	op	130
2525843	timer	op	23
2525863	timer	op	157
2525874	timer	op	182
2525884	timer	op	46
2525891	timer	op	18
2525898	timer	op	184
2525908	timer	op	88
2527001	timer	op	72
2527012	timer	op	104
2527015	timer	op	41
2527029	timer	op	45
2527033	timer	op	128
2527053	timer	op	2
2527055	timer	op	3
2527057	timer	op	4
2527059	timer	op	5
2527087	timer	op	137
2527089	timer	op	158
2527091	timer	op	159
2527102	timer	op	78
2527104	timer	op	79
2527107	timer	op	80
2528202	timer	op	22
2528208	timer	op	185
2528210	timer	op	186
2528216	timer	op	6
2528245	timer	op	42
2528247	timer	op	199
2528259	timer	op	40
2528263	timer	op	102
2528275	timer	op	177
2528296	lifecycle	wave	254
2528300	lifecycle	wave	253
2528304	lifecycle	wave	252
2528307	lifecycle	wave	257
2528310	lifecycle	wave	255
2528319	lifecycle	wave	258
2528322	lifecycle	wave	256
2528325	lifecycle	wave	259
2528328	lifecycle	wave	251
2528331	lifecycle	wave	250
2529449	timer	op	38
2529452	timer	op	39
2529455	timer	op	36
2529509	timer	op	7
2529514	timer	op	77
2529522	timer	op	85
2530599	timer	op	82
2530605	timer	op	193
2530609	timer	op	183
2530622	timer	op	33
2530624	timer	op	34
2530626	timer	op	35
2530647	timer	op	8
2530677	timer	op	100
2530680	timer	op	152
2530682	timer	op	136
2530684	timer	op	114
2531781	timer	op	179
2531784	timer	op	180
2531786	timer	op	181
2531792	timer	op	86
2531801	timer	op	188
2531805	timer	op	189
2531808	timer	op	190
2531840	timer	op	69
2531846	timer	op	76
2532950	timer	op	14
2532952	timer	op	15
2532954	timer	op	178
2532962	timer	op	191
2532964	timer	op	192
2532972	timer	op	16
2532975	timer	op	17
2533043	timer	op	93
2533045	timer	op	94
2533050	timer	op	74
2533052	timer	op	75
2534133	timer	op	31
2534135	timer	op	32
2534156	timer	op	187
2534163	timer	op	27
2534166	timer	op	28
2534168	timer	op	29
2534170	timer	op	30
2534199	timer	op	81
2534248	lifecycle	wave	250
2534252	lifecycle	wave	251
2534255	lifecycle	wave	259
2534258	lifecycle	wave	256
2534261	lifecycle	wave	258
2534268	timer	op	21
2534270	timer	op	19
2534273	timer	op	20
2534276	timer	op	9
2534294	timer	op	0
2534296	timer	op	64
2534301	coop	yield	210
2534303	coop	yield	211
2534305	coop	yield	212
2534307	coop	yield	213
2534309	coop	yield	214
2534311	coop	yield	215
2534313	coop	yield	216
2534315	coop	yield	217
2534317	coop	yield	218
2534319	coop	yield	219
2534321	coop	yield	220
2534323	coop	yield	221
2534325	coop	yield	222
2534330	coop	yield	223
2534332	coop	yield	224
2534334	coop	yield	225
2534336	coop	yield	226
2534338	coop	yield	227
2534340	coop	yield	228
2534342	coop	yield	229
2534344	coop	yield	230
2534346	coop	yield	231
2534348	coop	yield	232
2534350	coop	yield	233
2534352	coop	yield	234
2534354	coop	yield	235
2534356	coop	yield	236
2534358	coop	yield	237
2534360	coop	yield	238
2534362	coop	yield	239
2534364	coop	yield	240
2534366	coop	yield	241
2534368	coop	yield	242
2534370	coop	yield	243
2534372	coop	yield	244
2534374	coop	yield	245
2534376	coop	yield	246
2534378	coop	yield	247
2534380	coop	yield	248
2534382	coop	yield	249
2534384	coop	yield	206
2534386	coop	yield	207
2534388	coop	yield	208
2534391	lifecycle	wave	255
2534395	lifecycle	wave	257
2534399	lifecycle	wave	252
2534402	lifecycle	wave	253
2534405	lifecycle	wave	254
2535540	timer	op	101
2535548	timer	op	24
2535550	timer	op	161
2536741	timer	op	160
2537835	timer	op	10
2537837	timer	op	11
2537839	timer	op	12
2537842	timer	op	13
2537912	coop	yield	209
2537915	coop	yield	200
2537917	coop	yield	201
2537919	coop	yield	202
2537921	coop	yield	203
2537923	coop	yield	204
2537925	coop	yield	205
2539116	timer	op	162
2540312	lifecycle	wave	254
2540317	lifecycle	wave	253
2540320	lifecycle	wave	252
2540323	lifecycle	wave	257
2540326	lifecycle	wave	255
2540329	lifecycle	wave	258
2540333	lifecycle	wave	256
2540336	lifecycle	wave	259
2540339	lifecycle	wave	251
2540342	lifecycle	wave	250
2546249	lifecycle	wave	250
2546254	lifecycle	wave	251
2546257	lifecycle	wave	259
2546260	lifecycle	wave	256
2546264	lifecycle	wave	258
2546299	lifecycle	wave	255
2546303	lifecycle	wave	257
2546307	lifecycle	wave	252
2546310	lifecycle	wave	253
2546313	lifecycle	wave	254
2552132	lifecycle	wave	254
2552141	lifecycle	wave	253
2552144	lifecycle	wave	252
2552147	lifecycle	wave	257
2552150	lifecycle	wave	255
2552154	lifecycle	wave	258
2552157	lifecycle	wave	256
2552160	lifecycle	wave	259
2552163	lifecycle	wave	251
2552166	lifecycle	wave	250
2558083	lifecycle	wave	250
2558088	lifecycle	wave	251
2558092	lifecycle	wave	259
2558095	lifecycle	wave	256
2558098	lifecycle	wave	258
2558101	lifecycle	wave	255
2558104	lifecycle	wave	257
2558108	lifecycle	wave	252
2558111	lifecycle	wave	253
2558114	lifecycle	wave	254
2562778	heartbeat	tick	927
2562791	lifecycle	wave	254
2562796	lifecycle	wave	253
2562799	lifecycle	wave	252
2562802	lifecycle	wave	257
2562805	lifecycle	wave	255
2562808	lifecycle	wave	258
2562811	lifecycle	wave	256
2562815	lifecycle	wave	259
2562818	lifecycle	wave	251
2562821	lifecycle	wave	250
2565083	timer	op	57
2565086	timer	op	58
2565088	timer	op	59
2565148	timer	op	173
2567499	lifecycle	wave	250
2567504	lifecycle	wave	251
2567507	lifecycle	wave	259
2567510	lifecycle	wave	256
2567513	lifecycle	wave	258
2567516	lifecycle	wave	255
2567520	lifecycle	wave	257
2567523	lifecycle	wave	252
2567526	lifecycle	wave	253
2567529	lifecycle	wave	254
2568662	timer	op	126
2569789	timer	op	149
2569817	timer	op	133
2570949	timer	op	66
2571011	timer	op	87
2571021	timer	op	174
2572116	timer	op	60
2572119	timer	op	48
2572121	timer	op	49
2572123	timer	op	50
2572125	timer	op	51
2572185	timer	op	147
2572237	timer	op	90
2572240	timer	op	150
2572263	timer	op	172
2572301	lifecycle	wave	254
2572305	lifecycle	wave	253
2572308	lifecycle	wave	252
2572311	lifecycle	wave	257
2572314	lifecycle	wave	255
2572318	lifecycle	wave	258
2572321	lifecycle	wave	256
2572324	lifecycle	wave	259
2572327	lifecycle	wave	251
2572330	lifecycle	wave	250
2573451	timer	op	89
2573459	timer	op	112
2573461	timer	op	113
2573495	timer	op	43
2573498	timer	op	44
2573524	timer	op	176
2574616	timer	op	124
2574626	timer	op	25
2574636	timer	op	62
2574639	timer	op	63
2574643	timer	op	122
2574647	timer	op	107
2574651	timer	op	108
2574653	timer	op	109
2574656	timer	op	110
2574658	timer	op	111
2574691	timer	op	167
2574693	timer	op	168
2574695	timer	op	169
2574711	timer	op	163
2574714	timer	op	164
2574716	timer	op	165
2574725	network	connect	928
2574801	network	connect	929
2574850	network	connect	930
2574896	network	connect	931
2574942	network	connect	932
2574988	network	connect	933
2575050	network	connect	934
2575098	network	connect	935
2575145	network	connect	936
2575191	network	connect	937
2575237	network	connect	938
2575283	network	connect	939
2575329	network	connect	940
2575375	network	connect	941
2575421	network	connect	942
2575566	timer	op	61
2575579	timer	op	53
2575581	timer	op	54
2575584	timer	op	55
2575586	timer	op	56
2575592	timer	op	67
2575594	timer	op	119
2575647	timer	op	170
2575655	timer	op	117
2575667	timer	op	120
2575875	network	reply	928
2575891	network	reply	929
2575905	network	reply	930
2575917	network	reply	931
2575930	network	reply	932
2575942	network	reply	933
2575955	network	reply	934
2575967	network	reply	935
2575980	network	reply	936
2575992	network	reply	937
2576005	network	reply	938
2576017	network	reply	939
2576030	network	reply	940
2576042	network	reply	941
2576055	network	reply	942
2576382	timer	op	125
2576394	timer	op	171
2576409	timer	op	105
2576413	timer	op	144
2576415	timer	op	145
2576417	timer	op	146
2576456	timer	op	118
2576461	timer	op	148
2576466	timer	op	1
2576472	timer	op	97
2577560	timer	op	70
2577563	timer	op	71
2577577	timer	op	153
2577580	timer	op	154
2577582	timer	op	155
2577585	timer	op	68
2577589	timer	op	175
2577618	timer	op	73
2577632	timer	op	121
2577665	lifecycle	wave	250
2577669	lifecycle	wave	251
2577673	lifecycle	wave	259
2577676	lifecycle	wave	256
2577679	lifecycle	wave	258
2577683	lifecycle	wave	255
2577686	lifecycle	wave	257
2577689	lifecycle	wave	252
2577692	lifecycle	wave	253
2577695	lifecycle	wave	254
2578810	timer	op	98
2578812	timer	op	99
2578815	timer	op	134
2578821	timer	op	95
2578838	timer	op	166
2578858	timer	op	127
2578881	timer	op	106
2578891	timer	op	198
2578897	timer	op	151
2578900	timer	op	135
2578902	timer	op	83
2578908	timer	op	84
2580006	timer	op	52
2580029	timer	op	103
2580041	timer	op	123
2580045	timer	op	96
2580076	timer	op	138
2580078	timer	op	139
2580081	timer	op	140
2580093	timer	op	26
2581168	timer	op	141
2581171	timer	op	142
2581173	timer	op	143
2581184	timer	op	91
2581186	timer	op	92
2581189	timer	op	65
2581198	timer	op	131
2581200	timer	op	132
2581202	timer	op	194
2581205	timer	op	195
2581207	timer	op	196
2581209	timer	op	197
2581230	timer	op	46
2581239	timer	op	18
2581244	timer	op	184
2581253	timer	op	88
2581265	timer	op	157
2581281	timer	op	182
2582392	timer	op	2
2582394	timer	op	3
2582397	timer	op	4
2582399	timer	op	5
2582410	timer	op	72
2582417	timer	op	104
2582420	timer	op	41
2582430	timer	op	45
2582434	timer	op	128
2582450	timer	op	47
2582459	timer	op	37
2582469	timer	op	115
2582471	timer	op	116
2582474	timer	op	156
2582494	lifecycle	wave	254
2582498	lifecycle	wave	253
2582501	lifecycle	wave	252
2582504	lifecycle	wave	257
2582507	lifecycle	wave	255
2582510	lifecycle	wave	258
2582514	lifecycle	wave	256
2582517	lifecycle	wave	259
2582520	lifecycle	wave	251
2582523	lifecycle	wave	250
2583643	timer	op	129
2583646	timer	op	130
2583649	timer	op	23
2583662	timer	op	137
2583665	timer	op	158
2583667	timer	op	159
2583680	timer	op	78
2583682	timer	op	79
2583685	timer	op	80
2583689	timer	op	42
2583692	timer	op	199
2583704	timer	op	40
2583710	timer	op	102
2583719	timer	op	177
2584834	timer	op	38
2584837	timer	op	39
2584839	timer	op	36
2585982	timer	op	22
2585988	timer	op	185
2585990	timer	op	186
2585996	timer	op	6
2586012	timer	op	85
2586027	timer	op	100
2586030	timer	op	152
2586032	timer	op	136
2586036	timer	op	114
2587168	timer	op	179
2587171	timer	op	180
2587173	timer	op	181
2587178	timer	op	86
2587186	timer	op	188
2587189	timer	op	189
2587198	timer	op	190
2587201	timer	op	82
2587205	timer	op	193
2587208	timer	op	183
2587231	timer	op	7
2587237	timer	op	77
2587259	timer	op	93
2587261	timer	op	94
2587271	timer	op	74
2587273	timer	op	75
2587316	lifecycle	wave	250
2587320	lifecycle	wave	251
2587324	lifecycle	wave	259
2587327	lifecycle	wave	256
2587330	lifecycle	wave	258
2587343	lifecycle	wave	255
2587346	lifecycle	wave	257
2587349	lifecycle	wave	252
2587352	lifecycle	wave	253
2587355	lifecycle	wave	254
2588458	timer	op	29
2588461	timer	op	30
2588485	timer	op	31
2588487	timer	op	32
2588500	timer	op	33
2588502	timer	op	34
2588505	timer	op	35
2588534	timer	op	8
2589634	timer	op	187
2589647	timer	op	27
2589649	timer	op	28
2589653	timer	op	14
2589656	timer	op	15
2589658	timer	op	178
2589663	timer	op	191
2589665	timer	op	192
2589686	timer	op	69
2589691	timer	op	76
2589705	timer	op	0
2589708	timer	op	64
2590835	timer	op	16
2590837	timer	op	17
2590872	timer	op	21
2590874	timer	op	19
2590879	timer	op	20
2590882	timer	op	9
2591979	timer	op	101
2591989	timer	op	24
2591992	timer	op	161
2592015	timer	op	81
2593159	timer	op	10
2593161	timer	op	11
2593163	timer	op	12
2593166	timer	op	13
2593215	timer	op	160
2593241	lifecycle	wave	254
2593245	lifecycle	wave	253
2593248	lifecycle	wave	252
2593252	lifecycle	wave	257
2593255	lifecycle	wave	255
2593259	timer	op	162
2593299	lifecycle	wave	258
2593303	lifecycle	wave	256
2593307	lifecycle	wave	259
2593310	lifecycle	wave	251
2593313	lifecycle	wave	250
2599153	lifecycle	wave	250
2599158	lifecycle	wave	251
2599161	lifecycle	wave	259
2599164	lifecycle	wave	256
2599167	lifecycle	wave	258
2599171	lifecycle	wave	255
2599174	lifecycle	wave	257
2599177	lifecycle	wave	252
2599180	lifecycle	wave	253
2599183	lifecycle	wave	254
2605100	lifecycle	wave	254
2605105	lifecycle	wave	253
2605109	lifecycle	wave	252
2605112	lifecycle	wave	257
2605115	lifecycle	wave	255
2605118	lifecycle	wave	258
2605121	lifecycle	wave	256
2605124	lifecycle	wave	259
2605128	lifecycle	wave	251
2605131	lifecycle	wave	250
2609890	lifecycle	wave	251
2609895	lifecycle	wave	259
2609898	lifecycle	wave	256
2609901	lifecycle	wave	258
2609905	lifecycle	wave	255
2609908	lifecycle	wave	257
2609911	lifecycle	wave	252
2609914	lifecycle	wave	253
2609917	lifecycle	wave	254
2611103	lifecycle	wave	250
2612278	heartbeat	tick	943
2614593	lifecycle	wave	254
2614602	lifecycle	wave	253
2614606	lifecycle	wave	252
2614609	lifecycle	wave	257
2614612	lifecycle	wave	255
2614615	lifecycle	wave	258
2614618	lifecycle	wave	256
2614621	lifecycle	wave	259
2614625	lifecycle	wave	251
2615830	lifecycle	wave	250
2618060	timer	op	57
2618063	timer	op	58
2618065	timer	op	59
2619307	lifecycle	wave	251
2619312	lifecycle	wave	259
2619315	lifecycle	wave	256
2619318	lifecycle	wave	258
2619321	lifecycle	wave	255
2619325	lifecycle	wave	257
2619328	lifecycle	wave	252
2619331	lifecycle	wave	253
2619335	lifecycle	wave	254
2620538	lifecycle	wave	250
2621624	timer	op	173
2622772	timer	op	149
2623957	timer	op	126
2623986	timer	op	87
2623994	timer	op	174
2625092	timer	op	60
2625097	timer	op	48
2625099	timer	op	49
2625101	timer	op	50
2625104	timer	op	51
2625121	timer	op	133
2625198	lifecycle	wave	254
2625202	lifecycle	wave	253
2625205	lifecycle	wave	252
2625208	lifecycle	wave	257
2625211	lifecycle	wave	255
2625283	timer	op	172
2625300	lifecycle	wave	258
2625304	lifecycle	wave	256
2625307	lifecycle	wave	259
2625311	lifecycle	wave	251
2625324	lifecycle	wave	250
2626434	timer	op	89
2626444	timer	op	112
2626446	timer	op	113
2626498	timer	op	66
2627598	timer	op	147
2627641	timer	op	90
2627643	timer	op	150
2627656	timer	op	167
2627658	timer	op	168
2627661	timer	op	169
2627678	timer	op	163
2627680	timer	op	164
2627683	timer	op	165
2628761	timer	op	61
2628766	timer	op	53
2628768	timer	op	54
2628771	timer	op	55
2628773	timer	op	56
2628778	timer	op	67
2628781	timer	op	119
2628803	timer	op	43
2628805	timer	op	44
2628836	timer	op	176
2628856	coop	yield	210
2628858	coop	yield	211
2628860	coop	yield	212
2628862	coop	yield	213
2628864	coop	yield	214
2628866	coop	yield	215
2628869	coop	yield	216
2628871	coop	yield	217
2628872	coop	yield	218
2628875	coop	yield	219
2628877	coop	yield	220
2628879	coop	yield	221
2628881	coop	yield	222
2628883	coop	yield	223
2628885	coop	yield	224
2628886	coop	yield	225
2628888	coop	yield	226
2628891	coop	yield	227
2628893	coop	yield	228
2628895	coop	yield	229
2628897	coop	yield	230
2628899	coop	yield	231
2628901	coop	yield	232
2628902	coop	yield	233
2628904	coop	yield	234
2628906	coop	yield	235
2628908	coop	yield	236
2628910	coop	yield	237
2628912	coop	yield	238
2628914	coop	yield	239
2628916	coop	yield	240
2628918	coop	yield	241
2628920	coop	yield	242
2628922	coop	yield	243
2628924	coop	yield	244
2628926	coop	yield	245
2628928	coop	yield	246
2628930	coop	yield	247
2628932	coop	yield	248
2628934	coop	yield	249
2628937	coop	yield	206
2628939	coop	yield	207
2628941	coop	yield	208
2630027	timer	op	124
2630038	timer	op	25
2630046	timer	op	62
2630048	timer	op	63
2630052	timer	op	122
2630058	timer	op	107
2630060	timer	op	108
2630063	timer	op	109
2630065	timer	op	110
2630067	timer	op	111
2630102	timer	op	118
2630105	timer	op	148
2630113	timer	op	1
2630118	timer	op	97
2631199	coop	yield	209
2631201	coop	yield	200
2631204	coop	yield	201
2631206	coop	yield	202
2631208	coop	yield	203
2631210	coop	yield	204
2631212	coop	yield	205
2631227	timer	op	70
2631229	timer	op	71
2631243	timer	op	153
2631245	timer	op	154
2631248	timer	op	155
2631253	timer	op	68
2631257	timer	op	175
2631296	timer	op	170
2631300	timer	op	117
2631306	timer	op	120
2631340	lifecycle	wave	250
2631345	lifecycle	wave	251
2631348	lifecycle	wave	259
2631351	lifecycle	wave	256
2631354	lifecycle	wave	258
2631357	lifecycle	wave	255
2631360	lifecycle	wave	257
2631364	lifecycle	wave	252
2631367	lifecycle	wave	253
2631370	lifecycle	wave	254
2632482	timer	op	125
2632495	timer	op	171
2632506	timer	op	105
2632510	timer	op	144
2632512	timer	op	145
2632514	timer	op	146
2632555	timer	op	106
2632565	timer	op	198
2632570	timer	op	151
2632572	timer	op	135
2632574	timer	op	83
2632576	timer	op	84
2633653	timer	op	52
2633675	timer	op	103
2633695	timer	op	73
2633708	timer	op	121
2634801	timer	op	98
2634803	timer	op	99
2634812	timer	op	134
2634816	timer	op	95
2634830	timer	op	166
2634851	timer	op	127
2634867	timer	op	88
2634882	timer	op	157
2634892	timer	op	182
2635992	timer	op	2
2635994	timer	op	3
2635997	timer	op	4
2635999	timer	op	5
2636013	timer	op	72
2636018	timer	op	104
2636032	timer	op	123
2636036	timer	op	96
2636053	timer	op	138
2636055	timer	op	139
2636057	timer	op	140
2636084	timer	op	26
2636103	network	connect	944
2636179	network	connect	945
2636227	network	connect	946
2636277	network	connect	947
2636323	network	connect	948
2636369	network	connect	949
2636414	network	connect	950
2636463	network	connect	951
2636509	network	connect	952
2636555	network	connect	953
2636605	network	connect	954
2636651	network	connect	955
2636696	network	connect	956
2636741	network	connect	957
2636788	network	connect	958
2636940	timer	op	184
2636949	timer	op	91
2636951	timer	op	92
2636954	timer	op	65
2636964	timer	op	131
2636966	timer	op	132
2636968	timer	op	194
2636971	timer	op	195
2636973	timer	op	196
2636975	timer	op	197
2636999	timer	op	46
2637005	timer	op	18
2637011	timer	op	102
2637020	timer	op	177
2637247	lifecycle	wave	254
2637252	lifecycle	wave	253
2637255	lifecycle	wave	252
2637259	lifecycle	wave	257
2637262	lifecycle	wave	255
2637265	lifecycle	wave	258
2637268	lifecycle	wave	256
2637271	lifecycle	wave	259
2637275	lifecycle	wave	251
2637278	lifecycle	wave	250
2637316	network	reply	944
2637333	network	reply	945
2637346	network	reply	946
2637359	network	reply	947
2637371	network	reply	948
2637384	network	reply	949
2637396	network	reply	950
2637409	network	reply	951
2637421	network	reply	952
2637434	network	reply	953
2637447	network	reply	954
2637459	network	reply	955
2637471	network	reply	956
2637484	network	reply	957
2637496	network	reply	958
2637538	timer	op	38
2637540	timer	op	39
2637543	timer	op	36
2637557	timer	op	45
2637561	timer	op	128
2637578	timer	op	47
2637592	timer	op	37
2637601	timer	op	115
2637603	timer	op	116
2637606	timer	op	156
2637612	timer	op	41
2637616	timer	op	141
2637619	timer	op	142
2637621	timer	op	143
2639027	timer	op	40
2639041	timer	op	129
2639044	timer	op	130
2639046	timer	op	23
2639058	timer	op	137
2639060	timer	op	158
2639062	timer	op	159
2639074	timer	op	78
2639076	timer	op	79
2639078	timer	op	80
2639083	timer	op	42
2639085	timer	op	199
2641387	timer	op	22
2641399	timer	op	185
2641403	timer	op	186
2641417	timer	op	6
2641436	timer	op	85
2641476	timer	op	100
2641480	timer	op	152
2641484	timer	op	136
2641489	timer	op	114
2641504	timer	op	93
2641508	timer	op	94
2641517	timer	op	74
2641522	timer	op	75
2642642	timer	op	29
2642645	timer	op	30
2642668	timer	op	31
2642671	timer	op	32
2642681	timer	op	179
2642684	timer	op	180
2642686	timer	op	181
2642690	timer	op	86
2642701	timer	op	188
2642703	timer	op	189
2642705	timer	op	190
2642710	timer	op	82
2642714	timer	op	193
2642717	timer	op	183
2642744	timer	op	7
2642763	lifecycle	wave	250
2642767	lifecycle	wave	251
2642770	lifecycle	wave	259
2642774	lifecycle	wave	256
2642777	lifecycle	wave	258
2642780	lifecycle	wave	255
2642784	lifecycle	wave	257
2642787	lifecycle	wave	252
2642790	lifecycle	wave	253
2642793	lifecycle	wave	254
2643902	timer	op	77
2643939	timer	op	8
2643975	timer	op	0
2643979	timer	op	64
2645119	timer	op	187
2645129	timer	op	27
2645131	timer	op	28
2645136	timer	op	14
2645138	timer	op	15
2645140	timer	op	178
2645148	timer	op	191
2645150	timer	op	192
2645168	timer	op	69
2645176	timer	op	76
2645182	timer	op	33
2645184	timer	op	34
2645186	timer	op	35
2645226	timer	op	21
2645228	timer	op	19
2645231	timer	op	20
2645234	timer	op	9
2646367	timer	op	10
2646370	timer	op	11
2646372	timer	op	12
2646374	timer	op	13
2646384	timer	op	101
2646393	timer	op	24
2646396	timer	op	161
2646418	timer	op	81
2646426	timer	op	16
2646428	timer	op	17
2647573	timer	op	160
2647583	timer	op	162
2647623	lifecycle	wave	254
2647627	lifecycle	wave	253
2647630	lifecycle	wave	252
2647633	lifecycle	wave	257
2647636	lifecycle	wave	255
2647639	lifecycle	wave	258
2647642	lifecycle	wave	256
2647646	lifecycle	wave	259
2647649	lifecycle	wave	251
2647652	lifecycle	wave	250
2652301	lifecycle	wave	250
2652306	lifecycle	wave	251
2652309	lifecycle	wave	259
2652312	lifecycle	wave	256
2652315	lifecycle	wave	258
2652319	lifecycle	wave	255
2652322	lifecycle	wave	257
2652325	lifecycle	wave	252
2652329	lifecycle	wave	253
2652332	lifecycle	wave	254
2658130	lifecycle	wave	254
2658139	lifecycle	wave	253
2658143	lifecycle	wave	252
2658146	lifecycle	wave	257
2658149	lifecycle	wave	255
2658152	lifecycle	wave	258
2658155	lifecycle	wave	256
2658159	lifecycle	wave	259
2658162	lifecycle	wave	251
2658165	lifecycle	wave	250
2662916	heartbeat	tick	959
2664085	lifecycle	wave	250
2664090	lifecycle	wave	251
2664093	lifecycle	wave	259
2664096	lifecycle	wave	256
2664099	lifecycle	wave	258
2664102	lifecycle	wave	255
2664106	lifecycle	wave	257
2664109	lifecycle	wave	252
2664112	lifecycle	wave	253
2664115	lifecycle	wave	254
2668873	lifecycle	wave	254
2668878	lifecycle	wave	253
2668881	lifecycle	wave	252
2668884	lifecycle	wave	257
2668888	lifecycle	wave	255
2668891	lifecycle	wave	258
2668894	lifecycle	wave	256
2668897	lifecycle	wave	259
2668900	lifecycle	wave	251
2668903	lifecycle	wave	250
2672348	timer	op	57
2672352	timer	op	58
2672354	timer	op	59
2673588	lifecycle	wave	250
2673592	lifecycle	wave	251
2673595	lifecycle	wave	259
2673598	lifecycle	wave	256
2673602	lifecycle	wave	258
2673605	lifecycle	wave	255
2673608	lifecycle	wave	257
2673611	lifecycle	wave	252
2673614	lifecycle	wave	253
2673617	lifecycle	wave	254
2677047	timer	op	149
2677068	timer	op	173
2678279	timer	op	174
2678298	lifecycle	wave	254
2678302	lifecycle	wave	253
2678305	lifecycle	wave	252
2678308	lifecycle	wave	257
2678312	lifecycle	wave	255
2678315	lifecycle	wave	258
2678318	lifecycle	wave	256
2678321	lifecycle	wave	259
2678325	lifecycle	wave	251
2678328	lifecycle	wave	250
2679456	timer	op	60
2679459	timer	op	48
2679463	timer	op	49
2679466	timer	op	50
2679468	timer	op	51
2679506	timer	op	126
2679531	timer	op	87
2680619	timer	op	133
2680677	timer	op	172
2681762	timer	op	89
2681772	timer	op	112
2682917	timer	op	113
2682968	timer	op	66
2682997	timer	op	163
2682999	timer	op	164
2683001	timer	op	165
2684088	timer	op	61
2684094	timer	op	53
2684097	timer	op	54
2684099	timer	op	55
2684101	timer	op	56
2684107	timer	op	67
2684109	timer	op	119
2684144	timer	op	147
2684175	timer	op	90
2684177	timer	op	150
2684190	timer	op	167
2684192	timer	op	168
2684194	timer	op	169
2684225	lifecycle	wave	250
2684229	lifecycle	wave	251
2684232	lifecycle	wave	259
2684235	lifecycle	wave	256
2684238	lifecycle	wave	258
2684266	timer	op	176
2684288	timer	op	118
2684291	timer	op	148
2684301	timer	op	1
2684307	timer	op	97
2684317	lifecycle	wave	255
2684321	lifecycle	wave	257
2684325	lifecycle	wave	252
2684328	lifecycle	wave	253
2684331	lifecycle	wave	254
2685451	timer	op	70
2685454	timer	op	71
2685482	timer	op	25
2685490	timer	op	62
2685492	timer	op	63
2685498	timer	op	122
2685502	timer	op	107
2685505	timer	op	108
2685507	timer	op	109
2685509	timer	op	110
2685511	timer	op	111
2685542	timer	op	43
2685545	timer	op	44
2686661	timer	op	170
2686667	timer	op	117
2686678	timer	op	124
2686693	timer	op	198
2686698	timer	op	151
2686700	timer	op	135
2686703	timer	op	83
2686705	timer	op	84
2687790	timer	op	52
2687799	timer	op	120
2687815	timer	op	171
2687825	timer	op	105
2687829	timer	op	144
2687831	timer	op	145
2687835	timer	op	146
2687854	timer	op	153
2687856	timer	op	154
2687859	timer	op	155
2687864	timer	op	68
2687868	timer	op	175
2688984	timer	op	106
2688995	timer	op	73
2689008	timer	op	121
2689029	timer	op	125
2689040	timer	op	157
2689051	timer	op	182
2690170	timer	op	166
2690186	timer	op	127
2690204	timer	op	103
2690235	lifecycle	wave	254
2690239	lifecycle	wave	253
2690242	lifecycle	wave	252
2690245	lifecycle	wave	257
2690249	lifecycle	wave	255
2690253	timer	op	138
2690255	timer	op	139
2690257	timer	op	140
2690274	timer	op	98
2690277	timer	op	99
2690282	timer	op	134
2690285	timer	op	95
2690316	lifecycle	wave	258
2690320	lifecycle	wave	256
2690323	lifecycle	wave	259
2690326	lifecycle	wave	251
2690329	lifecycle	wave	250
2691467	timer	op	26
2691478	timer	op	91
2691481	timer	op	92
2691483	timer	op	65
2691492	timer	op	131
2691494	timer	op	132
2691497	timer	op	194
2691499	timer	op	195
2691501	timer	op	196
2691503	timer	op	197
2691522	timer	op	88
2691534	timer	op	123
2691538	timer	op	96
2692637	timer	op	46
2692643	timer	op	2
2692645	timer	op	3
2692648	timer	op	4
2692650	timer	op	5
2692662	timer	op	72
2692671	timer	op	104
2692683	timer	op	37
2692697	timer	op	184
2693816	timer	op	115
2693821	timer	op	116
2693824	timer	op	156
2693829	timer	op	41
2693832	timer	op	141
2693834	timer	op	142
2693836	timer	op	143
2693842	timer	op	129
2693844	timer	op	130
2693846	timer	op	23
2693861	timer	op	137
2693864	timer	op	158
2693867	timer	op	18
2693873	timer	op	102
2693880	timer	op	177
2693891	timer	op	45
2693895	timer	op	128
2693910	timer	op	47
2694997	timer	op	159
2695014	timer	op	78
2695017	timer	op	79
2695019	timer	op	80
2695028	timer	op	42
2695031	timer	op	199
2695045	timer	op	38
2695047	timer	op	39
2695050	timer	op	36
2695078	timer	op	40
2696174	timer	op	29
2696177	timer	op	30
2696206	timer	op	185
2696209	timer	op	186
2696216	timer	op	6
2696280	lifecycle	wave	250
2696285	lifecycle	wave	251
2696288	lifecycle	wave	259
2696291	lifecycle	wave	256
2696294	lifecycle	wave	258
2696303	lifecycle	wave	255
2696306	lifecycle	wave	257
2696309	lifecycle	wave	252
2696313	lifecycle	wave	253
2696316	lifecycle	wave	254
2697437	timer	op	85
2697455	timer	op	100
2697458	timer	op	152
2697498	timer	op	22
2697524	network	connect	960
2697603	network	connect	961
2697652	network	connect	962
2697699	network	connect	963
2697748	network	connect	964
2697794	network	connect	965
2697843	network	connect	966
2697889	network	connect	967
2697938	network	connect	968
2697985	network	connect	969
2698030	network	connect	970
2698075	network	connect	971
2698121	network	connect	972
2698167	network	connect	973
2698216	network	connect	974
2698378	timer	op	7
2698396	timer	op	8
2698403	timer	op	136
2698405	timer	op	114
2698425	timer	op	93
2698427	timer	op	94
2698432	timer	op	74
2698435	timer	op	75
2698455	timer	op	188
2698457	timer	op	189
2698460	timer	op	190
2698463	timer	op	82
2698466	timer	op	193
2698470	timer	op	183
2698676	network	reply	960
2698692	network	reply	961
2698705	network	reply	962
2698718	network	reply	963
2698730	network	reply	964
2698743	network	reply	965
2698755	network	reply	966
2698768	network	reply	967
2698780	network	reply	968
2698793	network	reply	969
2698806	network	reply	970
2698818	network	reply	971
2698831	network	reply	972
2698843	network	reply	973
2698856	network	reply	974
2700260	timer	op	31
2700264	timer	op	32
2700275	timer	op	179
2700277	timer	op	180
2700279	timer	op	181
2700284	timer	op	86
2700305	timer	op	77
2701474	timer	op	69
2701484	timer	op	76
2701496	timer	op	33
2701500	timer	op	34
2701504	timer	op	35
2701557	timer	op	0
2701563	timer	op	64
2701581	timer	op	187
2701601	timer	op	27
2701606	timer	op	28
2701617	timer	op	14
2701626	timer	op	15
2701631	timer	op	178
2701642	timer	op	191
2701648	timer	op	192
2701686	lifecycle	wave	254
2701697	lifecycle	wave	253
2701704	lifecycle	wave	252
2701711	lifecycle	wave	257
2701718	lifecycle	wave	255
2701725	lifecycle	wave	258
2701733	lifecycle	wave	256
2701739	lifecycle	wave	259
2701747	lifecycle	wave	251
2701754	lifecycle	wave	250
2702911	timer	op	21
2702914	timer	op	19
2702916	timer	op	20
2702919	timer	op	9
2702950	timer	op	81
2702960	timer	op	16
2702962	timer	op	17
2704118	timer	op	24
2704121	timer	op	161
2705251	timer	op	10
2705254	timer	op	11
2705256	timer	op	12
2705258	timer	op	13
2705265	timer	op	101
2706483	timer	op	160
2706497	timer	op	162
2706624	lifecycle	wave	250
2706633	lifecycle	wave	251
2706640	lifecycle	wave	259
2706647	lifecycle	wave	256
2706655	lifecycle	wave	258
2706661	lifecycle	wave	255
2706668	lifecycle	wave	257
2706675	lifecycle	wave	252
2706682	lifecycle	wave	253
2706689	lifecycle	wave	254
2711438	lifecycle	wave	254
2711443	lifecycle	wave	253
2711446	lifecycle	wave	252
2711450	lifecycle	wave	257
2711453	lifecycle	wave	255
2711456	lifecycle	wave	258
2711459	lifecycle	wave	256
2711462	lifecycle	wave	259
2711466	lifecycle	wave	251
2711469	lifecycle	wave	250
2712665	heartbeat	tick	975
2717329	lifecycle	wave	250
2717334	lifecycle	wave	251
2717337	lifecycle	wave	259
2717340	lifecycle	wave	256
2717343	lifecycle	wave	258
2717346	lifecycle	wave	255
2717350	lifecycle	wave	257
2717353	lifecycle	wave	252
2717356	lifecycle	wave	253
2717359	lifecycle	wave	254
2723274	lifecycle	wave	254
2723284	lifecycle	wave	253
2723288	lifecycle	wave	252
2723291	lifecycle	wave	257
2723294	lifecycle	wave	255
2723297	coop	yield	210
2723299	coop	yield	211
2723301	coop	yield	212
2723303	coop	yield	213
2723305	coop	yield	214
2723307	coop	yield	215
2723309	coop	yield	216
2723311	coop	yield	217
2723313	coop	yield	218
2723315	coop	yield	219
2723317	coop	yield	220
2723319	coop	yield	221
2723321	coop	yield	222
2723323	coop	yield	223
2723325	coop	yield	224
2723327	coop	yield	225
2723329	coop	yield	226
2723331	coop	yield	227
2723333	coop	yield	228
2723335	coop	yield	229
2723337	coop	yield	230
2723339	coop	yield	231
2723341	coop	yield	232
2723343	coop	yield	233
2723345	coop	yield	234
2723347	coop	yield	235
2723349	coop	yield	236
2723351	coop	yield	237
2723353	coop	yield	238
2723355	coop	yield	239
2723357	coop	yield	240
2723359	coop	yield	241
2723361	coop	yield	242
2723363	coop	yield	243
2723365	coop	yield	244
2723367	coop	yield	245
2723369	coop	yield	246
2723371	coop	yield	247
2723373	coop	yield	248
2723375	coop	yield	249
2723377	coop	yield	206
2723379	coop	yield	207
2723381	coop	yield	208
2723384	lifecycle	wave	258
2723387	lifecycle	wave	256
2723390	lifecycle	wave	259
2723393	lifecycle	wave	251
2723396	lifecycle	wave	250
2726906	coop	yield	209
2726909	coop	yield	200
2726911	coop	yield	201
2726913	coop	yield	202
2726915	coop	yield	203
2726917	coop	yield	204
2726919	coop	yield	205
2729260	lifecycle	wave	250
2729265	lifecycle	wave	251
2729268	lifecycle	wave	259
2729272	lifecycle	wave	256
2729275	lifecycle	wave	258
2729300	lifecycle	wave	255
2729304	lifecycle	wave	257
2729307	lifecycle	wave	252
2729310	lifecycle	wave	253
2729313	lifecycle	wave	254
2730471	timer	op	57
2730474	timer	op	58
2730478	timer	op	59
2735114	timer	op	149
2735136	timer	op	173
2735167	lifecycle	wave	254
2735171	lifecycle	wave	253
2735174	lifecycle	wave	252
2735177	lifecycle	wave	257
2735180	lifecycle	wave	255
2735184	lifecycle	wave	258
2735187	lifecycle	wave	256
2735190	lifecycle	wave	259
2735193	lifecycle	wave	251
2735196	lifecycle	wave	250
2735260	timer	op	174
2736442	timer	op	126
2736473	timer	op	60
2736475	timer	op	48
2736478	timer	op	49
2736480	timer	op	50
2736482	timer	op	51
2737614	timer	op	172
2737664	timer	op	87
2738780	timer	op	89
2738788	timer	op	112
2739902	timer	op	133
2739920	timer	op	66
2739944	timer	op	163
2739947	timer	op	164
2739949	timer	op	165
2741116	timer	op	113
2741123	timer	op	61
2741127	timer	op	53
2741130	timer	op	54
2741132	timer	op	55
2741134	timer	op	56
2741142	timer	op	67
2741144	timer	op	119
2741168	timer	op	147
2741204	lifecycle	wave	250
2741209	lifecycle	wave	251
2741212	lifecycle	wave	259
2741215	lifecycle	wave	256
2741218	lifecycle	wave	258
2741238	timer	op	118
2741241	timer	op	148
2741248	timer	op	1
2741257	timer	op	97
2741288	timer	op	150
2741301	timer	op	167
2741304	timer	op	168
2741306	timer	op	169
2741316	lifecycle	wave	255
2741320	lifecycle	wave	257
2741323	lifecycle	wave	252
2741327	lifecycle	wave	253
2741330	lifecycle	wave	254
2742462	timer	op	122
2742467	timer	op	107
2742469	timer	op	108
2742471	timer	op	109
2742473	timer	op	110
2742476	timer	op	111
2742499	timer	op	70
2742501	timer	op	71
2742530	timer	op	25
2742543	timer	op	176
2743618	timer	op	62
2743621	timer	op	63
2743626	timer	op	90
2743629	timer	op	117
2743649	timer	op	124
2743664	timer	op	198
2743668	timer	op	151
2743671	timer	op	135
2743673	timer	op	83
2743675	timer	op	84
2744784	timer	op	154
2744787	timer	op	155
2744793	timer	op	68
2744798	timer	op	175
2744807	timer	op	105
2744813	timer	op	144
2744815	timer	op	145
2744818	timer	op	146
2744834	timer	op	153
2744849	timer	op	52
2744858	timer	op	120
2744874	timer	op	43
2744877	timer	op	44
2744893	timer	op	170
2745978	timer	op	171
2746003	timer	op	125
2746015	timer	op	157
2746024	timer	op	182
2746030	timer	op	106
2746048	timer	op	73
2747156	timer	op	103
2747161	timer	op	166
2747181	timer	op	127
2747232	timer	op	121
2747256	lifecycle	wave	254
2747261	lifecycle	wave	253
2747264	lifecycle	wave	252
2747267	lifecycle	wave	257
2747270	lifecycle	wave	255
2747287	timer	op	88
2747302	lifecycle	wave	258
2747310	lifecycle	wave	256
2747314	lifecycle	wave	259
2747317	lifecycle	wave	251
2747320	lifecycle	wave	250
2748442	timer	op	72
2748450	timer	op	104
2748489	timer	op	98
2748491	timer	op	99
2748501	timer	op	134
2748505	timer	op	95
2748528	timer	op	123
2748532	timer	op	96
2749620	timer	op	46
2749626	timer	op	2
2749628	timer	op	3
2749632	timer	op	4
2749635	timer	op	5
2749656	timer	op	26
2749665	timer	op	91
2749667	timer	op	92
2749669	timer	op	65
2749681	timer	op	138
2749684	timer	op	139
2749686	timer	op	140
2749695	timer	op	47
2749709	timer	op	102
2749716	timer	op	177
2750795	timer	op	38
2750798	timer	op	39
2750803	timer	op	36
2750810	timer	op	159
2750821	timer	op	131
2750824	timer	op	132
2750826	timer	op	194
2750828	timer	op	195
2750830	timer	op	196
2750832	timer	op	197
2750853	timer	op	184
2750885	timer	op	45
2750889	timer	op	128
2751987	timer	op	78
2751989	timer	op	79
2751992	timer	op	80
2751996	timer	op	42
2751999	timer	op	199
2752022	timer	op	115
2752027	timer	op	116
2752030	timer	op	156
2752036	timer	op	41
2752041	timer	op	141
2752043	timer	op	142
2752045	timer	op	143
2752050	timer	op	129
2752053	timer	op	130
2752055	timer	op	23
2752069	timer	op	37
2753181	timer	op	85
2753200	timer	op	137
2753203	timer	op	158
2753206	timer	op	18
2753216	timer	op	40
2753276	lifecycle	wave	250
2753280	lifecycle	wave	251
2753283	lifecycle	wave	259
2753287	lifecycle	wave	256
2753290	lifecycle	wave	258
2753299	lifecycle	wave	255
2753302	lifecycle	wave	257
2753305	lifecycle	wave	252
2753309	lifecycle	wave	253
2753312	lifecycle	wave	254
2754447	timer	op	100
2754449	timer	op	152
2754454	timer	op	29
2754456	timer	op	30
2754482	timer	op	185
2754484	timer	op	186
2754513	timer	op	93
2754515	timer	op	94
2754520	timer	op	74
2754522	timer	op	75
2755604	timer	op	31
2755607	timer	op	32
2755616	timer	op	179
2755618	timer	op	180
2755620	timer	op	181
2755631	timer	op	6
2755658	timer	op	22
2755687	timer	op	188
2755690	timer	op	189
2755692	timer	op	190
2755695	timer	op	82
2755701	timer	op	193
2755704	timer	op	183
2756811	timer	op	7
2756856	timer	op	191
2756858	timer	op	192
2756869	timer	op	0
2756871	timer	op	64
2757987	timer	op	8
2757992	timer	op	136
2757994	timer	op	114
2758008	timer	op	77
2758035	timer	op	187
2758050	timer	op	27
2758053	timer	op	28
2758057	timer	op	14
2758059	timer	op	15
2758061	timer	op	178
2759145	timer	op	21
2759148	timer	op	19
2759153	timer	op	20
2759156	timer	op	9
2759178	timer	op	69
2759184	timer	op	76
2759192	timer	op	33
2759195	timer	op	34
2759197	timer	op	35
2759204	timer	op	86
2759262	lifecycle	wave	254
2759266	lifecycle	wave	253
2759269	lifecycle	wave	252
2759272	lifecycle	wave	257
2759275	lifecycle	wave	255
2759298	timer	op	24
2759301	timer	op	161
2759318	lifecycle	wave	258
2759322	lifecycle	wave	256
2759325	lifecycle	wave	259
2759328	lifecycle	wave	251
2759331	lifecycle	wave	250
2759337	network	connect	976
2759417	network	connect	977
2759469	network	connect	978
2759515	network	connect	979
2759561	network	connect	980
2759611	network	connect	981
2759657	network	connect	982
2759703	network	connect	983
2759748	network	connect	984
2759793	network	connect	985
2759839	network	connect	986
2759884	network	connect	987
2759932	network	connect	988
2759977	network	connect	989
2760022	network	connect	990
2760238	timer	op	10
2760242	timer	op	11
2760244	timer	op	12
2760246	timer	op	13
2760271	timer	op	81
2760286	timer	op	16
2760289	timer	op	17
2760504	network	reply	976
2760521	network	reply	977
2760534	network	reply	978
2760546	network	reply	979
2760559	network	reply	980
2760571	network	reply	981
2760584	network	reply	982
2760596	network	reply	983
2760609	network	reply	984
2760622	network	reply	985
2760634	network	reply	986
2760647	network	reply	987
2760659	network	reply	988
2760672	network	reply	989
2760690	network	reply	990
2762110	timer	op	162
2763307	heartbeat	tick	991
2764414	timer	op	101
2764489	lifecycle	wave	254
2765625	timer	op	160
2765662	lifecycle	wave	250
2765666	lifecycle	wave	251
2765669	lifecycle	wave	259
2765672	lifecycle	wave	256
2765676	lifecycle	wave	258
2765679	lifecycle	wave	255
2765682	lifecycle	wave	257
2765685	lifecycle	wave	252
2765692	lifecycle	wave	253
2769280	lifecycle	wave	254
2770458	lifecycle	wave	253
2770462	lifecycle	wave	252
2770465	lifecycle	wave	257
2770468	lifecycle	wave	255
2770472	lifecycle	wave	258
2770475	lifecycle	wave	256
2770478	lifecycle	wave	259
2770481	lifecycle	wave	251
2770484	lifecycle	wave	250
2775106	lifecycle	wave	254
2776305	lifecycle	wave	250
2776310	lifecycle	wave	251
2776313	lifecycle	wave	259
2776316	lifecycle	wave	256
2776319	lifecycle	wave	258
2776322	lifecycle	wave	255
2776326	lifecycle	wave	257
2776329	lifecycle	wave	252
2776332	lifecycle	wave	253
2779840	lifecycle	wave	254
2782191	lifecycle	wave	253
2782196	lifecycle	wave	252
2782199	lifecycle	wave	257
2782202	lifecycle	wave	255
2782205	lifecycle	wave	258
2782298	lifecycle	wave	256
2782302	lifecycle	wave	259
2782305	lifecycle	wave	251
2782308	lifecycle	wave	250
2784655	lifecycle	wave	254
2785739	timer	op	57
2785742	timer	op	58
2785744	timer	op	59
2788155	lifecycle	wave	250
2788159	lifecycle	wave	251
2788162	lifecycle	wave	259
2788166	lifecycle	wave	256
2788169	lifecycle	wave	258
2788172	lifecycle	wave	255
2788175	lifecycle	wave	257
2788178	lifecycle	wave	252
2788181	lifecycle	wave	253
2789610	timer	op	149
2789635	timer	op	173
2789696	lifecycle	wave	254
2790853	timer	op	174
2791931	timer	op	60
2791934	timer	op	48
2791936	timer	op	49
2791939	timer	op	50
2791941	timer	op	51
2791992	timer	op	126
2793106	timer	op	87
2793186	timer	op	172
2793274	lifecycle	wave	253
2793278	lifecycle	wave	252
2793281	lifecycle	wave	257
2793284	lifecycle	wave	255
2793287	lifecycle	wave	258
2793291	lifecycle	wave	256
2793294	lifecycle	wave	259
2793297	lifecycle	wave	251
2793300	lifecycle	wave	250
2794420	timer	op	163
2794422	timer	op	164
2794425	timer	op	165
2794479	timer	op	66
2794485	timer	op	89
2794495	timer	op	112
2794529	lifecycle	wave	254
2795625	timer	op	133
2795658	timer	op	150
2795685	timer	op	113
2795692	timer	op	61
2795696	timer	op	53
2795698	timer	op	54
2795701	timer	op	55
2795705	timer	op	56
2796778	timer	op	167
2796780	timer	op	168
2796782	timer	op	169
2796785	timer	op	1
2796791	timer	op	97
2796828	timer	op	122
2796832	timer	op	107
2796835	timer	op	108
2796837	timer	op	109
2796839	timer	op	110
2796841	timer	op	111
2796844	timer	op	147
2796867	timer	op	67
2796869	timer	op	119
2797969	timer	op	118
2797972	timer	op	148
2797983	timer	op	25
2797994	timer	op	176
2798017	timer	op	154
2798040	timer	op	70
2798042	timer	op	71
2799147	timer	op	198
2799152	timer	op	151
2799157	timer	op	135
2799160	timer	op	83
2799162	timer	op	84
2799181	timer	op	175
2799193	timer	op	105
2799197	timer	op	144
2799199	timer	op	145
2799201	timer	op	146
2799217	timer	op	62
2799220	timer	op	63
2799225	timer	op	90
2799228	timer	op	117
2799264	lifecycle	wave	250
2799268	lifecycle	wave	251
2799271	lifecycle	wave	259
2799274	lifecycle	wave	256
2799277	lifecycle	wave	258
2799284	timer	op	153
2799298	timer	op	155
2799301	timer	op	68
2799306	lifecycle	wave	255
2799309	lifecycle	wave	257
2799312	lifecycle	wave	252
2799315	lifecycle	wave	253
2799318	lifecycle	wave	254
2800438	timer	op	182
2800444	timer	op	106
2800456	timer	op	124
2800480	timer	op	43
2800483	timer	op	44
2800492	timer	op	170
2801617	timer	op	73
2801628	timer	op	103
2801633	timer	op	166
2801640	timer	op	171
2801658	timer	op	52
2801674	timer	op	120
2802791	timer	op	125
2802803	timer	op	157
2802819	timer	op	121
2802839	timer	op	88
2802857	timer	op	127
2803929	timer	op	123
2803933	timer	op	96
2803947	timer	op	72
2803952	timer	op	104
2804014	timer	op	2
2804016	timer	op	3
2804019	timer	op	4
2804021	timer	op	5
2805122	timer	op	177
2805146	timer	op	45
2805153	timer	op	98
2805155	timer	op	99
2805158	timer	op	134
2805164	timer	op	95
2805174	timer	op	92
2805176	timer	op	65
2805190	timer	op	138
2805193	timer	op	139
2805195	timer	op	140
2805207	timer	op	47
2805214	timer	op	102
2805233	timer	op	46
2805253	lifecycle	wave	254
2805257	lifecycle	wave	253
2805260	lifecycle	wave	252
2805264	lifecycle	wave	257
2805267	lifecycle	wave	255
2805273	timer	op	26
2805284	timer	op	91
2805306	lifecycle	wave	258
2805310	lifecycle	wave	256
2805313	lifecycle	wave	259
2805320	lifecycle	wave	251
2805327	lifecycle	wave	250
2806451	timer	op	184
2806465	timer	op	128
2806478	timer	op	38
2806480	timer	op	39
2806485	timer	op	36
2806493	timer	op	159
2806504	timer	op	131
2806506	timer	op	132
2806508	timer	op	194
2806511	timer	op	195
2806513	timer	op	196
2806515	timer	op	197
2807623	timer	op	129
2807625	timer	op	130
2807628	timer	op	23
2807642	timer	op	37
2807669	timer	op	78
2807671	timer	op	79
2807673	timer	op	80
2807678	timer	op	42
2807680	timer	op	199
2807690	timer	op	115
2807692	timer	op	116
2807695	timer	op	156
2807703	timer	op	41
2807706	timer	op	141
2807708	timer	op	142
2807710	timer	op	143
2807715	timer	op	100
2807717	timer	op	152
2807721	timer	op	29
2807724	timer	op	30
2808826	timer	op	40
2808861	timer	op	85
2808875	timer	op	137
2808877	timer	op	158
2808881	timer	op	18
2809971	timer	op	185
2809973	timer	op	186
2809997	timer	op	93
2809999	timer	op	94
2810011	timer	op	74
2810013	timer	op	75
2810059	timer	op	31
2810061	timer	op	32
2811170	timer	op	187
2811180	timer	op	22
2811192	timer	op	188
2811195	timer	op	189
2811197	timer	op	190
2811200	timer	op	82
2811204	timer	op	193
2811207	timer	op	183
2811222	timer	op	179
2811225	timer	op	180
2811227	timer	op	181
2811235	timer	op	6
2811272	lifecycle	wave	250
2811276	lifecycle	wave	251
2811279	lifecycle	wave	259
2811282	lifecycle	wave	256
2811286	lifecycle	wave	258
2811302	lifecycle	wave	255
2811305	lifecycle	wave	257
2811308	lifecycle	wave	252
2811311	lifecycle	wave	253
2811314	lifecycle	wave	254
2812473	timer	op	191
2812476	timer	op	192
2812487	timer	op	0
2812489	timer	op	64
2812509	timer	op	7
2812519	timer	op	9
2813608	timer	op	77
2813630	timer	op	27
2813632	timer	op	28
2813636	timer	op	14
2813639	timer	op	15
2813643	timer	op	178
2813668	timer	op	8
2813673	timer	op	136
2813676	timer	op	114
2813703	heartbeat	tick	992
2814797	timer	op	86
2814833	timer	op	21
2814836	timer	op	19
2814838	timer	op	20
2814843	timer	op	69
2814855	timer	op	76
2814861	timer	op	33
2814863	timer	op	34
2814865	timer	op	35
2815944	timer	op	16
2815946	timer	op	17
2815961	timer	op	24
2815963	timer	op	161
2815978	timer	op	10
2815980	timer	op	11
2815982	timer	op	12
2815984	timer	op	13
2816014	timer	op	81
2816036	coop	yield	210
2816038	coop	yield	211
2816040	coop	yield	212
2816042	coop	yield	213
2816044	coop	yield	214
2816046	coop	yield	215
2816048	coop	yield	216
2816050	coop	yield	217
2816052	coop	yield	218
2816055	coop	yield	219
2816056	coop	yield	220
2816058	coop	yield	221
2816060	coop	yield	222
2816062	coop	yield	223
2816064	coop	yield	224
2816066	coop	yield	225
2816068	coop	yield	226
2816070	coop	yield	227
2816072	coop	yield	228
2816074	coop	yield	229
2816076	coop	yield	230
2816078	coop	yield	231
2816080	coop	yield	232
2816082	coop	yield	233
2816084	coop	yield	234
2816086	coop	yield	235
2816088	coop	yield	236
2816090	coop	yield	237
2816092	coop	yield	238
2816094	coop	yield	239
2816096	coop	yield	240
2816098	coop	yield	241
2816100	coop	yield	242
2816102	coop	yield	243
2816104	coop	yield	244
2816106	coop	yield	245
2816108	coop	yield	246
2816110	coop	yield	247
2816112	coop	yield	248
2816114	coop	yield	249
2816116	coop	yield	206
2816118	coop	yield	207
2816120	coop	yield	208
2817253	timer	op	162
2817300	lifecycle	wave	254
2817304	lifecycle	wave	253
2817307	lifecycle	wave	252
2817311	lifecycle	wave	257
2817314	lifecycle	wave	255
2817317	lifecycle	wave	258
2817320	lifecycle	wave	256
2817323	lifecycle	wave	259
2817327	lifecycle	wave	251
2817330	lifecycle	wave	250
2818519	coop	yield	209
2818522	coop	yield	200
2818524	coop	yield	201
2818526	coop	yield	202
2818528	coop	yield	203
2818530	coop	yield	204
2818532	coop	yield	205
2819643	timer	op	101
2820823	timer	op	160
2820857	network	connect	993
2820937	network	connect	994
2820985	network	connect	995
2821032	network	connect	996
2821077	network	connect	997
2821123	network	connect	998
2821168	network	connect	999
2821214	network	connect	1000
2821260	network	connect	1001
2821305	network	connect	1002
2821351	network	connect	1003
2821397	network	connect	1004
2821443	network	connect	1005
2821492	network	connect	1006
2821539	network	connect	1007
2821982	network	reply	993
2822000	network	reply	994
2822013	network	reply	995
2822025	network	reply	996
2822038	network	reply	997
2822050	network	reply	998
2822063	network	reply	999
2822075	network	reply	1000
2822088	network	reply	1001
2822100	network	reply	1002
2822113	network	reply	1003
2822125	network	reply	1004
2822137	network	reply	1005
2822150	network	reply	1006
2822162	network	reply	1007
2822590	lifecycle	wave	250
2822596	lifecycle	wave	251
2822599	lifecycle	wave	259
2822603	lifecycle	wave	256
2822606	lifecycle	wave	258
2822609	lifecycle	wave	255
2822612	lifecycle	wave	257
2822615	lifecycle	wave	252
2822618	lifecycle	wave	253
2822621	lifecycle	wave	254
2827292	lifecycle	wave	254
2827298	lifecycle	wave	253
2827301	lifecycle	wave	252
2827304	lifecycle	wave	257
2827307	lifecycle	wave	255
2827310	lifecycle	wave	258
2827314	lifecycle	wave	256
2827317	lifecycle	wave	259
2827321	lifecycle	wave	251
2827324	lifecycle	wave	250
2833162	lifecycle	wave	250
2833167	lifecycle	wave	251
2833170	lifecycle	wave	259
2833173	lifecycle	wave	256
2833177	lifecycle	wave	258
2833180	lifecycle	wave	255
2833183	lifecycle	wave	257
2833186	lifecycle	wave	252
2833189	lifecycle	wave	253
2833192	lifecycle	wave	254
2839152	lifecycle	wave	254
2839158	lifecycle	wave	253
2839161	lifecycle	wave	252
2839164	lifecycle	wave	257
2839167	lifecycle	wave	255
2839171	lifecycle	wave	258
2839174	lifecycle	wave	256
2839177	lifecycle	wave	259
2839180	lifecycle	wave	251
2839183	lifecycle	wave	250
2841614	timer	op	57
2841617	timer	op	58
2841619	timer	op	59
2845033	timer	op	87
2845056	timer	op	173
2845125	lifecycle	wave	250
2845129	lifecycle	wave	251
2845132	lifecycle	wave	259
2845135	lifecycle	wave	256
2845139	lifecycle	wave	258
2845142	lifecycle	wave	255
2845145	lifecycle	wave	257
2845148	lifecycle	wave	252
2845151	lifecycle	wave	253
2845154	lifecycle	wave	254
2845265	timer	op	149
2846372	timer	op	163
2846374	timer	op	164
2846376	timer	op	165
2846385	timer	op	174
2846427	timer	op	126
2846438	timer	op	48
2846440	timer	op	49
2846443	timer	op	50
2846445	timer	op	51
2847607	timer	op	60
2847617	timer	op	61
2847621	timer	op	53
2847624	timer	op	54
2847626	timer	op	55
2847628	timer	op	56
2848704	timer	op	167
2848706	timer	op	168
2848709	timer	op	169
2848714	timer	op	1
2848720	timer	op	97
2848732	timer	op	172
2848779	timer	op	112
2848797	timer	op	113
2849919	timer	op	66
2849940	timer	op	89
2849952	timer	op	70
2849954	timer	op	71
2851038	timer	op	198
2851043	timer	op	151
2851046	timer	op	135
2851048	timer	op	83
2851050	timer	op	84
2851067	timer	op	133
2851088	timer	op	150
2851139	lifecycle	wave	254
2851144	lifecycle	wave	253
2851147	lifecycle	wave	252
2851150	lifecycle	wave	257
2851153	lifecycle	wave	255
2851156	lifecycle	wave	258
2851159	lifecycle	wave	256
2851163	lifecycle	wave	259
2851166	lifecycle	wave	251
2851169	lifecycle	wave	250
2851210	timer	op	118
2851234	timer	op	122
2851238	timer	op	107
2851240	timer	op	108
2851242	timer	op	109
2851245	timer	op	110
2851247	timer	op	111
2851252	timer	op	147
2851277	timer	op	67
2851279	timer	op	119
2851283	timer	op	153
2851294	timer	op	155
2851298	timer	op	68
2852403	timer	op	182
2852409	timer	op	106
2852412	timer	op	148
2852423	timer	op	25
2852436	timer	op	176
2852457	timer	op	154
2853584	timer	op	124
2853603	timer	op	175
2853612	timer	op	105
2853616	timer	op	144
2853618	timer	op	145
2853623	timer	op	146
2853634	timer	op	62
2853636	timer	op	63
2853642	timer	op	90
2853646	timer	op	117
2854758	timer	op	43
2854761	timer	op	44
2854777	timer	op	170
2854809	timer	op	120
2855900	timer	op	125
2855922	timer	op	73
2855933	timer	op	103
2855938	timer	op	166
2855945	timer	op	171
2855967	timer	op	52
2855973	timer	op	2
2855975	timer	op	3
2855978	timer	op	4
2855980	timer	op	5
2857082	timer	op	177
2857102	timer	op	157
2857120	timer	op	121
2857141	timer	op	88
2857152	timer	op	127
2857197	lifecycle	wave	250
2857201	lifecycle	wave	251
2857204	lifecycle	wave	259
2857207	lifecycle	wave	256
2857210	lifecycle	wave	258
2857213	timer	op	99
2857216	timer	op	134
2857220	timer	op	95
2857228	timer	op	123
2857232	timer	op	96
2857246	timer	op	72
2857260	timer	op	104
2857311	lifecycle	wave	255
2857316	lifecycle	wave	257
2857319	lifecycle	wave	252
2857322	lifecycle	wave	253
2857325	lifecycle	wave	254
2858451	timer	op	92
2858454	timer	op	65
2858465	timer	op	138
2858468	timer	op	139
2858470	timer	op	140
2858484	timer	op	47
2858493	timer	op	102
2858510	timer	op	46
2858518	timer	op	26
2858525	timer	op	45
2858533	timer	op	98
2859620	timer	op	91
2859638	timer	op	128
2859651	timer	op	38
2859654	timer	op	39
2859656	timer	op	36
2859663	timer	op	159
2859674	timer	op	131
2859676	timer	op	132
2859679	timer	op	194
2859681	timer	op	195
2859683	timer	op	196
2859688	timer	op	197
2859710	timer	op	29
2859712	timer	op	30
2860809	timer	op	129
2860812	timer	op	130
2860814	timer	op	23
2860833	timer	op	37
2860854	timer	op	78
2860857	timer	op	79
2860859	timer	op	80
2860864	timer	op	42
2860866	timer	op	199
2860875	timer	op	115
2860877	timer	op	116
2860880	timer	op	156
2860892	timer	op	184
2861968	timer	op	41
2861970	timer	op	141
2861973	timer	op	142
2861975	timer	op	143
2861979	timer	op	100
2861982	timer	op	152
2862015	timer	op	85
2862027	timer	op	137
2862029	timer	op	158
2862039	timer	op	18
2862062	timer	op	31
2862064	timer	op	32
2863179	timer	op	185
2863182	timer	op	186
2863209	timer	op	93
2863212	timer	op	94
2863217	timer	op	74
2863219	timer	op	75
2863249	timer	op	40
2863266	lifecycle	wave	254
2863270	lifecycle	wave	253
2863273	lifecycle	wave	252
2863277	lifecycle	wave	257
2863280	lifecycle	wave	255
2863293	heartbeat	tick	1008
2863296	lifecycle	wave	258
2863300	lifecycle	wave	256
2863303	lifecycle	wave	259
2863306	lifecycle	wave	251
2863309	lifecycle	wave	250
2864441	timer	op	22
2864452	timer	op	188
2864455	timer	op	189
2864457	timer	op	190
2864460	timer	op	82
2864465	timer	op	193
2864469	timer	op	183
2864477	timer	op	179
2864479	timer	op	180
2864482	timer	op	181
2864499	timer	op	6
2865640	timer	op	191
2865643	timer	op	192
2865656	timer	op	0
2865658	timer	op	64
2865676	timer	op	7
2865680	timer	op	187
2866784	timer	op	9
2866805	timer	op	27
2866807	timer	op	28
2866811	timer	op	14
2866814	timer	op	15
2866816	timer	op	178
2866842	timer	op	8
2866846	timer	op	136
2866849	timer	op	114
2867953	timer	op	86
2867987	timer	op	21
2867992	timer	op	19
2867994	timer	op	20
2867999	timer	op	69
2868004	timer	op	76
2868013	timer	op	77
2869133	timer	op	33
2869135	timer	op	34
2869137	timer	op	35
2869159	timer	op	24
2869161	timer	op	161
2869172	timer	op	10
2869177	timer	op	11
2869179	timer	op	12
2869181	timer	op	13
2869207	timer	op	81
2869238	lifecycle	wave	250
2869242	lifecycle	wave	251
2869245	lifecycle	wave	259
2869249	lifecycle	wave	256
2869252	lifecycle	wave	258
2869282	timer	op	16
2869285	timer	op	17
2869301	lifecycle	wave	255
2869305	lifecycle	wave	257
2869308	lifecycle	wave	252
2869311	lifecycle	wave	253
2869314	lifecycle	wave	254
2870496	timer	op	162
2872786	timer	op	101
2873911	timer	op	160
2875120	lifecycle	wave	254
2875124	lifecycle	wave	253
2875127	lifecycle	wave	252
2875130	lifecycle	wave	257
2875134	lifecycle	wave	255
2875137	lifecycle	wave	258
2875140	lifecycle	wave	256
2875143	lifecycle	wave	259
2875146	lifecycle	wave	251
2875150	lifecycle	wave	250
2879895	lifecycle	wave	253
2879901	lifecycle	wave	254
2881081	lifecycle	wave	250
2881085	lifecycle	wave	251
2881089	lifecycle	wave	259
2881092	lifecycle	wave	256
2881095	lifecycle	wave	258
2881098	lifecycle	wave	255
2881101	lifecycle	wave	257
2881105	lifecycle	wave	252
2882303	network	connect	1009
2882380	network	connect	1010
2882431	network	connect	1011
2882478	network	connect	1012
2882523	network	connect	1013
2882569	network	connect	1014
2882615	network	connect	1015
2882661	network	connect	1016
2882707	network	connect	1017
2882752	network	connect	1018
2882798	network	connect	1019
2882843	network	connect	1020
2882888	network	connect	1021
2882934	network	connect	1022
2882980	network	connect	1023
2883329	network	reply	1009
2883346	network	reply	1010
2883359	network	reply	1011
2883372	network	reply	1012
2883384	network	reply	1013
2883397	network	reply	1014
2883410	network	reply	1015
2883422	network	reply	1016
2883435	network	reply	1017
2883447	network	reply	1018
2883464	network	reply	1019
2883477	network	reply	1020
2883489	network	reply	1021
2883502	network	reply	1022
2883515	network	reply	1023
2885054	lifecycle	wave	254
2885060	lifecycle	wave	253
2886279	lifecycle	wave	252
2886283	lifecycle	wave	257
2886286	lifecycle	wave	255
2886289	lifecycle	wave	258
2886293	lifecycle	wave	256
2886296	lifecycle	wave	259
2886299	lifecycle	wave	251
2886303	lifecycle	wave	250
2889796	lifecycle	wave	253
2889801	lifecycle	wave	254
2892115	lifecycle	wave	250
2892119	lifecycle	wave	251
2892122	lifecycle	wave	259
2892125	lifecycle	wave	256
2892129	lifecycle	wave	258
2892132	lifecycle	wave	255
2892135	lifecycle	wave	257
2892138	lifecycle	wave	252
2894568	lifecycle	wave	254
2894573	lifecycle	wave	253
2895663	timer	op	87
2895726	timer	op	57
2895729	timer	op	58
2895731	timer	op	59
2896922	lifecycle	wave	255
2896927	lifecycle	wave	258
2896930	lifecycle	wave	256
2896933	lifecycle	wave	259
2896936	lifecycle	wave	251
2896940	lifecycle	wave	250
2898039	timer	op	163
2898041	timer	op	164
2898043	timer	op	165
2898117	lifecycle	wave	252
2898121	lifecycle	wave	257
2899231	timer	op	173
2899262	timer	op	51
2899280	timer	op	61
2899288	timer	op	53
2899290	timer	op	54
2899293	timer	op	55
2899295	timer	op	56
2899309	lifecycle	wave	253
2899313	lifecycle	wave	254
2900401	timer	op	167
2900403	timer	op	168
2900406	timer	op	169
2900408	timer	op	1
2900416	timer	op	97
2900466	timer	op	149
2900478	timer	op	126
2900487	timer	op	48
2900490	timer	op	49
2900492	timer	op	50
2901584	timer	op	174
2901622	timer	op	112
2901643	timer	op	70
2901645	timer	op	71
2901660	lifecycle	wave	250
2901664	lifecycle	wave	251
2901667	lifecycle	wave	259
2901670	lifecycle	wave	256
2901673	lifecycle	wave	258
2901677	lifecycle	wave	255
2902777	timer	op	198
2902782	timer	op	151
2902784	timer	op	135
2902787	timer	op	83
2902789	timer	op	84
2902801	timer	op	113
2902845	timer	op	60
2902883	lifecycle	wave	257
2902887	lifecycle	wave	252
2903989	timer	op	172
2904049	timer	op	155
2904053	timer	op	68
2905136	timer	op	182
2905178	timer	op	66
2905184	timer	op	89
2905212	lifecycle	wave	254
2905217	lifecycle	wave	253
2905245	timer	op	150
2906390	timer	op	124
2906407	timer	op	122
2906411	timer	op	107
2906415	timer	op	108
2906417	timer	op	109
2906420	timer	op	110
2906422	timer	op	111
2906424	timer	op	147
2906431	timer	op	118
2906455	timer	op	133
2906475	lifecycle	wave	255
2906479	lifecycle	wave	258
2906482	lifecycle	wave	256
2906485	lifecycle	wave	259
2906489	lifecycle	wave	251
2906492	lifecycle	wave	250
2907600	timer	op	67
2907603	timer	op	119
2907607	timer	op	153
2907610	timer	op	154
2907629	timer	op	176
2907650	timer	op	120
2907674	lifecycle	wave	252
2907678	lifecycle	wave	257
2908764	timer	op	177
2908782	timer	op	125
2908791	timer	op	175
2908802	timer	op	105
2908806	timer	op	144
2908809	timer	op	145
2908811	timer	op	146
2908837	timer	op	106
2908840	timer	op	148
2908853	timer	op	25
2908861	coop	yield	210
2908863	coop	yield	211
2908865	coop	yield	212
2908867	coop	yield	213
2908869	coop	yield	214
2908871	coop	yield	215
2908873	coop	yield	216
2908875	coop	yield	217
2908877	coop	yield	218
2908879	coop	yield	219
2908881	coop	yield	220
2908883	coop	yield	221
2908885	coop	yield	222
2908887	coop	yield	223
2908889	coop	yield	224
2908891	coop	yield	225
2908893	coop	yield	226
2908895	coop	yield	227
2908897	coop	yield	228
2908899	coop	yield	229
2908901	coop	yield	230
2908903	coop	yield	231
2908905	coop	yield	232
2908907	coop	yield	233
2908909	coop	yield	234
2908911	coop	yield	235
2908913	coop	yield	236
2908915	coop	yield	237
2908917	coop	yield	238
2908919	coop	yield	239
2908921	coop	yield	240
2908923	coop	yield	241
2908925	coop	yield	242
2908927	coop	yield	243
2908929	coop	yield	244
2908931	coop	yield	245
2908933	coop	yield	246
2908934	coop	yield	247
2908936	coop	yield	248
2908938	coop	yield	249
2908941	coop	yield	206
2908943	coop	yield	207
2908945	coop	yield	208
2910025	timer	op	62
2910027	timer	op	63
2910033	timer	op	90
2910036	timer	op	117
2910069	timer	op	170
2911197	timer	op	99
2911200	timer	op	134
2911204	timer	op	95
2911212	timer	op	103
2911222	timer	op	166
2911229	timer	op	171
2911251	timer	op	73
2911268	timer	op	43
2911270	timer	op	44
2911282	lifecycle	wave	253
2911286	lifecycle	wave	254
2911302	coop	yield	209
2911304	coop	yield	200
2911306	coop	yield	201
2911308	coop	yield	202
2911310	coop	yield	203
2911312	coop	yield	204
2911314	coop	yield	205
2911336	lifecycle	wave	250
2911340	lifecycle	wave	251
2911343	lifecycle	wave	259
2911346	lifecycle	wave	256
2911350	lifecycle	wave	258
2911353	lifecycle	wave	255
2912467	timer	op	52
2912473	timer	op	2
2912476	timer	op	3
2912478	timer	op	4
2912480	timer	op	5
2912503	timer	op	127
2912523	timer	op	88
2912528	timer	op	26
2912534	timer	op	45
2912543	timer	op	98
2912545	timer	op	30
2912560	lifecycle	wave	257
2912564	lifecycle	wave	252
2913661	timer	op	91
2913673	timer	op	72
2913680	timer	op	104
2913693	timer	op	123
2913703	timer	op	96
2913715	timer	op	157
2913731	timer	op	121
2913733	heartbeat	tick	1024
2914837	timer	op	46
2914850	timer	op	47
2914857	timer	op	102
2914867	timer	op	115
2914869	timer	op	116
2914872	timer	op	156
2914881	timer	op	184
2914900	timer	op	31
2914902	timer	op	32
2915997	timer	op	41
2916000	timer	op	141
2916002	timer	op	142
2916004	timer	op	143
2916011	timer	op	100
2916014	timer	op	152
2916024	timer	op	38
2916026	timer	op	39
2916029	timer	op	36
2916038	timer	op	159
2916048	timer	op	131
2916051	timer	op	132
2916053	timer	op	194
2916055	timer	op	195
2916057	timer	op	196
2916059	timer	op	197
2916065	timer	op	128
2916085	timer	op	92
2916087	timer	op	65
2916097	timer	op	138
2916099	timer	op	139
2916101	timer	op	140
2917198	timer	op	29
2917203	timer	op	78
2917207	timer	op	79
2917209	timer	op	80
2917214	timer	op	42
2917217	timer	op	199
2917224	timer	op	37
2917259	timer	op	40
2917290	lifecycle	wave	255
2917294	lifecycle	wave	258
2917298	lifecycle	wave	256
2917301	lifecycle	wave	259
2917304	lifecycle	wave	251
2917315	lifecycle	wave	250
2917318	lifecycle	wave	254
2917321	lifecycle	wave	253
2917325	lifecycle	wave	252
2917328	lifecycle	wave	257
2918462	timer	op	22
2918477	timer	op	85
2918513	timer	op	129
2918515	timer	op	130
2918518	timer	op	23
2919597	timer	op	137
2919599	timer	op	158
2919603	timer	op	18
2919647	timer	op	93
2919649	timer	op	94
2919655	timer	op	74
2919657	timer	op	75
2919666	timer	op	7
2919672	timer	op	187
2920776	timer	op	9
2920792	timer	op	179
2920795	timer	op	180
2920797	timer	op	181
2920811	timer	op	6
2920821	timer	op	188
2920823	timer	op	189
2920825	timer	op	190
2920828	timer	op	82
2920832	timer	op	193
2920835	timer	op	183
2920852	timer	op	185
2920854	timer	op	186
2921972	timer	op	0
2921974	timer	op	64
2921995	timer	op	191
2921997	timer	op	192
2922014	timer	op	69
2922019	timer	op	76
2922025	timer	op	77
2923130	timer	op	33
2923133	timer	op	34
2923135	timer	op	35
2923171	timer	op	27
2923173	timer	op	28
2923180	timer	op	14
2923182	timer	op	15
2923184	timer	op	178
2923234	lifecycle	wave	257
2923238	lifecycle	wave	252
2923241	lifecycle	wave	253
2923244	lifecycle	wave	254
2923247	lifecycle	wave	250
2923252	timer	op	21
2923254	timer	op	19
2923257	timer	op	20
2923297	timer	op	16
2923299	timer	op	17
2923318	lifecycle	wave	251
2923322	lifecycle	wave	259
2923325	lifecycle	wave	256
2923329	lifecycle	wave	258
2923332	lifecycle	wave	255
2924472	timer	op	10
2924475	timer	op	11
2924477	timer	op	12
2924479	timer	op	13
2924501	timer	op	24
2924504	timer	op	8
2924508	timer	op	136
2924511	timer	op	114
2925605	timer	op	161
2925629	timer	op	86
2925657	timer	op	162
2926812	timer	op	81
2929163	lifecycle	wave	255
2929168	lifecycle	wave	258
2929172	lifecycle	wave	256
2929175	lifecycle	wave	259
2929178	lifecycle	wave	251
2929181	lifecycle	wave	250
2929184	lifecycle	wave	254
2929187	lifecycle	wave	253
2929191	lifecycle	wave	252
2929194	lifecycle	wave	257
2929248	timer	op	101
2930463	timer	op	160
2935103	lifecycle	wave	257
2935108	lifecycle	wave	252
2935111	lifecycle	wave	253
2935114	lifecycle	wave	254
2935117	lifecycle	wave	250
2935121	lifecycle	wave	251
2935124	lifecycle	wave	259
2935127	lifecycle	wave	256
2935130	lifecycle	wave	258
2935133	lifecycle	wave	255
2939899	lifecycle	wave	259
2939904	lifecycle	wave	251
2939907	lifecycle	wave	250
2939910	lifecycle	wave	254
2939917	lifecycle	wave	253
2939921	lifecycle	wave	252
2939924	lifecycle	wave	257
2941101	lifecycle	wave	255
2941106	lifecycle	wave	258
2941109	lifecycle	wave	256
2943442	network	connect	1025
2943518	network	connect	1026
2943567	network	connect	1027
2943618	network	connect	1028
2943664	network	connect	1029
2943710	network	connect	1030
2943755	network	connect	1031
2943804	network	connect	1032
2943850	network	connect	1033
2943895	network	connect	1034
2943941	network	connect	1035
2943989	network	connect	1036
2944035	network	connect	1037
2944081	network	connect	1038
2944126	network	connect	1039
2944553	lifecycle	wave	257
2944559	lifecycle	wave	252
2944562	lifecycle	wave	253
2944566	lifecycle	wave	254
2944569	lifecycle	wave	250
2944572	lifecycle	wave	251
2944575	lifecycle	wave	259
2944587	network	reply	1025
2944603	network	reply	1026
2944616	network	reply	1027
2944629	network	reply	1028
2944641	network	reply	1029
2944654	network	reply	1030
2944666	network	reply	1031
2944679	network	reply	1032
2944691	network	reply	1033
2944704	network	reply	1034
2944716	network	reply	1035
2944729	network	reply	1036
2944741	network	reply	1037
2944754	network	reply	1038
2944766	network	reply	1039
2946272	lifecycle	wave	256
2946278	lifecycle	wave	258
2946282	lifecycle	wave	255
2949664	timer	op	87
2949763	lifecycle	wave	259
2949767	lifecycle	wave	251
2949771	lifecycle	wave	250
2949774	lifecycle	wave	254
2949777	lifecycle	wave	253
2949780	lifecycle	wave	252
2949783	lifecycle	wave	257
2952031	timer	op	163
2952034	timer	op	164
2952036	timer	op	165
2952121	lifecycle	wave	255
2952125	lifecycle	wave	258
2952128	lifecycle	wave	256
2953264	timer	op	57
2953266	timer	op	58
2953269	timer	op	59
2953285	timer	op	61
2953289	timer	op	53
2953293	timer	op	54
2953295	timer	op	55
2953298	timer	op	56
2954389	timer	op	167
2954392	timer	op	168
2954394	timer	op	169
2954397	timer	op	1
2954409	timer	op	97
2954464	timer	op	51
2954490	lifecycle	wave	257
2954494	lifecycle	wave	252
2954497	lifecycle	wave	253
2954500	lifecycle	wave	254
2954503	lifecycle	wave	250
2954507	lifecycle	wave	251
2954510	lifecycle	wave	259
2955678	timer	op	70
2955681	timer	op	71
2956768	timer	op	198
2956773	timer	op	151
2956775	timer	op	135
2956777	timer	op	83
2956779	timer	op	84
2956799	timer	op	173
2956819	timer	op	48
2956821	timer	op	49
2956823	timer	op	50
2956843	timer	op	112
2956879	lifecycle	wave	256
2956883	lifecycle	wave	258
2956886	lifecycle	wave	255
2957978	timer	op	113
2958025	timer	op	149
2958037	timer	op	126
2958052	timer	op	155
2958055	timer	op	68
2959134	timer	op	182
2959151	timer	op	174
2959242	timer	op	60
2959285	lifecycle	wave	259
2959289	lifecycle	wave	251
2959303	lifecycle	wave	250
2959306	lifecycle	wave	254
2959309	lifecycle	wave	253
2959312	lifecycle	wave	252
2959316	lifecycle	wave	257
2960438	timer	op	172
2961572	timer	op	150
2961608	timer	op	66
2961614	timer	op	89
2961646	lifecycle	wave	255
2961649	lifecycle	wave	258
2961653	lifecycle	wave	256
2962738	timer	op	177
2962771	timer	op	133
2962792	timer	op	124
2962811	timer	op	122
2962815	timer	op	107
2962817	timer	op	108
2962819	timer	op	109
2962822	timer	op	110
2962824	timer	op	111
2962826	timer	op	147
2962835	timer	op	118
2963924	timer	op	176
2963945	timer	op	120
2963980	timer	op	67
2963982	timer	op	119
2963987	timer	op	153
2963990	timer	op	154
2964011	heartbeat	tick	1040
2965103	timer	op	106
2965106	timer	op	148
2965116	timer	op	25
2965138	timer	op	125
2965147	timer	op	175
2965158	timer	op	105
2965162	timer	op	144
2965164	timer	op	145
2965167	timer	op	146
2965199	lifecycle	wave	257
2965203	lifecycle	wave	252
2965207	lifecycle	wave	253
2965210	lifecycle	wave	254
2965213	lifecycle	wave	250
2965251	timer	op	62
2965253	timer	op	63
2965259	timer	op	90
2965262	timer	op	117
2965303	lifecycle	wave	251
2965308	lifecycle	wave	259
2966426	timer	op	73
2966448	timer	op	43
2966450	timer	op	44
2966468	timer	op	99
2966471	timer	op	134
2966477	timer	op	95
2966487	timer	op	103
2966492	timer	op	166
2966504	timer	op	170
2966511	lifecycle	wave	256
2966516	lifecycle	wave	258
2966519	lifecycle	wave	255
2967602	timer	op	171
2967631	timer	op	88
2967639	timer	op	26
2967646	timer	op	45
2967658	timer	op	98
2967660	timer	op	30
2967662	timer	op	123
2967666	timer	op	96
2967679	timer	op	52
2967687	timer	op	2
2967689	timer	op	3
2967691	timer	op	4
2967694	timer	op	5
2967714	timer	op	31
2967716	timer	op	32
2968811	timer	op	157
2968828	timer	op	121
2968833	timer	op	46
2968841	timer	op	91
2968859	timer	op	72
2968864	timer	op	104
2968872	timer	op	127
2969973	timer	op	47
2969980	timer	op	102
2969989	timer	op	115
2969992	timer	op	116
2969995	timer	op	156
2970006	timer	op	184
2970013	timer	op	128
2971150	timer	op	92
2971153	timer	op	65
2971165	timer	op	138
2971167	timer	op	139
2971169	timer	op	140
2971172	timer	op	42
2971175	timer	op	199
2971183	timer	op	41
2971185	timer	op	141
2971188	timer	op	142
2971190	timer	op	143
2971194	timer	op	100
2971197	timer	op	152
2971209	timer	op	38
2971213	timer	op	39
2971216	timer	op	36
2971223	timer	op	159
2971257	lifecycle	wave	259
2971261	lifecycle	wave	251
2971265	lifecycle	wave	250
2971268	lifecycle	wave	254
2971271	lifecycle	wave	253
2971294	timer	op	29
2971299	timer	op	78
2971302	timer	op	79
2971304	timer	op	80
2971330	lifecycle	wave	252
2971334	lifecycle	wave	257
2971346	lifecycle	wave	255
2971350	lifecycle	wave	258
2971353	lifecycle	wave	256
2972486	timer	op	129
2972489	timer	op	130
2972491	timer	op	23
2972502	timer	op	131
2972505	timer	op	132
2972507	timer	op	194
2972509	timer	op	195
2972511	timer	op	196
2972514	timer	op	197
2972547	timer	op	40
2973637	timer	op	22
2973654	timer	op	85
2973664	timer	op	37
2973670	timer	op	137
2973673	timer	op	158
2973676	timer	op	18
2974792	timer	op	188
2974794	timer	op	189
2974796	timer	op	190
2974799	timer	op	82
2974803	timer	op	193
2974806	timer	op	183
2974818	timer	op	185
2974821	timer	op	186
2974850	timer	op	93
2974852	timer	op	94
2974857	timer	op	74
2974859	timer	op	75
2974868	timer	op	7
2974873	timer	op	187
2975986	timer	op	9
2976003	timer	op	179
2976005	timer	op	180
2976007	timer	op	181
2976040	timer	op	0
2976043	timer	op	64
2977148	timer	op	27
2977150	timer	op	28
2977155	timer	op	14
2977157	timer	op	15
2977159	timer	op	178
2977188	timer	op	6
2977198	timer	op	191
2977200	timer	op	192
2977214	timer	op	69
2977219	timer	op	76
2977227	timer	op	77
2977258	lifecycle	wave	256
2977262	lifecycle	wave	258
2977265	lifecycle	wave	255
2977268	lifecycle	wave	257
2977272	lifecycle	wave	252
2977308	lifecycle	wave	253
2977312	lifecycle	wave	254
2977316	lifecycle	wave	250
2977319	lifecycle	wave	251
2977322	lifecycle	wave	259
2978444	timer	op	161
2978464	timer	op	21
2978467	timer	op	19
2978469	timer	op	20
2978477	timer	op	33
2978479	timer	op	34
2978481	timer	op	35
2978517	timer	op	136
2978520	timer	op	114
2979604	timer	op	86
2979645	timer	op	16
2979647	timer	op	17
2979655	timer	op	24
2979657	timer	op	8
2980803	timer	op	10
2980805	timer	op	11
2980807	timer	op	12
2980810	timer	op	13
2980836	timer	op	81
2981954	timer	op	162
2983129	lifecycle	wave	259
2983133	lifecycle	wave	251
2983136	lifecycle	wave	250
2983140	lifecycle	wave	254
2983143	lifecycle	wave	253
2983146	lifecycle	wave	252
2983149	lifecycle	wave	257
2983152	lifecycle	wave	255
2983155	lifecycle	wave	258
2983159	lifecycle	wave	256
2983198	timer	op	101
2984444	timer	op	160
2989065	lifecycle	wave	256
2989070	lifecycle	wave	258
2989073	lifecycle	wave	255
2989076	lifecycle	wave	257
2989080	lifecycle	wave	252
2989083	lifecycle	wave	253
2989086	lifecycle	wave	254
2989089	lifecycle	wave	250
2989092	lifecycle	wave	251
2989095	lifecycle	wave	259
2993775	lifecycle	wave	259
2993780	lifecycle	wave	251
2993783	lifecycle	wave	250
2993786	lifecycle	wave	254
2993789	lifecycle	wave	253
2993793	lifecycle	wave	252
2993796	lifecycle	wave	257
2993799	lifecycle	wave	255
2993802	lifecycle	wave	258
2993805	lifecycle	wave	256
2998457	lifecycle	wave	256
2998462	lifecycle	wave	258
2998465	lifecycle	wave	255
2998468	lifecycle	wave	257
2998471	lifecycle	wave	252
2998475	lifecycle	wave	253
2998478	lifecycle	wave	254
2998481	lifecycle	wave	250
2998484	lifecycle	wave	251
2998487	lifecycle	wave	259
3000746	lifecycle	done	177
3000749	lifecycle	done	32
3000751	lifecycle	done	31
3000754	lifecycle	done	68
3000760	lifecycle	done	167
3000762	lifecycle	done	168
3000764	lifecycle	done	169
3000767	lifecycle	done	87
3000769	lifecycle	done	155
3000771	lifecycle	done	1
3000773	lifecycle	done	56
3000776	lifecycle	done	55
3000778	lifecycle	done	54
3000780	lifecycle	done	53
3000782	lifecycle	done	198
3000785	lifecycle	done	71
3000787	lifecycle	done	70
3000789	lifecycle	done	163
3000791	lifecycle	done	164
3000794	lifecycle	done	165
3000796	lifecycle	done	61
3000798	lifecycle	done	97
3000801	lifecycle	done	182
3000803	lifecycle	done	151
3000805	lifecycle	done	135
3000808	lifecycle	done	83
3000810	lifecycle	done	84
3000812	lifecycle	done	161
3000815	lifecycle	done	188
3000817	lifecycle	done	189
3000819	lifecycle	done	190
3000821	lifecycle	done	27
3000824	lifecycle	done	28
3000826	lifecycle	done	82
3000828	lifecycle	done	80
3000831	lifecycle	done	79
3000833	lifecycle	done	78
3000835	lifecycle	done	126
3000838	lifecycle	done	73
3000840	lifecycle	done	193
3000842	lifecycle	done	14
3000845	lifecycle	done	15
3000847	lifecycle	done	178
3000849	lifecycle	done	183
3000851	lifecycle	done	154
3000854	lifecycle	done	64
3000856	lifecycle	done	0
3000858	lifecycle	done	29
3000860	lifecycle	done	153
3000863	lifecycle	done	5
3000865	lifecycle	done	4
3000868	lifecycle	done	3
3000870	lifecycle	done	2
3000872	lifecycle	done	106
3000875	lifecycle	done	60
3000877	lifecycle	done	119
3000879	lifecycle	done	148
3000881	lifecycle	done	67
3000884	lifecycle	done	157
3000886	lifecycle	done	174
3000888	lifecycle	done	59
3000891	lifecycle	done	58
3000893	lifecycle	done	140
3000895	lifecycle	done	121
3000897	lifecycle	done	8
3000900	lifecycle	done	24
3000902	lifecycle	done	42
3000904	lifecycle	done	96
3000907	lifecycle	done	199
3000909	lifecycle	done	128
3000911	lifecycle	done	21
3000913	lifecycle	done	46
3000916	lifecycle	done	19
3000918	lifecycle	done	20
3000920	lifecycle	done	123
3000922	lifecycle	done	30
3000925	lifecycle	done	98
3000927	lifecycle	done	17
3000929	lifecycle	done	16
3000932	lifecycle	done	184
3000934	lifecycle	done	41
3000936	lifecycle	done	40
3000938	lifecycle	done	141
3000941	lifecycle	done	142
3000943	lifecycle	done	143
3000945	lifecycle	done	77
3000947	lifecycle	done	33
3000950	lifecycle	done	34
3000952	lifecycle	done	35
3000954	lifecycle	done	91
3000957	lifecycle	done	45
3000959	lifecycle	done	9
3000961	lifecycle	done	187
3000964	lifecycle	done	100
3000966	lifecycle	done	152
3000968	lifecycle	done	113
3000970	lifecycle	done	99
3000973	lifecycle	done	125
3000975	lifecycle	done	76
3000977	lifecycle	done	134
3000980	lifecycle	done	7
3000982	lifecycle	done	22
3000984	lifecycle	done	124
3000986	lifecycle	done	156
3000989	lifecycle	done	26
3000991	lifecycle	done	95
3000993	lifecycle	done	120
3000996	lifecycle	done	116
3000998	lifecycle	done	115
3001000	lifecycle	done	69
3001002	lifecycle	done	112
3001005	lifecycle	done	51
3001007	lifecycle	done	88
3001009	lifecycle	done	175
3001011	lifecycle	done	38
3001014	lifecycle	done	39
3001016	lifecycle	done	75
3001018	lifecycle	done	74
3001020	lifecycle	done	36
3001023	lifecycle	done	72
3001025	lifecycle	done	10
3001027	lifecycle	done	11
3001030	lifecycle	done	12
3001032	lifecycle	done	13
3001034	lifecycle	done	162
3001036	lifecycle	done	102
3001039	lifecycle	done	103
3001041	lifecycle	done	94
3001044	lifecycle	done	93
3001046	lifecycle	done	104
3001048	lifecycle	done	179
3001051	lifecycle	done	180
3001053	lifecycle	done	181
3001055	lifecycle	done	150
3001057	lifecycle	done	159
3001060	lifecycle	done	166
3001062	lifecycle	done	105
3001064	lifecycle	done	85
3001066	lifecycle	done	122
3001068	lifecycle	done	192
3001071	lifecycle	done	191
3001073	lifecycle	done	47
3001075	lifecycle	done	144
3001077	lifecycle	done	145
3001080	lifecycle	done	146
3001082	lifecycle	done	107
3001084	lifecycle	done	108
3001087	lifecycle	done	127
3001089	lifecycle	done	118
3001091	lifecycle	done	48
3001094	lifecycle	done	49
3001096	lifecycle	done	50
3001098	lifecycle	done	197
3001100	lifecycle	done	196
3001102	lifecycle	done	195
3001105	lifecycle	done	194
3001107	lifecycle	done	132
3001109	lifecycle	done	131
3001112	lifecycle	done	37
3001116	lifecycle	done	176
3001118	lifecycle	done	6
3001121	lifecycle	done	170
3001123	lifecycle	done	171
3001125	lifecycle	done	147
3001128	lifecycle	done	111
3001130	lifecycle	done	110
3001132	lifecycle	done	109
3001135	lifecycle	done	139
3001137	lifecycle	done	138
3001139	lifecycle	done	62
3001142	lifecycle	done	63
3001144	lifecycle	done	137
3001146	lifecycle	done	158
3001149	lifecycle	done	136
3001151	lifecycle	done	114
3001153	lifecycle	done	101
3001156	lifecycle	done	160
3001158	lifecycle	done	86
3001160	lifecycle	done	18
3001162	lifecycle	done	44
3001164	lifecycle	done	43
3001166	lifecycle	done	133
3001169	lifecycle	done	90
3001171	lifecycle	done	66
3001173	lifecycle	done	25
3001175	lifecycle	done	173
3001178	lifecycle	done	117
3001180	lifecycle	done	81
3001182	lifecycle	done	23
3001184	lifecycle	done	130
3001186	lifecycle	done	129
3001188	lifecycle	done	186
3001191	lifecycle	done	185
3001193	lifecycle	done	65
3001195	lifecycle	done	92
3001198	lifecycle	done	52
3001200	lifecycle	done	172
3001202	lifecycle	done	89
3001204	lifecycle	done	149
3001207	lifecycle	done	57
3001209	lifecycle	done	209
3001211	lifecycle	done	208
3001213	lifecycle	done	207
3001215	lifecycle	done	206
3001218	lifecycle	done	200
3001219	lifecycle	done	201
3001222	lifecycle	done	202
3001224	lifecycle	done	203
3001226	lifecycle	done	204
3001228	lifecycle	done	205
3001230	lifecycle	done	249
3001232	lifecycle	done	248
3001234	lifecycle	done	247
3001236	lifecycle	done	246
3001239	lifecycle	done	245
3001241	lifecycle	done	244
3001243	lifecycle	done	243
3001245	lifecycle	done	242
3001247	lifecycle	done	241
3001249	lifecycle	done	240
3001251	lifecycle	done	239
3001253	lifecycle	done	238
3001255	lifecycle	done	237
3001257	lifecycle	done	236
3001259	lifecycle	done	235
3001262	lifecycle	done	234
3001264	lifecycle	done	233
3001266	lifecycle	done	232
3001268	lifecycle	done	231
3001270	lifecycle	done	230
3001272	lifecycle	done	229
3001275	lifecycle	done	228
3001277	lifecycle	done	227
3001279	lifecycle	done	226
3001281	lifecycle	done	225
3001283	lifecycle	done	224
3001286	lifecycle	done	223
3001288	lifecycle	done	222
3001290	lifecycle	done	221
3001292	lifecycle	done	220
3001294	lifecycle	done	219
3001297	lifecycle	done	218
3001299	lifecycle	done	217
3001301	lifecycle	done	216
3001303	lifecycle	done	215
3001305	lifecycle	done	214
3001307	lifecycle	done	213
3001310	lifecycle	done	212
3001312	lifecycle	done	211
3001314	lifecycle	done	210
3003419	lifecycle	wave	259
3003422	lifecycle	done	259
3003424	lifecycle	wave	251
3003426	lifecycle	done	251
3003429	lifecycle	wave	250
3003431	lifecycle	done	250
3003433	lifecycle	wave	254
3003435	lifecycle	done	254
3003437	lifecycle	wave	253
3003439	lifecycle	done	253
3003442	lifecycle	wave	252
3003444	lifecycle	done	252
3003446	lifecycle	wave	257
3003448	lifecycle	done	257
3003450	lifecycle	wave	255
3003452	lifecycle	done	255
3003455	lifecycle	wave	258
3003456	lifecycle	done	258
3003459	lifecycle	wave	256
3003461	lifecycle	done	256
3004520	network	close	261
3013583	heartbeat	tick	1041
3013585	heartbeat	done	260
